schema_version,population,axis,level,horizon,n,outcomes_known,outcome_coverage,players,seasons,forecast_mean,planning_mean,actual_mean,forecast_over_actual,played_fraction,deviance_positive_rates,zero_lam_n,zero_lam_positive_outcome_n,zero_lam_outcome_tds
1,all_eligible,overall,all,0,103027,103027,1,2550,15,0.286925402398,0.286925402398,0.279586904404,1.02624764565,0.738883981869,0.697733706315,0,0,0
1,all_eligible,position,QB,0,16690,16690,1,313,15,0.797368551345,0.797368551345,0.748951467945,1.06464648976,0.526482923907,1.13516097921,0,0,0
1,all_eligible,position,RB,0,26017,26017,1,703,15,0.239126551872,0.239126551872,0.23515393781,1.01689367441,0.767767229119,0.676139183121,0,0,0
1,all_eligible,position,WR,0,38104,38104,1,1043,15,0.183681061085,0.183681061085,0.192237035482,0.95549258042,0.835240394709,0.633906510055,0,0,0
1,all_eligible,position,TE,0,22216,22216,1,536,15,0.136507186681,0.136507186681,0.1288260713,1.05962392009,0.69936082103,0.503875001404,0,0,0
1,all_eligible,rate_bin,"(-0.001, 0.05]",0,14029,14029,1,1336,15,0.0370791036736,0.0370791036736,0.0603749376292,0.614147279147,0.598046902844,0.371564438527,0,0,0
1,all_eligible,rate_bin,"(0.05, 0.1]",0,26007,26007,1,2142,15,0.0731341931934,0.0731341931934,0.0886684354212,0.824805274233,0.646633598647,0.461265607643,0,0,0
1,all_eligible,rate_bin,"(0.1, 0.15]",0,16878,16878,1,1979,15,0.12308280819,0.12308280819,0.140774973338,0.874323079392,0.671169569854,0.621722559662,0,0,0
1,all_eligible,rate_bin,"(0.15, 0.2]",0,10503,10503,1,1401,15,0.173241016092,0.173241016092,0.206417214129,0.839276011077,0.707607350281,0.783639351174,0,0,0
1,all_eligible,rate_bin,"(0.2, 0.3]",0,11729,11729,1,1132,15,0.244204898308,0.244204898308,0.276323642254,0.883764039571,0.849603546764,0.878846983382,0,0,0
1,all_eligible,rate_bin,"(0.3, 0.4]",0,6427,6427,1,701,15,0.346629652732,0.346629652732,0.366267309787,0.946384357735,0.949120896219,0.931333145871,0,0,0
1,all_eligible,rate_bin,"(0.4, 0.6]",0,6327,6327,1,529,15,0.482840910827,0.482840910827,0.440493124704,1.09613722383,0.971866603446,0.982898669667,0,0,0
1,all_eligible,rate_bin,"(0.6, 0.8]",0,2724,2724,1,341,15,0.68822180033,0.68822180033,0.586270190896,1.17389867508,0.95080763583,1.10416735892,0,0,0
1,all_eligible,rate_bin,"(0.8, 1.0]",0,1510,1510,1,253,15,0.89315569466,0.89315569466,0.714569536424,1.24992131505,0.85761589404,1.21557438048,0,0,0
1,all_eligible,rate_bin,"(1.0, inf]",0,6893,6893,1,223,15,1.72226228641,1.72226228641,1.45800087045,1.18124914828,0.87900768896,1.24718663098,0,0,0
1,all_eligible,availability,full,0,98471,98471,1,2548,15,0.28850158349,0.28850158349,0.282276000041,1.02205495135,0.740360106021,0.698516960061,0,0,0
1,all_eligible,availability,questionable,0,4556,4556,1,1187,15,0.252858649049,0.252858649049,0.22146619842,1.14174827063,0.706979806848,0.680804869715,0,0,0
1,all_eligible,overall,all,1,98533,92781,0.941623618483,2499,15,0.290426775803,0.286070374166,0.284627240491,1.03585435968,0.73640077171,0.725398109677,0,0,0
1,all_eligible,position,QB,1,15272,15272,1,280,15,0.809614750264,0.79747052901,0.754649030906,1.07283613588,0.526911995809,1.20600483479,0,0,0
1,all_eligible,position,RB,1,23354,23354,1,628,15,0.244691240802,0.24102087219,0.237775113471,1.02908684273,0.761025948446,0.698488566084,0,0,0
1,all_eligible,position,WR,1,34061,34061,1,912,15,0.189399147306,0.186558160096,0.196382959984,0.964437786873,0.83329908106,0.649304316438,0,0,0
1,all_eligible,position,TE,1,20094,20094,1,488,15,0.140577379833,0.138468719136,0.131432268339,1.06958041286,0.702747088683,0.520384188434,0,0,0
1,all_eligible,rate_bin,"(-0.001, 0.05]",1,12927,12121,0.937649880096,1295,15,0.0372352129954,0.0366766848005,0.0661661579078,0.562473692773,0.604075571322,0.400533365865,0,0,0
1,all_eligible,rate_bin,"(0.05, 0.1]",1,24782,23001,0.928133322573,2101,15,0.0731809606098,0.0720832462006,0.0942567714447,0.776224004072,0.654754141124,0.484011839942,0,0,0
1,all_eligible,rate_bin,"(0.1, 0.15]",1,16062,14851,0.924604656954,1930,15,0.122920556794,0.121076748442,0.155410410073,0.79156701346,0.680560231634,0.667419837514,0,0,0
1,all_eligible,rate_bin,"(0.15, 0.2]",1,10082,9603,0.9524895854,1381,15,0.173080938064,0.170484723993,0.203165677392,0.85186537927,0.695407685098,0.780306248117,0,0,0
1,all_eligible,rate_bin,"(0.2, 0.3]",1,11282,10777,0.955238432902,1112,15,0.244041820797,0.240381193485,0.273359933191,0.892282164015,0.829729980514,0.874941952087,0,0,0
1,all_eligible,rate_bin,"(0.3, 0.4]",1,6384,6118,0.958333333333,688,15,0.346177177157,0.340984519499,0.347826086957,0.995337972629,0.920235371036,0.932564700622,0,0,0
1,all_eligible,rate_bin,"(0.4, 0.6]",1,6270,5980,0.95374800638,519,15,0.484891284871,0.477617915598,0.435618729097,1.11276370057,0.940301003344,0.985369627644,0,0,0
1,all_eligible,rate_bin,"(0.6, 0.8]",1,2622,2508,0.95652173913,332,15,0.689062130519,0.678726198561,0.555821371611,1.23935694665,0.915869218501,1.09976630514,0,0,0
1,all_eligible,rate_bin,"(0.8, 1.0]",1,1455,1402,0.963573883162,255,15,0.891908989483,0.878530354641,0.651212553495,1.3702622533,0.828102710414,1.25936805353,0,0,0
1,all_eligible,rate_bin,"(1.0, inf]",1,6667,6420,0.962951852407,220,15,1.72406893235,1.69820789836,1.43193146417,1.20828385121,0.857320872274,1.30208244774,0,0,0
1,all_eligible,availability,full,1,98533,92781,0.941623618483,2499,15,0.290426775803,0.286070374166,0.284627240491,1.03585435968,0.73640077171,0.725398109677,0,0,0
1,all_eligible,overall,all,2-3,177400,161246,0.908940248027,2467,15,0.291561357644,0.280834335569,0.290556044801,1.02523636286,0.741550177989,0.747434684234,0,0,0
1,all_eligible,position,QB,2-3,26829,26829,1,270,15,0.81363354779,0.783737035779,0.762644899176,1.06685765376,0.532446233553,1.26033037808,0,0,0
1,all_eligible,position,RB,2-3,40339,40339,1,607,15,0.246274045134,0.237230533632,0.245940652966,1.00135557975,0.765933711793,0.722661900372,0,0,0
1,all_eligible,position,WR,2-3,59077,59077,1,888,15,0.191493220235,0.184459436044,0.199045313743,0.962058420941,0.838617397634,0.660501901875,0,0,0
1,all_eligible,position,TE,2-3,35001,35001,1,472,15,0.141626830785,0.136423914038,0.134567583783,1.05245874826,0.709894003028,0.52957115866,0,0,0
1,all_eligible,rate_bin,"(-0.001, 0.05]",2-3,22618,20383,0.901184896985,1315,15,0.0374473858421,0.0360722556087,0.0718736201737,0.52062559233,0.614139233675,0.429789313265,0,0,0
1,all_eligible,rate_bin,"(0.05, 0.1]",2-3,44608,39779,0.891745875179,2133,15,0.0732507307614,0.070556015614,0.099851680535,0.73309441879,0.664018703336,0.50470664094,0,0,0
1,all_eligible,rate_bin,"(0.1, 0.15]",2-3,29047,25909,0.891968189486,1994,15,0.122951150288,0.118427517471,0.160677756764,0.766412560122,0.692500675441,0.687525729324,0,0,0
1,all_eligible,rate_bin,"(0.15, 0.2]",2-3,18401,16951,0.921199934786,1448,15,0.172977150847,0.166610226118,0.216801368651,0.798491861068,0.698660845968,0.826894889373,0,0,0
1,all_eligible,rate_bin,"(0.2, 0.3]",2-3,20492,18896,0.922115947687,1153,15,0.244125039671,0.235142309323,0.27582557155,0.885094762019,0.823983911939,0.878009176396,0,0,0
1,all_eligible,rate_bin,"(0.3, 0.4]",2-3,11452,10595,0.925165909885,724,15,0.345637980313,0.332915594906,0.352902312412,0.979381442701,0.918735252478,0.921343703924,0,0,0
1,all_eligible,rate_bin,"(0.4, 0.6]",2-3,11380,10585,0.93014059754,546,15,0.483636935768,0.465850481667,0.428153046764,1.12975288452,0.935852621634,0.985054351152,0,0,0
1,all_eligible,rate_bin,"(0.6, 0.8]",2-3,4658,4305,0.924216401889,354,15,0.687206037012,0.661871502025,0.542392566783,1.26758869715,0.914285714286,1.11827142384,0,0,0
1,all_eligible,rate_bin,"(0.8, 1.0]",2-3,2669,2488,0.932184338704,276,15,0.894076360398,0.861399743632,0.672025723473,1.33046716932,0.83038585209,1.28831013356,0,0,0
1,all_eligible,rate_bin,"(1.0, inf]",2-3,12075,11355,0.940372670807,230,15,1.72274752309,1.65933497211,1.41664464993,1.22182806997,0.849229414355,1.32586176326,0,0,0
1,all_eligible,availability,full,2-3,177400,161246,0.908940248027,2467,15,0.291561357644,0.280834335569,0.290556044801,1.02523636286,0.741550177989,0.747434684234,0,0,0
1,all_eligible,overall,all,4-6,220096,193238,0.877971430648,2411,15,0.292848995058,0.271767183457,0.295423260435,1.01848994999,0.747363355034,0.772368375486,0,0,0
1,all_eligible,position,QB,4-6,32555,32555,1,263,15,0.81535381157,0.756729599307,0.769344186761,1.05980369463,0.53749040086,1.33316586713,0,0,0
1,all_eligible,position,RB,4-6,48120,48120,1,583,15,0.248215372098,0.23037102018,0.251267664173,0.98785242787,0.772610141313,0.744326088047,0,0,0
1,all_eligible,position,WR,4-6,70640,70640,1,839,15,0.193578534032,0.179660995891,0.202010192525,0.958261222425,0.844450736127,0.673513252151,0,0,0
1,all_eligible,position,TE,4-6,41923,41923,1,454,15,0.142646783155,0.132389662232,0.135486487131,1.05284878349,0.717768289483,0.535642913174,0,0,0
1,all_eligible,rate_bin,"(-0.001, 0.05]",4-6,26505,22995,0.867572156197,1275,15,0.0378850909146,0.0351647828201,0.0821482931072,0.461005137567,0.621526418787,0.483931372523,0,0,0
1,all_eligible,rate_bin,"(0.05, 0.1]",4-6,55380,47321,0.854478150957,2101,15,0.0732275353419,0.0679543655804,0.105999450561,0.690039603313,0.677437078675,0.531005550837,0,0,0
1,all_eligible,rate_bin,"(0.1, 0.15]",4-6,36484,31453,0.862103935972,1955,15,0.122686942412,0.113847047284,0.168696149811,0.72810955056,0.702667472101,0.714509882323,0,0,0
1,all_eligible,rate_bin,"(0.15, 0.2]",4-6,23351,20876,0.894008821892,1442,15,0.173180791834,0.160719635701,0.219821804943,0.788424006248,0.692326116114,0.837422400092,0,0,0
1,all_eligible,rate_bin,"(0.2, 0.3]",4-6,25934,23233,0.895851006401,1164,15,0.244137129952,0.226549070812,0.273619420652,0.891534602139,0.825248568846,0.873001592047,0,0,0
1,all_eligible,rate_bin,"(0.3, 0.4]",4-6,14290,12772,0.893771868439,744,15,0.346289723369,0.321344418203,0.357109301597,0.970145814737,0.919041653617,0.933494029677,0,0,0
1,all_eligible,rate_bin,"(0.4, 0.6]",4-6,13879,12493,0.900136897471,539,15,0.482813706791,0.448070665645,0.424717841992,1.13658910596,0.937004722645,0.974198674249,0,0,0
1,all_eligible,rate_bin,"(0.6, 0.8]",4-6,5992,5383,0.898364485981,345,15,0.68638935305,0.637004729881,0.543005758871,1.26425259425,0.911016161991,1.1346207961,0,0,0
1,all_eligible,rate_bin,"(0.8, 1.0]",4-6,3197,2875,0.89928057554,270,15,0.893942120392,0.829569339601,0.637217391304,1.40274085099,0.827826086957,1.26983660957,0,0,0
1,all_eligible,rate_bin,"(1.0, inf]",4-6,15084,13837,0.91732962079,224,15,1.71862040726,1.59492052255,1.39538917395,1.23993875519,0.839416058394,1.36630450506,0,0,0
1,all_eligible,availability,full,4-6,220096,193238,0.877971430648,2411,15,0.292848995058,0.271767183457,0.295423260435,1.01848994999,0.747363355034,0.772368375486,0,0,0
1,all_eligible,overall,all,7+,363276,304284,0.837611072573,2331,15,0.29494021244,0.252986190972,0.301221884818,1.00882074374,0.75512021664,0.818298052479,0,0,0
1,all_eligible,position,QB,7+,51416,51416,1,260,15,0.816629146393,0.701365521239,0.777189979773,1.05074585062,0.549770499455,1.47187264404,0,0,0
1,all_eligible,position,RB,7+,76078,76078,1,564,15,0.250326563339,0.21490103184,0.259023633639,0.966423641818,0.776886879256,0.782216233684,0,0,0
1,all_eligible,position,WR,7+,110781,110781,1,826,15,0.197731574696,0.169716247824,0.20728283731,0.953921594585,0.851283162275,0.697659760407,0,0,0
1,all_eligible,position,TE,7+,66009,66009,1,443,15,0.144350510627,0.123940013446,0.136769228439,1.05543119805,0.728597615477,0.553262557996,0,0,0
1,all_eligible,rate_bin,"(-0.001, 0.05]",7+,36939,30283,0.819811039822,1227,15,0.0391168705356,0.0336707586484,0.0950037975102,0.412318461118,0.628537463263,0.55551687699,0,0,0
1,all_eligible,rate_bin,"(0.05, 0.1]",7+,91509,74351,0.812499317007,2073,15,0.0738972763141,0.0634027178966,0.120374978144,0.614133435671,0.695215935226,0.590267121356,0,0,0
1,all_eligible,rate_bin,"(0.1, 0.15]",7+,64124,52628,0.820722350446,1945,15,0.122667130059,0.105026263047,0.181481340731,0.677157446651,0.721593068329,0.756623643607,0,0,0
1,all_eligible,rate_bin,"(0.15, 0.2]",7+,39247,33556,0.854995286264,1455,15,0.173115309298,0.148443652246,0.228066515675,0.759382382797,0.696090118012,0.860675081516,0,0,0
1,all_eligible,rate_bin,"(0.2, 0.3]",7+,44379,38245,0.861781473219,1159,15,0.244410536802,0.209473967433,0.282285266048,0.865281524454,0.817727807557,0.892834871399,0,0,0
1,all_eligible,rate_bin,"(0.3, 0.4]",7+,24100,20613,0.85531120332,778,15,0.345747415204,0.296312550005,0.345849706496,0.999750532075,0.911803230971,0.926359569371,0,0,0
1,all_eligible,rate_bin,"(0.4, 0.6]",7+,23532,20229,0.859637939827,568,15,0.483797078291,0.414804721114,0.419496762074,1.15330818447,0.933610163626,0.976702693092,0,0,0
1,all_eligible,rate_bin,"(0.6, 0.8]",7+,9367,8121,0.866979822782,374,15,0.686652004083,0.589806367905,0.534293806182,1.28470762117,0.91158724295,1.12316622471,0,0,0
1,all_eligible,rate_bin,"(0.8, 1.0]",7+,5120,4399,0.8591796875,278,15,0.894133093709,0.768423917961,0.60786542396,1.47092616959,0.803137076608,1.30470154069,0,0,0
1,all_eligible,rate_bin,"(1.0, inf]",7+,24959,21859,0.875796305942,240,15,1.71094921896,1.46800139722,1.33592570566,1.29238707,0.81531634567,1.45135097199,0,0,0
1,all_eligible,availability,full,7+,363276,304284,0.837611072573,2331,15,0.29494021244,0.252986190972,0.301221884818,1.00882074374,0.75512021664,0.818298052479,0,0,0
1,available,overall,all,0,103027,103027,1,2550,15,0.286925402398,0.286925402398,0.279586904404,1.02624764565,0.738883981869,0.697733706315,0,0,0
1,available,position,QB,0,16690,16690,1,313,15,0.797368551345,0.797368551345,0.748951467945,1.06464648976,0.526482923907,1.13516097921,0,0,0
1,available,position,RB,0,26017,26017,1,703,15,0.239126551872,0.239126551872,0.23515393781,1.01689367441,0.767767229119,0.676139183121,0,0,0
1,available,position,WR,0,38104,38104,1,1043,15,0.183681061085,0.183681061085,0.192237035482,0.95549258042,0.835240394709,0.633906510055,0,0,0
1,available,position,TE,0,22216,22216,1,536,15,0.136507186681,0.136507186681,0.1288260713,1.05962392009,0.69936082103,0.503875001404,0,0,0
1,available,rate_bin,"(-0.001, 0.05]",0,14029,14029,1,1336,15,0.0370791036736,0.0370791036736,0.0603749376292,0.614147279147,0.598046902844,0.371564438527,0,0,0
1,available,rate_bin,"(0.05, 0.1]",0,26007,26007,1,2142,15,0.0731341931934,0.0731341931934,0.0886684354212,0.824805274233,0.646633598647,0.461265607643,0,0,0
1,available,rate_bin,"(0.1, 0.15]",0,16878,16878,1,1979,15,0.12308280819,0.12308280819,0.140774973338,0.874323079392,0.671169569854,0.621722559662,0,0,0
1,available,rate_bin,"(0.15, 0.2]",0,10503,10503,1,1401,15,0.173241016092,0.173241016092,0.206417214129,0.839276011077,0.707607350281,0.783639351174,0,0,0
1,available,rate_bin,"(0.2, 0.3]",0,11729,11729,1,1132,15,0.244204898308,0.244204898308,0.276323642254,0.883764039571,0.849603546764,0.878846983382,0,0,0
1,available,rate_bin,"(0.3, 0.4]",0,6427,6427,1,701,15,0.346629652732,0.346629652732,0.366267309787,0.946384357735,0.949120896219,0.931333145871,0,0,0
1,available,rate_bin,"(0.4, 0.6]",0,6327,6327,1,529,15,0.482840910827,0.482840910827,0.440493124704,1.09613722383,0.971866603446,0.982898669667,0,0,0
1,available,rate_bin,"(0.6, 0.8]",0,2724,2724,1,341,15,0.68822180033,0.68822180033,0.586270190896,1.17389867508,0.95080763583,1.10416735892,0,0,0
1,available,rate_bin,"(0.8, 1.0]",0,1510,1510,1,253,15,0.89315569466,0.89315569466,0.714569536424,1.24992131505,0.85761589404,1.21557438048,0,0,0
1,available,rate_bin,"(1.0, inf]",0,6893,6893,1,223,15,1.72226228641,1.72226228641,1.45800087045,1.18124914828,0.87900768896,1.24718663098,0,0,0
1,available,availability,full,0,98471,98471,1,2548,15,0.28850158349,0.28850158349,0.282276000041,1.02205495135,0.740360106021,0.698516960061,0,0,0
1,available,availability,questionable,0,4556,4556,1,1187,15,0.252858649049,0.252858649049,0.22146619842,1.14174827063,0.706979806848,0.680804869715,0,0,0
1,available,overall,all,1,98533,92781,0.941623618483,2499,15,0.290426775803,0.286070374166,0.284627240491,1.03585435968,0.73640077171,0.725398109677,0,0,0
1,available,position,QB,1,15272,15272,1,280,15,0.809614750264,0.79747052901,0.754649030906,1.07283613588,0.526911995809,1.20600483479,0,0,0
1,available,position,RB,1,23354,23354,1,628,15,0.244691240802,0.24102087219,0.237775113471,1.02908684273,0.761025948446,0.698488566084,0,0,0
1,available,position,WR,1,34061,34061,1,912,15,0.189399147306,0.186558160096,0.196382959984,0.964437786873,0.83329908106,0.649304316438,0,0,0
1,available,position,TE,1,20094,20094,1,488,15,0.140577379833,0.138468719136,0.131432268339,1.06958041286,0.702747088683,0.520384188434,0,0,0
1,available,rate_bin,"(-0.001, 0.05]",1,12927,12121,0.937649880096,1295,15,0.0372352129954,0.0366766848005,0.0661661579078,0.562473692773,0.604075571322,0.400533365865,0,0,0
1,available,rate_bin,"(0.05, 0.1]",1,24782,23001,0.928133322573,2101,15,0.0731809606098,0.0720832462006,0.0942567714447,0.776224004072,0.654754141124,0.484011839942,0,0,0
1,available,rate_bin,"(0.1, 0.15]",1,16062,14851,0.924604656954,1930,15,0.122920556794,0.121076748442,0.155410410073,0.79156701346,0.680560231634,0.667419837514,0,0,0
1,available,rate_bin,"(0.15, 0.2]",1,10082,9603,0.9524895854,1381,15,0.173080938064,0.170484723993,0.203165677392,0.85186537927,0.695407685098,0.780306248117,0,0,0
1,available,rate_bin,"(0.2, 0.3]",1,11282,10777,0.955238432902,1112,15,0.244041820797,0.240381193485,0.273359933191,0.892282164015,0.829729980514,0.874941952087,0,0,0
1,available,rate_bin,"(0.3, 0.4]",1,6384,6118,0.958333333333,688,15,0.346177177157,0.340984519499,0.347826086957,0.995337972629,0.920235371036,0.932564700622,0,0,0
1,available,rate_bin,"(0.4, 0.6]",1,6270,5980,0.95374800638,519,15,0.484891284871,0.477617915598,0.435618729097,1.11276370057,0.940301003344,0.985369627644,0,0,0
1,available,rate_bin,"(0.6, 0.8]",1,2622,2508,0.95652173913,332,15,0.689062130519,0.678726198561,0.555821371611,1.23935694665,0.915869218501,1.09976630514,0,0,0
1,available,rate_bin,"(0.8, 1.0]",1,1455,1402,0.963573883162,255,15,0.891908989483,0.878530354641,0.651212553495,1.3702622533,0.828102710414,1.25936805353,0,0,0
1,available,rate_bin,"(1.0, inf]",1,6667,6420,0.962951852407,220,15,1.72406893235,1.69820789836,1.43193146417,1.20828385121,0.857320872274,1.30208244774,0,0,0
1,available,availability,full,1,98533,92781,0.941623618483,2499,15,0.290426775803,0.286070374166,0.284627240491,1.03585435968,0.73640077171,0.725398109677,0,0,0
1,available,overall,all,2-3,177400,161246,0.908940248027,2467,15,0.291561357644,0.280834335569,0.290556044801,1.02523636286,0.741550177989,0.747434684234,0,0,0
1,available,position,QB,2-3,26829,26829,1,270,15,0.81363354779,0.783737035779,0.762644899176,1.06685765376,0.532446233553,1.26033037808,0,0,0
1,available,position,RB,2-3,40339,40339,1,607,15,0.246274045134,0.237230533632,0.245940652966,1.00135557975,0.765933711793,0.722661900372,0,0,0
1,available,position,WR,2-3,59077,59077,1,888,15,0.191493220235,0.184459436044,0.199045313743,0.962058420941,0.838617397634,0.660501901875,0,0,0
1,available,position,TE,2-3,35001,35001,1,472,15,0.141626830785,0.136423914038,0.134567583783,1.05245874826,0.709894003028,0.52957115866,0,0,0
1,available,rate_bin,"(-0.001, 0.05]",2-3,22618,20383,0.901184896985,1315,15,0.0374473858421,0.0360722556087,0.0718736201737,0.52062559233,0.614139233675,0.429789313265,0,0,0
1,available,rate_bin,"(0.05, 0.1]",2-3,44608,39779,0.891745875179,2133,15,0.0732507307614,0.070556015614,0.099851680535,0.73309441879,0.664018703336,0.50470664094,0,0,0
1,available,rate_bin,"(0.1, 0.15]",2-3,29047,25909,0.891968189486,1994,15,0.122951150288,0.118427517471,0.160677756764,0.766412560122,0.692500675441,0.687525729324,0,0,0
1,available,rate_bin,"(0.15, 0.2]",2-3,18401,16951,0.921199934786,1448,15,0.172977150847,0.166610226118,0.216801368651,0.798491861068,0.698660845968,0.826894889373,0,0,0
1,available,rate_bin,"(0.2, 0.3]",2-3,20492,18896,0.922115947687,1153,15,0.244125039671,0.235142309323,0.27582557155,0.885094762019,0.823983911939,0.878009176396,0,0,0
1,available,rate_bin,"(0.3, 0.4]",2-3,11452,10595,0.925165909885,724,15,0.345637980313,0.332915594906,0.352902312412,0.979381442701,0.918735252478,0.921343703924,0,0,0
1,available,rate_bin,"(0.4, 0.6]",2-3,11380,10585,0.93014059754,546,15,0.483636935768,0.465850481667,0.428153046764,1.12975288452,0.935852621634,0.985054351152,0,0,0
1,available,rate_bin,"(0.6, 0.8]",2-3,4658,4305,0.924216401889,354,15,0.687206037012,0.661871502025,0.542392566783,1.26758869715,0.914285714286,1.11827142384,0,0,0
1,available,rate_bin,"(0.8, 1.0]",2-3,2669,2488,0.932184338704,276,15,0.894076360398,0.861399743632,0.672025723473,1.33046716932,0.83038585209,1.28831013356,0,0,0
1,available,rate_bin,"(1.0, inf]",2-3,12075,11355,0.940372670807,230,15,1.72274752309,1.65933497211,1.41664464993,1.22182806997,0.849229414355,1.32586176326,0,0,0
1,available,availability,full,2-3,177400,161246,0.908940248027,2467,15,0.291561357644,0.280834335569,0.290556044801,1.02523636286,0.741550177989,0.747434684234,0,0,0
1,available,overall,all,4-6,220096,193238,0.877971430648,2411,15,0.292848995058,0.271767183457,0.295423260435,1.01848994999,0.747363355034,0.772368375486,0,0,0
1,available,position,QB,4-6,32555,32555,1,263,15,0.81535381157,0.756729599307,0.769344186761,1.05980369463,0.53749040086,1.33316586713,0,0,0
1,available,position,RB,4-6,48120,48120,1,583,15,0.248215372098,0.23037102018,0.251267664173,0.98785242787,0.772610141313,0.744326088047,0,0,0
1,available,position,WR,4-6,70640,70640,1,839,15,0.193578534032,0.179660995891,0.202010192525,0.958261222425,0.844450736127,0.673513252151,0,0,0
1,available,position,TE,4-6,41923,41923,1,454,15,0.142646783155,0.132389662232,0.135486487131,1.05284878349,0.717768289483,0.535642913174,0,0,0
1,available,rate_bin,"(-0.001, 0.05]",4-6,26505,22995,0.867572156197,1275,15,0.0378850909146,0.0351647828201,0.0821482931072,0.461005137567,0.621526418787,0.483931372523,0,0,0
1,available,rate_bin,"(0.05, 0.1]",4-6,55380,47321,0.854478150957,2101,15,0.0732275353419,0.0679543655804,0.105999450561,0.690039603313,0.677437078675,0.531005550837,0,0,0
1,available,rate_bin,"(0.1, 0.15]",4-6,36484,31453,0.862103935972,1955,15,0.122686942412,0.113847047284,0.168696149811,0.72810955056,0.702667472101,0.714509882323,0,0,0
1,available,rate_bin,"(0.15, 0.2]",4-6,23351,20876,0.894008821892,1442,15,0.173180791834,0.160719635701,0.219821804943,0.788424006248,0.692326116114,0.837422400092,0,0,0
1,available,rate_bin,"(0.2, 0.3]",4-6,25934,23233,0.895851006401,1164,15,0.244137129952,0.226549070812,0.273619420652,0.891534602139,0.825248568846,0.873001592047,0,0,0
1,available,rate_bin,"(0.3, 0.4]",4-6,14290,12772,0.893771868439,744,15,0.346289723369,0.321344418203,0.357109301597,0.970145814737,0.919041653617,0.933494029677,0,0,0
1,available,rate_bin,"(0.4, 0.6]",4-6,13879,12493,0.900136897471,539,15,0.482813706791,0.448070665645,0.424717841992,1.13658910596,0.937004722645,0.974198674249,0,0,0
1,available,rate_bin,"(0.6, 0.8]",4-6,5992,5383,0.898364485981,345,15,0.68638935305,0.637004729881,0.543005758871,1.26425259425,0.911016161991,1.1346207961,0,0,0
1,available,rate_bin,"(0.8, 1.0]",4-6,3197,2875,0.89928057554,270,15,0.893942120392,0.829569339601,0.637217391304,1.40274085099,0.827826086957,1.26983660957,0,0,0
1,available,rate_bin,"(1.0, inf]",4-6,15084,13837,0.91732962079,224,15,1.71862040726,1.59492052255,1.39538917395,1.23993875519,0.839416058394,1.36630450506,0,0,0
1,available,availability,full,4-6,220096,193238,0.877971430648,2411,15,0.292848995058,0.271767183457,0.295423260435,1.01848994999,0.747363355034,0.772368375486,0,0,0
1,available,overall,all,7+,363276,304284,0.837611072573,2331,15,0.29494021244,0.252986190972,0.301221884818,1.00882074374,0.75512021664,0.818298052479,0,0,0
1,available,position,QB,7+,51416,51416,1,260,15,0.816629146393,0.701365521239,0.777189979773,1.05074585062,0.549770499455,1.47187264404,0,0,0
1,available,position,RB,7+,76078,76078,1,564,15,0.250326563339,0.21490103184,0.259023633639,0.966423641818,0.776886879256,0.782216233684,0,0,0
1,available,position,WR,7+,110781,110781,1,826,15,0.197731574696,0.169716247824,0.20728283731,0.953921594585,0.851283162275,0.697659760407,0,0,0
1,available,position,TE,7+,66009,66009,1,443,15,0.144350510627,0.123940013446,0.136769228439,1.05543119805,0.728597615477,0.553262557996,0,0,0
1,available,rate_bin,"(-0.001, 0.05]",7+,36939,30283,0.819811039822,1227,15,0.0391168705356,0.0336707586484,0.0950037975102,0.412318461118,0.628537463263,0.55551687699,0,0,0
1,available,rate_bin,"(0.05, 0.1]",7+,91509,74351,0.812499317007,2073,15,0.0738972763141,0.0634027178966,0.120374978144,0.614133435671,0.695215935226,0.590267121356,0,0,0
1,available,rate_bin,"(0.1, 0.15]",7+,64124,52628,0.820722350446,1945,15,0.122667130059,0.105026263047,0.181481340731,0.677157446651,0.721593068329,0.756623643607,0,0,0
1,available,rate_bin,"(0.15, 0.2]",7+,39247,33556,0.854995286264,1455,15,0.173115309298,0.148443652246,0.228066515675,0.759382382797,0.696090118012,0.860675081516,0,0,0
1,available,rate_bin,"(0.2, 0.3]",7+,44379,38245,0.861781473219,1159,15,0.244410536802,0.209473967433,0.282285266048,0.865281524454,0.817727807557,0.892834871399,0,0,0
1,available,rate_bin,"(0.3, 0.4]",7+,24100,20613,0.85531120332,778,15,0.345747415204,0.296312550005,0.345849706496,0.999750532075,0.911803230971,0.926359569371,0,0,0
1,available,rate_bin,"(0.4, 0.6]",7+,23532,20229,0.859637939827,568,15,0.483797078291,0.414804721114,0.419496762074,1.15330818447,0.933610163626,0.976702693092,0,0,0
1,available,rate_bin,"(0.6, 0.8]",7+,9367,8121,0.866979822782,374,15,0.686652004083,0.589806367905,0.534293806182,1.28470762117,0.91158724295,1.12316622471,0,0,0
1,available,rate_bin,"(0.8, 1.0]",7+,5120,4399,0.8591796875,278,15,0.894133093709,0.768423917961,0.60786542396,1.47092616959,0.803137076608,1.30470154069,0,0,0
1,available,rate_bin,"(1.0, inf]",7+,24959,21859,0.875796305942,240,15,1.71094921896,1.46800139722,1.33592570566,1.29238707,0.81531634567,1.45135097199,0,0,0
1,available,availability,full,7+,363276,304284,0.837611072573,2331,15,0.29494021244,0.252986190972,0.301221884818,1.00882074374,0.75512021664,0.818298052479,0,0,0
1,depleted,overall,all,0,5405,5405,1,270,15,1.23152611226,1.23152611226,1.03274745606,1.1924755709,0.968732654949,1.07404234613,0,0,0
1,depleted,position,QB,0,1835,1835,1,61,15,2.25744640515,2.25744640515,1.91825613079,1.17682220269,0.9689373297,1.0882167655,0,0,0
1,depleted,position,RB,0,1769,1769,1,105,15,0.749696022688,0.749696022688,0.650084793669,1.15322805577,0.962690785755,1.08850879564,0,0,0
1,depleted,position,WR,0,1445,1445,1,79,15,0.650812320805,0.650812320805,0.518339100346,1.25557250142,0.979238754325,1.04298351368,0,0,0
1,depleted,position,TE,0,356,356,1,25,14,0.694798920317,0.694798920317,0.457865168539,1.51747494253,0.955056179775,1.05516258264,0,0,0
1,depleted,rate_bin,"(0.1, 0.15]",0,2,2,1,1,1,0.106591147569,0.106591147569,0,,0.5,0.213182295138,0,0,0
1,depleted,rate_bin,"(0.15, 0.2]",0,8,8,1,5,4,0.189703501515,0.189703501515,0.25,0.758814006059,0.5,1.06408445195,0,0,0
1,depleted,rate_bin,"(0.2, 0.3]",0,51,51,1,33,14,0.258863833912,0.258863833912,0.352941176471,0.733447529418,0.882352941176,1.0424534398,0,0,0
1,depleted,rate_bin,"(0.3, 0.4]",0,219,219,1,91,15,0.360885810302,0.360885810302,0.470319634703,0.767320315109,0.926940639269,1.03817909993,0,0,0
1,depleted,rate_bin,"(0.4, 0.6]",0,1095,1095,1,188,15,0.509403662578,0.509403662578,0.441095890411,1.15485923504,0.957077625571,0.9721193287,0,0,0
1,depleted,rate_bin,"(0.6, 0.8]",0,1146,1146,1,163,15,0.695062791587,0.695062791587,0.599476439791,1.15944972221,0.979930191972,1.10224406432,0,0,0
1,depleted,rate_bin,"(0.8, 1.0]",0,649,649,1,107,15,0.886657902973,0.886657902973,0.681047765794,1.30190266749,0.981510015408,1.11630234775,0,0,0
1,depleted,rate_bin,"(1.0, inf]",0,2235,2235,1,122,15,2.07277486791,2.07277486791,1.72125279642,1.20422454634,0.973154362416,1.10228675884,0,0,0
1,depleted,availability,full,0,5072,5072,1,266,15,1.26112357439,1.26112357439,1.0648659306,1.184302679,0.977326498423,1.07324203705,0,0,0
1,depleted,availability,questionable,0,333,333,1,129,15,0.780720322837,0.780720322837,0.543543543544,1.43635285914,0.837837837838,1.08623203887,0,0,0
1,common_top1,overall,all,0,780,780,1,284,15,1.26687412658,1.26687412658,1.03333333333,1.22600721927,0.970512820513,1.0341162039,0,0,0
1,common_top1,position,QB,0,260,260,1,66,15,2.25080244546,2.25080244546,1.89230769231,1.18944844679,0.953846153846,0.970454139325,0,0,0
1,common_top1,position,RB,0,260,260,1,112,15,0.831774672203,0.831774672203,0.742307692308,1.12052546514,0.976923076923,1.10710785373,0,0,0
1,common_top1,position,WR,0,203,203,1,80,15,0.721187995916,0.721187995916,0.458128078818,1.5742060556,0.975369458128,1.0090827279,0,0,0
1,common_top1,position,TE,0,57,57,1,26,15,0.706852718675,0.706852718675,0.491228070175,1.4389501773,1,1.08071451025,0,0,0
1,common_top1,rate_bin,"(0.4, 0.6]",0,84,84,1,74,15,0.546072494976,0.546072494976,0.428571428571,1.27416915494,0.988095238095,0.967448965189,0,0,0
1,common_top1,rate_bin,"(0.6, 0.8]",0,247,247,1,147,15,0.698462992247,0.698462992247,0.538461538462,1.29714555703,0.97975708502,1.05764999022,0,0,0
1,common_top1,rate_bin,"(0.8, 1.0]",0,128,128,1,84,15,0.878345414456,0.878345414456,0.75,1.17112721927,0.96875,1.03001235276,0,0,0
1,common_top1,rate_bin,"(1.0, inf]",0,321,321,1,106,15,2.04779799693,2.04779799693,1.68535825545,1.21505204624,0.959501557632,1.03508971099,0,0,0
1,common_top1,availability,full,0,767,767,1,280,15,1.27555123214,1.27555123214,1.03780964798,1.22908014454,0.971316818774,1.02733476383,0,0,0
1,common_top1,availability,questionable,0,13,13,1,13,8,0.754924898209,0.754924898209,0.769230769231,0.981402367671,0.923076923077,1.43422116791,0,0,0
1,common_top3,overall,all,0,2340,2340,1,373,15,1.15104571138,1.15104571138,0.977777777778,1.17720584118,0.970512820513,1.09573822829,0,0,0
1,common_top3,position,QB,0,780,780,1,83,15,2.07379588965,2.07379588965,1.79230769231,1.15705350066,0.946153846154,1.10056962721,0,0,0
1,common_top3,position,RB,0,780,780,1,140,15,0.729015275337,0.729015275337,0.665384615385,1.09562989357,0.980769230769,1.13160192842,0,0,0
1,common_top3,position,WR,0,606,606,1,113,15,0.652230688164,0.652230688164,0.476897689769,1.36765327691,0.985148514851,1.0444257841,0,0,0
1,common_top3,position,TE,0,174,174,1,37,15,0.643692292564,0.643692292564,0.471264367816,1.3658836452,0.98275862069,1.09202077956,0,0,0
1,common_top3,rate_bin,"(0.3, 0.4]",0,3,3,1,3,3,0.395701288908,0.395701288908,0.666666666667,0.593551933363,1,0.700917357853,0,0,0
1,common_top3,rate_bin,"(0.4, 0.6]",0,511,511,1,218,15,0.529827254904,0.529827254904,0.477495107632,1.10959724285,0.978473581213,1.08752235265,0,0,0
1,common_top3,rate_bin,"(0.6, 0.8]",0,724,724,1,216,15,0.686026443587,0.686026443587,0.548342541436,1.25109104574,0.986187845304,1.06732249275,0,0,0
1,common_top3,rate_bin,"(0.8, 1.0]",0,230,230,1,99,15,0.876849078066,0.876849078066,0.75652173913,1.15905337905,0.978260869565,1.08796554773,0,0,0
1,common_top3,rate_bin,"(1.0, inf]",0,872,872,1,128,15,1.97610057384,1.97610057384,1.6869266055,1.1714205985,0.950688073394,1.12755415044,0,0,0
1,common_top3,availability,full,0,2274,2274,1,373,15,1.16479189769,1.16479189769,0.991204925242,1.17512722952,0.973175021988,1.09765917844,0,0,0
1,common_top3,availability,questionable,0,66,66,1,54,15,0.677427110257,0.677427110257,0.515151515152,1.31500556697,0.878787878788,1.02955276401,0,0,0
1,common_top5,overall,all,0,3900,3900,1,426,15,1.07741808629,1.07741808629,0.930769230769,1.15755662164,0.964102564103,1.0804951928,0,0,0
1,common_top5,position,QB,0,1300,1300,1,93,15,1.95371091646,1.95371091646,1.68538461538,1.15920775509,0.93,1.12897891352,0,0,0
1,common_top5,position,RB,0,1300,1300,1,163,15,0.668280524249,0.668280524249,0.62,1.0778718133,0.977692307692,1.10015570506,0,0,0
1,common_top5,position,WR,0,988,988,1,128,15,0.612385753529,0.612385753529,0.486842105263,1.25787343968,0.984817813765,1.0024084734,0,0,0
1,common_top5,position,TE,0,312,312,1,42,15,0.603540189542,0.603540189542,0.487179487179,1.23884565222,0.983974358974,1.04383550013,0,0,0
1,common_top5,rate_bin,"(0.3, 0.4]",0,41,41,1,31,8,0.377622853988,0.377622853988,0.463414634146,0.814870369132,0.90243902439,0.866634673032,0,0,0
1,common_top5,rate_bin,"(0.4, 0.6]",0,1183,1183,1,291,15,0.519811841352,0.519811841352,0.491969568893,1.05659348508,0.979712595097,1.03431292113,0,0,0
1,common_top5,rate_bin,"(0.6, 0.8]",0,1017,1017,1,236,15,0.680428824944,0.680428824944,0.544739429695,1.24909046023,0.985250737463,1.06100680693,0,0,0
1,common_top5,rate_bin,"(0.8, 1.0]",0,267,267,1,106,15,0.876746735524,0.876746735524,0.790262172285,1.10943781225,0.98127340824,1.06107724512,0,0,0
1,common_top5,rate_bin,"(1.0, inf]",0,1392,1392,1,138,15,1.90044762777,1.90044762777,1.62643678161,1.16847309976,0.933908045977,1.14400538616,0,0,0
1,common_top5,availability,full,0,3778,3778,1,426,15,1.09073178737,1.09073178737,0.944150344097,1.15525222672,0.967178401271,1.08145264352,0,0,0
1,common_top5,availability,questionable,0,122,122,1,85,15,0.665129867631,0.665129867631,0.516393442623,1.28802926748,0.868852459016,1.05084561231,0,0,0
1,common_top10,overall,all,0,7800,7800,1,573,15,0.954583612756,0.954583612756,0.835128205128,1.14303840643,0.944871794872,1.08933934349,0,0,0
1,common_top10,position,QB,0,2600,2600,1,132,15,1.74246261909,1.74246261909,1.50884615385,1.15483120307,0.878461538462,1.23208035457,0,0,0
1,common_top10,position,RB,0,2600,2600,1,211,15,0.57602548478,0.57602548478,0.545769230769,1.05543781566,0.970769230769,1.04512395462,0,0,0
1,common_top10,position,WR,0,1973,1973,1,167,15,0.547367213542,0.547367213542,0.45869234668,1.19332100809,0.986315255955,0.98656406135,0,0,0
1,common_top10,position,TE,0,627,627,1,63,15,0.538640505768,0.538640505768,0.425837320574,1.26489736748,0.982456140351,1.00418625562,0,0,0
1,common_top10,rate_bin,"(0.2, 0.3]",0,29,29,1,24,4,0.285964397776,0.285964397776,0.310344827586,0.921440837277,0.896551724138,0.731603612509,0,0,0
1,common_top10,rate_bin,"(0.3, 0.4]",0,407,407,1,171,15,0.367768720495,0.367768720495,0.420147420147,0.875332568664,0.933660933661,0.941797275558,0,0,0
1,common_top10,rate_bin,"(0.4, 0.6]",0,3128,3128,1,408,15,0.495738698951,0.495738698951,0.454603580563,1.09048568939,0.981138107417,0.999017407644,0,0,0
1,common_top10,rate_bin,"(0.6, 0.8]",0,1273,1273,1,258,15,0.677799870148,0.677799870148,0.55223880597,1.22736733243,0.981146897093,1.06217727354,0,0,0
1,common_top10,rate_bin,"(0.8, 1.0]",0,325,325,1,130,15,0.880725446313,0.880725446313,0.772307692308,1.14038155399,0.926153846154,1.09177019459,0,0,0
1,common_top10,rate_bin,"(1.0, inf]",0,2638,2638,1,173,15,1.73920837288,1.73920837288,1.50037907506,1.15917930461,0.88893100834,1.235942172,0,0,0
1,common_top10,availability,full,0,7504,7504,1,572,15,0.966685374957,0.966685374957,0.849013859275,1.13859787375,0.94842750533,1.08910917336,0,0,0
1,common_top10,availability,questionable,0,296,296,1,155,15,0.647787587237,0.647787587237,0.483108108108,1.34087500575,0.85472972973,1.09517446735,0,0,0
1,selected_greedy,overall,all,0,780,780,1,284,15,1.26687412658,1.26687412658,1.03333333333,1.22600721927,0.970512820513,1.0341162039,0,0,0
1,selected_greedy,position,QB,0,260,260,1,66,15,2.25080244546,2.25080244546,1.89230769231,1.18944844679,0.953846153846,0.970454139325,0,0,0
1,selected_greedy,position,RB,0,260,260,1,112,15,0.831774672203,0.831774672203,0.742307692308,1.12052546514,0.976923076923,1.10710785373,0,0,0
1,selected_greedy,position,WR,0,203,203,1,80,15,0.721187995916,0.721187995916,0.458128078818,1.5742060556,0.975369458128,1.0090827279,0,0,0
1,selected_greedy,position,TE,0,57,57,1,26,15,0.706852718675,0.706852718675,0.491228070175,1.4389501773,1,1.08071451025,0,0,0
1,selected_greedy,rate_bin,"(0.4, 0.6]",0,84,84,1,74,15,0.546072494976,0.546072494976,0.428571428571,1.27416915494,0.988095238095,0.967448965189,0,0,0
1,selected_greedy,rate_bin,"(0.6, 0.8]",0,247,247,1,147,15,0.698462992247,0.698462992247,0.538461538462,1.29714555703,0.97975708502,1.05764999022,0,0,0
1,selected_greedy,rate_bin,"(0.8, 1.0]",0,128,128,1,84,15,0.878345414456,0.878345414456,0.75,1.17112721927,0.96875,1.03001235276,0,0,0
1,selected_greedy,rate_bin,"(1.0, inf]",0,321,321,1,106,15,2.04779799693,2.04779799693,1.68535825545,1.21505204624,0.959501557632,1.03508971099,0,0,0
1,selected_greedy,availability,full,0,767,767,1,280,15,1.27555123214,1.27555123214,1.03780964798,1.22908014454,0.971316818774,1.02733476383,0,0,0
1,selected_greedy,availability,questionable,0,13,13,1,13,8,0.754924898209,0.754924898209,0.769230769231,0.981402367671,0.923076923077,1.43422116791,0,0,0
1,selected_optimizer,overall,all,0,780,780,1,297,15,1.31908723071,1.31908723071,1.08846153846,1.21188226143,0.975641025641,1.07853890906,0,0,0
1,selected_optimizer,position,QB,0,260,260,1,68,15,2.35325046109,2.35325046109,1.98846153846,1.1834528431,0.957692307692,1.08210513081,0,0,0
1,selected_optimizer,position,RB,0,260,260,1,113,15,0.866515069105,0.866515069105,0.746153846154,1.1613088555,0.973076923077,1.13143981621,0,0,0
1,selected_optimizer,position,WR,0,204,204,1,88,15,0.735036145619,0.735036145619,0.509803921569,1.44180167025,0.995098039216,1.02642083775,0,0,0
1,selected_optimizer,position,TE,0,56,56,1,28,15,0.746457649991,0.746457649991,0.607142857143,1.22945965881,1,1.00622878466,0,0,0
1,selected_optimizer,rate_bin,"(0.3, 0.4]",0,1,1,1,1,1,0.384933575723,0.384933575723,1,0.384933575723,1,0.679236131783,0,0,0
1,selected_optimizer,rate_bin,"(0.4, 0.6]",0,98,98,1,84,15,0.545803914076,0.545803914076,0.387755102041,1.40759956788,0.989795918367,0.908685746359,0,0,0
1,selected_optimizer,rate_bin,"(0.6, 0.8]",0,205,205,1,139,15,0.691070198164,0.691070198164,0.570731707317,1.21084949251,0.980487804878,1.04655331352,0,0,0
1,selected_optimizer,rate_bin,"(0.8, 1.0]",0,124,124,1,84,15,0.883827550486,0.883827550486,0.798387096774,1.10701632586,0.983870967742,1.07231629823,0,0,0
1,selected_optimizer,rate_bin,"(1.0, inf]",0,352,352,1,122,15,2.05610885204,2.05610885204,1.6875,1.21843487528,0.965909090909,1.14778198733,0,0,0
1,selected_optimizer,availability,full,0,766,766,1,294,15,1.32559737834,1.32559737834,1.09921671018,1.20594725868,0.976501305483,1.07772214668,0,0,0
1,selected_optimizer,availability,questionable,0,14,14,1,13,10,0.962889153565,0.962889153565,0.5,1.92577830713,0.928571428571,1.12322747945,0,0,0
