schema_version,model,seed,season,k,rank,delta,covered_cells,jointly_empty_cells,total_cells
1,cal-level-pooled,-1,2016,1,rank_available,0,51,0,51
1,cal-level-pooled,-1,2016,3,rank_available,0,51,0,51
1,cal-level-pooled,-1,2016,5,rank_available,0,51,0,51
1,cal-level-pooled,-1,2016,10,rank_available,0,51,0,51
1,cal-level-pooled,-1,2016,1,rank_in_slot,0,51,0,51
1,cal-level-pooled,-1,2016,3,rank_in_slot,0,51,0,51
1,cal-level-pooled,-1,2016,5,rank_in_slot,0,51,0,51
1,cal-level-pooled,-1,2016,10,rank_in_slot,0,51,0,51
1,cal-level-position,-1,2016,1,rank_available,0,51,0,51
1,cal-level-position,-1,2016,3,rank_available,0,51,0,51
1,cal-level-position,-1,2016,5,rank_available,-0.0156862745098,51,0,51
1,cal-level-position,-1,2016,10,rank_available,0.00588235294118,51,0,51
1,cal-level-position,-1,2016,1,rank_in_slot,-0.0392156862745,51,0,51
1,cal-level-position,-1,2016,3,rank_in_slot,0.0196078431373,51,0,51
1,cal-level-position,-1,2016,5,rank_in_slot,-0.0117647058824,51,0,51
1,cal-level-position,-1,2016,10,rank_in_slot,0.00196078431373,51,0,51
1,cal-logaffine-pooled,-1,2016,1,rank_available,0,51,0,51
1,cal-logaffine-pooled,-1,2016,3,rank_available,0,51,0,51
1,cal-logaffine-pooled,-1,2016,5,rank_available,0,51,0,51
1,cal-logaffine-pooled,-1,2016,10,rank_available,0,51,0,51
1,cal-logaffine-pooled,-1,2016,1,rank_in_slot,0,51,0,51
1,cal-logaffine-pooled,-1,2016,3,rank_in_slot,0,51,0,51
1,cal-logaffine-pooled,-1,2016,5,rank_in_slot,0,51,0,51
1,cal-logaffine-pooled,-1,2016,10,rank_in_slot,0,51,0,51
1,cal-logaffine-position,-1,2016,1,rank_available,0,51,0,51
1,cal-logaffine-position,-1,2016,3,rank_available,0,51,0,51
1,cal-logaffine-position,-1,2016,5,rank_available,-0.0196078431373,51,0,51
1,cal-logaffine-position,-1,2016,10,rank_available,0.0078431372549,51,0,51
1,cal-logaffine-position,-1,2016,1,rank_in_slot,-0.0392156862745,51,0,51
1,cal-logaffine-position,-1,2016,3,rank_in_slot,0.0196078431373,51,0,51
1,cal-logaffine-position,-1,2016,5,rank_in_slot,-0.0156862745098,51,0,51
1,cal-logaffine-position,-1,2016,10,rank_in_slot,0.00196078431373,51,0,51
1,cal-level-pooled,-1,2017,1,rank_available,0,51,0,51
1,cal-level-pooled,-1,2017,3,rank_available,0,51,0,51
1,cal-level-pooled,-1,2017,5,rank_available,0,51,0,51
1,cal-level-pooled,-1,2017,10,rank_available,0,51,0,51
1,cal-level-pooled,-1,2017,1,rank_in_slot,0,51,0,51
1,cal-level-pooled,-1,2017,3,rank_in_slot,0,51,0,51
1,cal-level-pooled,-1,2017,5,rank_in_slot,0,51,0,51
1,cal-level-pooled,-1,2017,10,rank_in_slot,0,51,0,51
1,cal-level-position,-1,2017,1,rank_available,0.0196078431373,51,0,51
1,cal-level-position,-1,2017,3,rank_available,0.00653594771242,51,0,51
1,cal-level-position,-1,2017,5,rank_available,-0.0274509803922,51,0,51
1,cal-level-position,-1,2017,10,rank_available,0.0078431372549,51,0,51
1,cal-level-position,-1,2017,1,rank_in_slot,0,51,0,51
1,cal-level-position,-1,2017,3,rank_in_slot,-0.00653594771242,51,0,51
1,cal-level-position,-1,2017,5,rank_in_slot,0.0196078431373,51,0,51
1,cal-level-position,-1,2017,10,rank_in_slot,-5.44226972855e-19,51,0,51
1,cal-logaffine-pooled,-1,2017,1,rank_available,0,51,0,51
1,cal-logaffine-pooled,-1,2017,3,rank_available,0,51,0,51
1,cal-logaffine-pooled,-1,2017,5,rank_available,0,51,0,51
1,cal-logaffine-pooled,-1,2017,10,rank_available,0,51,0,51
1,cal-logaffine-pooled,-1,2017,1,rank_in_slot,0,51,0,51
1,cal-logaffine-pooled,-1,2017,3,rank_in_slot,0,51,0,51
1,cal-logaffine-pooled,-1,2017,5,rank_in_slot,0,51,0,51
1,cal-logaffine-pooled,-1,2017,10,rank_in_slot,0,51,0,51
1,cal-logaffine-position,-1,2017,1,rank_available,0.0196078431373,51,0,51
1,cal-logaffine-position,-1,2017,3,rank_available,0.00653594771242,51,0,51
1,cal-logaffine-position,-1,2017,5,rank_available,-0.0235294117647,51,0,51
1,cal-logaffine-position,-1,2017,10,rank_available,0.0078431372549,51,0,51
1,cal-logaffine-position,-1,2017,1,rank_in_slot,0.0196078431373,51,0,51
1,cal-logaffine-position,-1,2017,3,rank_in_slot,-0.00653594771242,51,0,51
1,cal-logaffine-position,-1,2017,5,rank_in_slot,0.0156862745098,51,0,51
1,cal-logaffine-position,-1,2017,10,rank_in_slot,0.00196078431373,51,0,51
1,cal-level-pooled,-1,2018,1,rank_available,0,51,0,51
1,cal-level-pooled,-1,2018,3,rank_available,0,51,0,51
1,cal-level-pooled,-1,2018,5,rank_available,0,51,0,51
1,cal-level-pooled,-1,2018,10,rank_available,0,51,0,51
1,cal-level-pooled,-1,2018,1,rank_in_slot,0,51,0,51
1,cal-level-pooled,-1,2018,3,rank_in_slot,0,51,0,51
1,cal-level-pooled,-1,2018,5,rank_in_slot,0,51,0,51
1,cal-level-pooled,-1,2018,10,rank_in_slot,0,51,0,51
1,cal-level-position,-1,2018,1,rank_available,-0.0392156862745,51,0,51
1,cal-level-position,-1,2018,3,rank_available,0.0326797385621,51,0,51
1,cal-level-position,-1,2018,5,rank_available,0.0196078431373,51,0,51
1,cal-level-position,-1,2018,10,rank_available,-1.08845394571e-18,51,0,51
1,cal-level-position,-1,2018,1,rank_in_slot,0,51,0,51
1,cal-level-position,-1,2018,3,rank_in_slot,0.0130718954248,51,0,51
1,cal-level-position,-1,2018,5,rank_in_slot,0.0274509803922,51,0,51
1,cal-level-position,-1,2018,10,rank_in_slot,-0.00588235294118,51,0,51
1,cal-logaffine-pooled,-1,2018,1,rank_available,0,51,0,51
1,cal-logaffine-pooled,-1,2018,3,rank_available,0,51,0,51
1,cal-logaffine-pooled,-1,2018,5,rank_available,0,51,0,51
1,cal-logaffine-pooled,-1,2018,10,rank_available,0,51,0,51
1,cal-logaffine-pooled,-1,2018,1,rank_in_slot,0,51,0,51
1,cal-logaffine-pooled,-1,2018,3,rank_in_slot,0,51,0,51
1,cal-logaffine-pooled,-1,2018,5,rank_in_slot,0,51,0,51
1,cal-logaffine-pooled,-1,2018,10,rank_in_slot,0,51,0,51
1,cal-logaffine-position,-1,2018,1,rank_available,-0.0392156862745,51,0,51
1,cal-logaffine-position,-1,2018,3,rank_available,0.0196078431373,51,0,51
1,cal-logaffine-position,-1,2018,5,rank_available,0.0156862745098,51,0,51
1,cal-logaffine-position,-1,2018,10,rank_available,-0.00196078431373,51,0,51
1,cal-logaffine-position,-1,2018,1,rank_in_slot,0,51,0,51
1,cal-logaffine-position,-1,2018,3,rank_in_slot,0.0130718954248,51,0,51
1,cal-logaffine-position,-1,2018,5,rank_in_slot,0.0235294117647,51,0,51
1,cal-logaffine-position,-1,2018,10,rank_in_slot,-0.00980392156863,51,0,51
1,cal-level-pooled,-1,2019,1,rank_available,0,51,0,51
1,cal-level-pooled,-1,2019,3,rank_available,0,51,0,51
1,cal-level-pooled,-1,2019,5,rank_available,0,51,0,51
1,cal-level-pooled,-1,2019,10,rank_available,0,51,0,51
1,cal-level-pooled,-1,2019,1,rank_in_slot,0,51,0,51
1,cal-level-pooled,-1,2019,3,rank_in_slot,0,51,0,51
1,cal-level-pooled,-1,2019,5,rank_in_slot,0,51,0,51
1,cal-level-pooled,-1,2019,10,rank_in_slot,0,51,0,51
1,cal-level-position,-1,2019,1,rank_available,-0.0196078431373,51,0,51
1,cal-level-position,-1,2019,3,rank_available,1.08845394571e-18,51,0,51
1,cal-level-position,-1,2019,5,rank_available,0.0156862745098,51,0,51
1,cal-level-position,-1,2019,10,rank_available,-0.00392156862745,51,0,51
1,cal-level-position,-1,2019,1,rank_in_slot,0,51,0,51
1,cal-level-position,-1,2019,3,rank_in_slot,0,51,0,51
1,cal-level-position,-1,2019,5,rank_in_slot,0.0117647058824,51,0,51
1,cal-level-position,-1,2019,10,rank_in_slot,-0.00392156862745,51,0,51
1,cal-logaffine-pooled,-1,2019,1,rank_available,0,51,0,51
1,cal-logaffine-pooled,-1,2019,3,rank_available,0,51,0,51
1,cal-logaffine-pooled,-1,2019,5,rank_available,0,51,0,51
1,cal-logaffine-pooled,-1,2019,10,rank_available,0,51,0,51
1,cal-logaffine-pooled,-1,2019,1,rank_in_slot,0,51,0,51
1,cal-logaffine-pooled,-1,2019,3,rank_in_slot,0,51,0,51
1,cal-logaffine-pooled,-1,2019,5,rank_in_slot,0,51,0,51
1,cal-logaffine-pooled,-1,2019,10,rank_in_slot,0,51,0,51
1,cal-logaffine-position,-1,2019,1,rank_available,-0.0196078431373,51,0,51
1,cal-logaffine-position,-1,2019,3,rank_available,0.0130718954248,51,0,51
1,cal-logaffine-position,-1,2019,5,rank_available,0.0156862745098,51,0,51
1,cal-logaffine-position,-1,2019,10,rank_available,-0.0078431372549,51,0,51
1,cal-logaffine-position,-1,2019,1,rank_in_slot,0,51,0,51
1,cal-logaffine-position,-1,2019,3,rank_in_slot,0,51,0,51
1,cal-logaffine-position,-1,2019,5,rank_in_slot,0.0117647058824,51,0,51
1,cal-logaffine-position,-1,2019,10,rank_in_slot,0,51,0,51
1,cal-level-pooled,-1,2020,1,rank_available,0,51,0,51
1,cal-level-pooled,-1,2020,3,rank_available,0,51,0,51
1,cal-level-pooled,-1,2020,5,rank_available,0,51,0,51
1,cal-level-pooled,-1,2020,10,rank_available,0,51,0,51
1,cal-level-pooled,-1,2020,1,rank_in_slot,0,51,0,51
1,cal-level-pooled,-1,2020,3,rank_in_slot,0,51,0,51
1,cal-level-pooled,-1,2020,5,rank_in_slot,0,51,0,51
1,cal-level-pooled,-1,2020,10,rank_in_slot,0,51,0,51
1,cal-level-position,-1,2020,1,rank_available,0.0196078431373,51,0,51
1,cal-level-position,-1,2020,3,rank_available,-0.00653594771242,51,0,51
1,cal-level-position,-1,2020,5,rank_available,0.0156862745098,51,0,51
1,cal-level-position,-1,2020,10,rank_available,2.17690789142e-18,51,0,51
1,cal-level-position,-1,2020,1,rank_in_slot,0,51,0,51
1,cal-level-position,-1,2020,3,rank_in_slot,1.08845394571e-18,51,0,51
1,cal-level-position,-1,2020,5,rank_in_slot,-0.0078431372549,51,0,51
1,cal-level-position,-1,2020,10,rank_in_slot,0.00392156862745,51,0,51
1,cal-logaffine-pooled,-1,2020,1,rank_available,0,51,0,51
1,cal-logaffine-pooled,-1,2020,3,rank_available,0,51,0,51
1,cal-logaffine-pooled,-1,2020,5,rank_available,0,51,0,51
1,cal-logaffine-pooled,-1,2020,10,rank_available,0,51,0,51
1,cal-logaffine-pooled,-1,2020,1,rank_in_slot,0,51,0,51
1,cal-logaffine-pooled,-1,2020,3,rank_in_slot,0,51,0,51
1,cal-logaffine-pooled,-1,2020,5,rank_in_slot,0,51,0,51
1,cal-logaffine-pooled,-1,2020,10,rank_in_slot,0,51,0,51
1,cal-logaffine-position,-1,2020,1,rank_available,0.0196078431373,51,0,51
1,cal-logaffine-position,-1,2020,3,rank_available,0,51,0,51
1,cal-logaffine-position,-1,2020,5,rank_available,0.0235294117647,51,0,51
1,cal-logaffine-position,-1,2020,10,rank_available,-0.00196078431373,51,0,51
1,cal-logaffine-position,-1,2020,1,rank_in_slot,0.0196078431373,51,0,51
1,cal-logaffine-position,-1,2020,3,rank_in_slot,0.00653594771242,51,0,51
1,cal-logaffine-position,-1,2020,5,rank_in_slot,0.00392156862745,51,0,51
1,cal-logaffine-position,-1,2020,10,rank_in_slot,0.0137254901961,51,0,51
1,cal-level-pooled,-1,2021,1,rank_available,0,54,0,54
1,cal-level-pooled,-1,2021,3,rank_available,0,54,0,54
1,cal-level-pooled,-1,2021,5,rank_available,0,54,0,54
1,cal-level-pooled,-1,2021,10,rank_available,0,54,0,54
1,cal-level-pooled,-1,2021,1,rank_in_slot,0,54,0,54
1,cal-level-pooled,-1,2021,3,rank_in_slot,0,54,0,54
1,cal-level-pooled,-1,2021,5,rank_in_slot,0,54,0,54
1,cal-level-pooled,-1,2021,10,rank_in_slot,0,54,0,54
1,cal-level-position,-1,2021,1,rank_available,0,54,0,54
1,cal-level-position,-1,2021,3,rank_available,0.0308641975309,54,0,54
1,cal-level-position,-1,2021,5,rank_available,-0.0111111111111,54,0,54
1,cal-level-position,-1,2021,10,rank_available,5.1399214103e-19,54,0,54
1,cal-level-position,-1,2021,1,rank_in_slot,0,54,0,54
1,cal-level-position,-1,2021,3,rank_in_slot,-0.00617283950617,54,0,54
1,cal-level-position,-1,2021,5,rank_in_slot,0.0037037037037,54,0,54
1,cal-level-position,-1,2021,10,rank_in_slot,0.00185185185185,54,0,54
1,cal-logaffine-pooled,-1,2021,1,rank_available,0,54,0,54
1,cal-logaffine-pooled,-1,2021,3,rank_available,0,54,0,54
1,cal-logaffine-pooled,-1,2021,5,rank_available,0,54,0,54
1,cal-logaffine-pooled,-1,2021,10,rank_available,0,54,0,54
1,cal-logaffine-pooled,-1,2021,1,rank_in_slot,0,54,0,54
1,cal-logaffine-pooled,-1,2021,3,rank_in_slot,0,54,0,54
1,cal-logaffine-pooled,-1,2021,5,rank_in_slot,0,54,0,54
1,cal-logaffine-pooled,-1,2021,10,rank_in_slot,0,54,0,54
1,cal-logaffine-position,-1,2021,1,rank_available,0,54,0,54
1,cal-logaffine-position,-1,2021,3,rank_available,0.037037037037,54,0,54
1,cal-logaffine-position,-1,2021,5,rank_available,-0.0111111111111,54,0,54
1,cal-logaffine-position,-1,2021,10,rank_available,0.00555555555556,54,0,54
1,cal-logaffine-position,-1,2021,1,rank_in_slot,0,54,0,54
1,cal-logaffine-position,-1,2021,3,rank_in_slot,-1.02798428206e-18,54,0,54
1,cal-logaffine-position,-1,2021,5,rank_in_slot,0.0111111111111,54,0,54
1,cal-logaffine-position,-1,2021,10,rank_in_slot,0.012962962963,54,0,54
1,cal-level-pooled,-1,2022,1,rank_available,0,54,0,54
1,cal-level-pooled,-1,2022,3,rank_available,0,54,0,54
1,cal-level-pooled,-1,2022,5,rank_available,0,54,0,54
1,cal-level-pooled,-1,2022,10,rank_available,0,54,0,54
1,cal-level-pooled,-1,2022,1,rank_in_slot,0,54,0,54
1,cal-level-pooled,-1,2022,3,rank_in_slot,0,54,0,54
1,cal-level-pooled,-1,2022,5,rank_in_slot,0,54,0,54
1,cal-level-pooled,-1,2022,10,rank_in_slot,0,54,0,54
1,cal-level-position,-1,2022,1,rank_available,0,54,0,54
1,cal-level-position,-1,2022,3,rank_available,-0.0123456790123,54,0,54
1,cal-level-position,-1,2022,5,rank_available,0.0185185185185,54,0,54
1,cal-level-position,-1,2022,10,rank_available,0.00185185185185,54,0,54
1,cal-level-position,-1,2022,1,rank_in_slot,-0.0185185185185,54,0,54
1,cal-level-position,-1,2022,3,rank_in_slot,0.0185185185185,54,0,54
1,cal-level-position,-1,2022,5,rank_in_slot,-0.0111111111111,54,0,54
1,cal-level-position,-1,2022,10,rank_in_slot,-0.0037037037037,54,0,54
1,cal-logaffine-pooled,-1,2022,1,rank_available,0,54,0,54
1,cal-logaffine-pooled,-1,2022,3,rank_available,0,54,0,54
1,cal-logaffine-pooled,-1,2022,5,rank_available,0,54,0,54
1,cal-logaffine-pooled,-1,2022,10,rank_available,0,54,0,54
1,cal-logaffine-pooled,-1,2022,1,rank_in_slot,0,54,0,54
1,cal-logaffine-pooled,-1,2022,3,rank_in_slot,0,54,0,54
1,cal-logaffine-pooled,-1,2022,5,rank_in_slot,0,54,0,54
1,cal-logaffine-pooled,-1,2022,10,rank_in_slot,0,54,0,54
1,cal-logaffine-position,-1,2022,1,rank_available,0,54,0,54
1,cal-logaffine-position,-1,2022,3,rank_available,-0.0246913580247,54,0,54
1,cal-logaffine-position,-1,2022,5,rank_available,0.0148148148148,54,0,54
1,cal-logaffine-position,-1,2022,10,rank_available,0.00185185185185,54,0,54
1,cal-logaffine-position,-1,2022,1,rank_in_slot,-0.0185185185185,54,0,54
1,cal-logaffine-position,-1,2022,3,rank_in_slot,0.0246913580247,54,0,54
1,cal-logaffine-position,-1,2022,5,rank_in_slot,-0.0111111111111,54,0,54
1,cal-logaffine-position,-1,2022,10,rank_in_slot,-0.00185185185185,54,0,54
1,cal-level-pooled,-1,2023,1,rank_available,0,54,0,54
1,cal-level-pooled,-1,2023,3,rank_available,0,54,0,54
1,cal-level-pooled,-1,2023,5,rank_available,0,54,0,54
1,cal-level-pooled,-1,2023,10,rank_available,0,54,0,54
1,cal-level-pooled,-1,2023,1,rank_in_slot,0,54,0,54
1,cal-level-pooled,-1,2023,3,rank_in_slot,0,54,0,54
1,cal-level-pooled,-1,2023,5,rank_in_slot,0,54,0,54
1,cal-level-pooled,-1,2023,10,rank_in_slot,0,54,0,54
1,cal-level-position,-1,2023,1,rank_available,-0.037037037037,54,0,54
1,cal-level-position,-1,2023,3,rank_available,1.02798428206e-18,54,0,54
1,cal-level-position,-1,2023,5,rank_available,-0.0037037037037,54,0,54
1,cal-level-position,-1,2023,10,rank_available,-5.1399214103e-19,54,0,54
1,cal-level-position,-1,2023,1,rank_in_slot,0,54,0,54
1,cal-level-position,-1,2023,3,rank_in_slot,-0.00617283950617,54,0,54
1,cal-level-position,-1,2023,5,rank_in_slot,0,54,0,54
1,cal-level-position,-1,2023,10,rank_in_slot,0.00185185185185,54,0,54
1,cal-logaffine-pooled,-1,2023,1,rank_available,0,54,0,54
1,cal-logaffine-pooled,-1,2023,3,rank_available,0,54,0,54
1,cal-logaffine-pooled,-1,2023,5,rank_available,0,54,0,54
1,cal-logaffine-pooled,-1,2023,10,rank_available,0,54,0,54
1,cal-logaffine-pooled,-1,2023,1,rank_in_slot,0,54,0,54
1,cal-logaffine-pooled,-1,2023,3,rank_in_slot,0,54,0,54
1,cal-logaffine-pooled,-1,2023,5,rank_in_slot,0,54,0,54
1,cal-logaffine-pooled,-1,2023,10,rank_in_slot,0,54,0,54
1,cal-logaffine-position,-1,2023,1,rank_available,-0.037037037037,54,0,54
1,cal-logaffine-position,-1,2023,3,rank_available,-0.00617283950617,54,0,54
1,cal-logaffine-position,-1,2023,5,rank_available,-0.0037037037037,54,0,54
1,cal-logaffine-position,-1,2023,10,rank_available,-5.1399214103e-19,54,0,54
1,cal-logaffine-position,-1,2023,1,rank_in_slot,0,54,0,54
1,cal-logaffine-position,-1,2023,3,rank_in_slot,-0.0123456790123,54,0,54
1,cal-logaffine-position,-1,2023,5,rank_in_slot,-0.0037037037037,54,0,54
1,cal-logaffine-position,-1,2023,10,rank_in_slot,0.00555555555556,54,0,54
1,cal-level-pooled,-1,2024,1,rank_available,0,54,0,54
1,cal-level-pooled,-1,2024,3,rank_available,0,54,0,54
1,cal-level-pooled,-1,2024,5,rank_available,0,54,0,54
1,cal-level-pooled,-1,2024,10,rank_available,0,54,0,54
1,cal-level-pooled,-1,2024,1,rank_in_slot,0,54,0,54
1,cal-level-pooled,-1,2024,3,rank_in_slot,0,54,0,54
1,cal-level-pooled,-1,2024,5,rank_in_slot,0,54,0,54
1,cal-level-pooled,-1,2024,10,rank_in_slot,0,54,0,54
1,cal-level-position,-1,2024,1,rank_available,0,54,0,54
1,cal-level-position,-1,2024,3,rank_available,-0.0123456790123,54,0,54
1,cal-level-position,-1,2024,5,rank_available,0,54,0,54
1,cal-level-position,-1,2024,10,rank_available,0,54,0,54
1,cal-level-position,-1,2024,1,rank_in_slot,0,54,0,54
1,cal-level-position,-1,2024,3,rank_in_slot,0.0123456790123,54,0,54
1,cal-level-position,-1,2024,5,rank_in_slot,-0.00740740740741,54,0,54
1,cal-level-position,-1,2024,10,rank_in_slot,0.00185185185185,54,0,54
1,cal-logaffine-pooled,-1,2024,1,rank_available,0,54,0,54
1,cal-logaffine-pooled,-1,2024,3,rank_available,0,54,0,54
1,cal-logaffine-pooled,-1,2024,5,rank_available,0,54,0,54
1,cal-logaffine-pooled,-1,2024,10,rank_available,0,54,0,54
1,cal-logaffine-pooled,-1,2024,1,rank_in_slot,0,54,0,54
1,cal-logaffine-pooled,-1,2024,3,rank_in_slot,0,54,0,54
1,cal-logaffine-pooled,-1,2024,5,rank_in_slot,0,54,0,54
1,cal-logaffine-pooled,-1,2024,10,rank_in_slot,0,54,0,54
1,cal-logaffine-position,-1,2024,1,rank_available,0.037037037037,54,0,54
1,cal-logaffine-position,-1,2024,3,rank_available,-1.02798428206e-18,54,0,54
1,cal-logaffine-position,-1,2024,5,rank_available,-0.0037037037037,54,0,54
1,cal-logaffine-position,-1,2024,10,rank_available,0,54,0,54
1,cal-logaffine-position,-1,2024,1,rank_in_slot,0,54,0,54
1,cal-logaffine-position,-1,2024,3,rank_in_slot,0.0246913580247,54,0,54
1,cal-logaffine-position,-1,2024,5,rank_in_slot,-0.0037037037037,54,0,54
1,cal-logaffine-position,-1,2024,10,rank_in_slot,-0.00555555555556,54,0,54
1,cal-level-pooled,-1,2025,1,rank_available,0,54,0,54
1,cal-level-pooled,-1,2025,3,rank_available,0,54,0,54
1,cal-level-pooled,-1,2025,5,rank_available,0,54,0,54
1,cal-level-pooled,-1,2025,10,rank_available,0,54,0,54
1,cal-level-pooled,-1,2025,1,rank_in_slot,0,54,0,54
1,cal-level-pooled,-1,2025,3,rank_in_slot,0,54,0,54
1,cal-level-pooled,-1,2025,5,rank_in_slot,0,54,0,54
1,cal-level-pooled,-1,2025,10,rank_in_slot,0,54,0,54
1,cal-level-position,-1,2025,1,rank_available,0,54,0,54
1,cal-level-position,-1,2025,3,rank_available,0.0123456790123,54,0,54
1,cal-level-position,-1,2025,5,rank_available,-0.0111111111111,54,0,54
1,cal-level-position,-1,2025,10,rank_available,-0.00925925925926,54,0,54
1,cal-level-position,-1,2025,1,rank_in_slot,-0.0185185185185,54,0,54
1,cal-level-position,-1,2025,3,rank_in_slot,0.0123456790123,54,0,54
1,cal-level-position,-1,2025,5,rank_in_slot,-0.0111111111111,54,0,54
1,cal-level-position,-1,2025,10,rank_in_slot,-0.00555555555556,54,0,54
1,cal-logaffine-pooled,-1,2025,1,rank_available,0,54,0,54
1,cal-logaffine-pooled,-1,2025,3,rank_available,0,54,0,54
1,cal-logaffine-pooled,-1,2025,5,rank_available,0,54,0,54
1,cal-logaffine-pooled,-1,2025,10,rank_available,0,54,0,54
1,cal-logaffine-pooled,-1,2025,1,rank_in_slot,0,54,0,54
1,cal-logaffine-pooled,-1,2025,3,rank_in_slot,0,54,0,54
1,cal-logaffine-pooled,-1,2025,5,rank_in_slot,0,54,0,54
1,cal-logaffine-pooled,-1,2025,10,rank_in_slot,0,54,0,54
1,cal-logaffine-position,-1,2025,1,rank_available,0.0185185185185,54,0,54
1,cal-logaffine-position,-1,2025,3,rank_available,0.0123456790123,54,0,54
1,cal-logaffine-position,-1,2025,5,rank_available,-0.0185185185185,54,0,54
1,cal-logaffine-position,-1,2025,10,rank_available,-0.00555555555556,54,0,54
1,cal-logaffine-position,-1,2025,1,rank_in_slot,-0.0185185185185,54,0,54
1,cal-logaffine-position,-1,2025,3,rank_in_slot,0.0123456790123,54,0,54
1,cal-logaffine-position,-1,2025,5,rank_in_slot,-0.0185185185185,54,0,54
1,cal-logaffine-position,-1,2025,10,rank_in_slot,0.00555555555556,54,0,54
