schema_version,model,seed,season,actual,proj,played,candidates,covered_cells,total_cells,empty_cells,k,rank,units
1,cal-level-pooled,-1,2016,0.78431372549,1.19213545384,0.941176470588,51,51,51,0,1,rank_available,TDs per ranked candidate
1,cal-level-pooled,-1,2016,0.83660130719,1.10981170774,0.947712418301,153,51,51,0,3,rank_available,TDs per ranked candidate
1,cal-level-pooled,-1,2016,0.898039215686,1.04725963533,0.952941176471,255,51,51,0,5,rank_available,TDs per ranked candidate
1,cal-level-pooled,-1,2016,0.864705882353,0.932057003913,0.93137254902,510,51,51,0,10,rank_available,TDs per ranked candidate
1,cal-level-pooled,-1,2016,1.05882352941,1.4916318736,0.960784313725,51,51,51,0,1,rank_in_slot,TDs per ranked candidate
1,cal-level-pooled,-1,2016,1,1.34158100281,0.967320261438,153,51,51,0,3,rank_in_slot,TDs per ranked candidate
1,cal-level-pooled,-1,2016,1.04705882353,1.26081996966,0.96862745098,255,51,51,0,5,rank_in_slot,TDs per ranked candidate
1,cal-level-pooled,-1,2016,1.02941176471,1.13340736216,0.970588235294,510,51,51,0,10,rank_in_slot,TDs per ranked candidate
1,cal-level-position,-1,2016,0.78431372549,1.18753886246,0.941176470588,51,51,51,0,1,rank_available,TDs per ranked candidate
1,cal-level-position,-1,2016,0.83660130719,1.10629820206,0.947712418301,153,51,51,0,3,rank_available,TDs per ranked candidate
1,cal-level-position,-1,2016,0.882352941176,1.04319852216,0.949019607843,255,51,51,0,5,rank_available,TDs per ranked candidate
1,cal-level-position,-1,2016,0.870588235294,0.927362065734,0.933333333333,510,51,51,0,10,rank_available,TDs per ranked candidate
1,cal-level-position,-1,2016,1.01960784314,1.49523080396,0.960784313725,51,51,51,0,1,rank_in_slot,TDs per ranked candidate
1,cal-level-position,-1,2016,1.01960784314,1.34180533637,0.967320261438,153,51,51,0,3,rank_in_slot,TDs per ranked candidate
1,cal-level-position,-1,2016,1.03529411765,1.25961172815,0.96862745098,255,51,51,0,5,rank_in_slot,TDs per ranked candidate
1,cal-level-position,-1,2016,1.03137254902,1.13085744657,0.966666666667,510,51,51,0,10,rank_in_slot,TDs per ranked candidate
1,cal-logaffine-pooled,-1,2016,0.78431372549,1.00399728143,0.941176470588,51,51,51,0,1,rank_available,TDs per ranked candidate
1,cal-logaffine-pooled,-1,2016,0.83660130719,0.944427014197,0.947712418301,153,51,51,0,3,rank_available,TDs per ranked candidate
1,cal-logaffine-pooled,-1,2016,0.898039215686,0.899008717584,0.952941176471,255,51,51,0,5,rank_available,TDs per ranked candidate
1,cal-logaffine-pooled,-1,2016,0.864705882353,0.81491815776,0.93137254902,510,51,51,0,10,rank_available,TDs per ranked candidate
1,cal-logaffine-pooled,-1,2016,1.05882352941,1.2131556385,0.960784313725,51,51,51,0,1,rank_in_slot,TDs per ranked candidate
1,cal-logaffine-pooled,-1,2016,1,1.10881251032,0.967320261438,153,51,51,0,3,rank_in_slot,TDs per ranked candidate
1,cal-logaffine-pooled,-1,2016,1.04705882353,1.05205005369,0.96862745098,255,51,51,0,5,rank_in_slot,TDs per ranked candidate
1,cal-logaffine-pooled,-1,2016,1.02941176471,0.96102716943,0.970588235294,510,51,51,0,10,rank_in_slot,TDs per ranked candidate
1,cal-logaffine-position,-1,2016,0.78431372549,0.964486119486,0.941176470588,51,51,51,0,1,rank_available,TDs per ranked candidate
1,cal-logaffine-position,-1,2016,0.83660130719,0.915756739116,0.947712418301,153,51,51,0,3,rank_available,TDs per ranked candidate
1,cal-logaffine-position,-1,2016,0.878431372549,0.877008508118,0.949019607843,255,51,51,0,5,rank_available,TDs per ranked candidate
1,cal-logaffine-position,-1,2016,0.872549019608,0.804183467758,0.933333333333,510,51,51,0,10,rank_available,TDs per ranked candidate
1,cal-logaffine-position,-1,2016,1.01960784314,1.14108896003,0.960784313725,51,51,51,0,1,rank_in_slot,TDs per ranked candidate
1,cal-logaffine-position,-1,2016,1.01960784314,1.05415752421,0.967320261438,153,51,51,0,3,rank_in_slot,TDs per ranked candidate
1,cal-logaffine-position,-1,2016,1.03137254902,1.00647775636,0.96862745098,255,51,51,0,5,rank_in_slot,TDs per ranked candidate
1,cal-logaffine-position,-1,2016,1.03137254902,0.929851498695,0.964705882353,510,51,51,0,10,rank_in_slot,TDs per ranked candidate
1,shipped,-1,2016,0.78431372549,1.27431662086,0.941176470588,51,51,51,0,1,rank_available,TDs per ranked candidate
1,shipped,-1,2016,0.83660130719,1.18631779689,0.947712418301,153,51,51,0,3,rank_available,TDs per ranked candidate
1,shipped,-1,2016,0.898039215686,1.11945362867,0.952941176471,255,51,51,0,5,rank_available,TDs per ranked candidate
1,shipped,-1,2016,0.864705882353,0.996309377304,0.93137254902,510,51,51,0,10,rank_available,TDs per ranked candidate
1,shipped,-1,2016,1.05882352941,1.5944591553,0.960784313725,51,51,51,0,1,rank_in_slot,TDs per ranked candidate
1,shipped,-1,2016,1,1.43406436291,0.967320261438,153,51,51,0,3,rank_in_slot,TDs per ranked candidate
1,shipped,-1,2016,1.04705882353,1.34773597922,0.96862745098,255,51,51,0,5,rank_in_slot,TDs per ranked candidate
1,shipped,-1,2016,1.02941176471,1.21154004367,0.970588235294,510,51,51,0,10,rank_in_slot,TDs per ranked candidate
1,cal-level-pooled,-1,2017,0.882352941176,1.12809768805,0.980392156863,51,51,51,0,1,rank_available,TDs per ranked candidate
1,cal-level-pooled,-1,2017,0.941176470588,1.03535290713,0.993464052288,153,51,51,0,3,rank_available,TDs per ranked candidate
1,cal-level-pooled,-1,2017,0.898039215686,0.971792924896,0.976470588235,255,51,51,0,5,rank_available,TDs per ranked candidate
1,cal-level-pooled,-1,2017,0.780392156863,0.865450636122,0.947058823529,510,51,51,0,10,rank_available,TDs per ranked candidate
1,cal-level-pooled,-1,2017,0.921568627451,1.45500339851,0.941176470588,51,51,51,0,1,rank_in_slot,TDs per ranked candidate
1,cal-level-pooled,-1,2017,0.97385620915,1.29486393917,0.967320261438,153,51,51,0,3,rank_in_slot,TDs per ranked candidate
1,cal-level-pooled,-1,2017,0.909803921569,1.21196682451,0.972549019608,255,51,51,0,5,rank_in_slot,TDs per ranked candidate
1,cal-level-pooled,-1,2017,0.905882352941,1.07218704861,0.966666666667,510,51,51,0,10,rank_in_slot,TDs per ranked candidate
1,cal-level-position,-1,2017,0.901960784314,1.12833010462,0.980392156863,51,51,51,0,1,rank_available,TDs per ranked candidate
1,cal-level-position,-1,2017,0.947712418301,1.03126217012,0.986928104575,153,51,51,0,3,rank_available,TDs per ranked candidate
1,cal-level-position,-1,2017,0.870588235294,0.966659946617,0.976470588235,255,51,51,0,5,rank_available,TDs per ranked candidate
1,cal-level-position,-1,2017,0.788235294118,0.860765516709,0.950980392157,510,51,51,0,10,rank_available,TDs per ranked candidate
1,cal-level-position,-1,2017,0.921568627451,1.4599717505,0.941176470588,51,51,51,0,1,rank_in_slot,TDs per ranked candidate
1,cal-level-position,-1,2017,0.967320261438,1.29656966211,0.967320261438,153,51,51,0,3,rank_in_slot,TDs per ranked candidate
1,cal-level-position,-1,2017,0.929411764706,1.21144480995,0.972549019608,255,51,51,0,5,rank_in_slot,TDs per ranked candidate
1,cal-level-position,-1,2017,0.905882352941,1.06964902393,0.96862745098,510,51,51,0,10,rank_in_slot,TDs per ranked candidate
1,cal-logaffine-pooled,-1,2017,0.882352941176,0.952910494858,0.980392156863,51,51,51,0,1,rank_available,TDs per ranked candidate
1,cal-logaffine-pooled,-1,2017,0.941176470588,0.887033127924,0.993464052288,153,51,51,0,3,rank_available,TDs per ranked candidate
1,cal-logaffine-pooled,-1,2017,0.898039215686,0.841080461032,0.976470588235,255,51,51,0,5,rank_available,TDs per ranked candidate
1,cal-logaffine-pooled,-1,2017,0.780392156863,0.762869511094,0.947058823529,510,51,51,0,10,rank_available,TDs per ranked candidate
1,cal-logaffine-pooled,-1,2017,0.921568627451,1.1819656721,0.941176470588,51,51,51,0,1,rank_in_slot,TDs per ranked candidate
1,cal-logaffine-pooled,-1,2017,0.97385620915,1.07029291771,0.967320261438,153,51,51,0,3,rank_in_slot,TDs per ranked candidate
1,cal-logaffine-pooled,-1,2017,0.909803921569,1.01195304815,0.972549019608,255,51,51,0,5,rank_in_slot,TDs per ranked candidate
1,cal-logaffine-pooled,-1,2017,0.905882352941,0.912512606535,0.966666666667,510,51,51,0,10,rank_in_slot,TDs per ranked candidate
1,cal-logaffine-position,-1,2017,0.901960784314,0.923404618439,0.980392156863,51,51,51,0,1,rank_available,TDs per ranked candidate
1,cal-logaffine-position,-1,2017,0.947712418301,0.86449820087,0.986928104575,153,51,51,0,3,rank_available,TDs per ranked candidate
1,cal-logaffine-position,-1,2017,0.874509803922,0.824394517677,0.976470588235,255,51,51,0,5,rank_available,TDs per ranked candidate
1,cal-logaffine-position,-1,2017,0.788235294118,0.756876773503,0.950980392157,510,51,51,0,10,rank_available,TDs per ranked candidate
1,cal-logaffine-position,-1,2017,0.941176470588,1.11621776846,0.960784313725,51,51,51,0,1,rank_in_slot,TDs per ranked candidate
1,cal-logaffine-position,-1,2017,0.967320261438,1.0232589509,0.967320261438,153,51,51,0,3,rank_in_slot,TDs per ranked candidate
1,cal-logaffine-position,-1,2017,0.925490196078,0.973437217582,0.972549019608,255,51,51,0,5,rank_in_slot,TDs per ranked candidate
1,cal-logaffine-position,-1,2017,0.907843137255,0.887904978359,0.96862745098,510,51,51,0,10,rank_in_slot,TDs per ranked candidate
1,shipped,-1,2017,0.882352941176,1.22158686998,0.980392156863,51,51,51,0,1,rank_available,TDs per ranked candidate
1,shipped,-1,2017,0.941176470588,1.12115602269,0.993464052288,153,51,51,0,3,rank_available,TDs per ranked candidate
1,shipped,-1,2017,0.898039215686,1.05232861477,0.976470588235,255,51,51,0,5,rank_available,TDs per ranked candidate
1,shipped,-1,2017,0.780392156863,0.937173389236,0.947058823529,510,51,51,0,10,rank_available,TDs per ranked candidate
1,shipped,-1,2017,0.921568627451,1.57558433656,0.941176470588,51,51,51,0,1,rank_in_slot,TDs per ranked candidate
1,shipped,-1,2017,0.97385620915,1.40217359122,0.967320261438,153,51,51,0,3,rank_in_slot,TDs per ranked candidate
1,shipped,-1,2017,0.909803921569,1.31240651883,0.972549019608,255,51,51,0,5,rank_in_slot,TDs per ranked candidate
1,shipped,-1,2017,0.905882352941,1.16104273115,0.966666666667,510,51,51,0,10,rank_in_slot,TDs per ranked candidate
1,cal-level-pooled,-1,2018,1.19607843137,1.16958558173,1,51,51,51,0,1,rank_available,TDs per ranked candidate
1,cal-level-pooled,-1,2018,1.0522875817,1.06259326777,1,153,51,51,0,3,rank_available,TDs per ranked candidate
1,cal-level-pooled,-1,2018,0.964705882353,0.996540695035,0.988235294118,255,51,51,0,5,rank_available,TDs per ranked candidate
1,cal-level-pooled,-1,2018,0.864705882353,0.884407247311,0.954901960784,510,51,51,0,10,rank_available,TDs per ranked candidate
1,cal-level-pooled,-1,2018,1.39215686275,1.61391563482,0.941176470588,51,51,51,0,1,rank_in_slot,TDs per ranked candidate
1,cal-level-pooled,-1,2018,1.37908496732,1.42881158024,0.967320261438,153,51,51,0,3,rank_in_slot,TDs per ranked candidate
1,cal-level-pooled,-1,2018,1.27058823529,1.31455267722,0.972549019608,255,51,51,0,5,rank_in_slot,TDs per ranked candidate
1,cal-level-pooled,-1,2018,1.14509803922,1.15028475576,0.978431372549,510,51,51,0,10,rank_in_slot,TDs per ranked candidate
1,cal-level-position,-1,2018,1.1568627451,1.16671029915,1,51,51,51,0,1,rank_available,TDs per ranked candidate
1,cal-level-position,-1,2018,1.08496732026,1.05728456331,1,153,51,51,0,3,rank_available,TDs per ranked candidate
1,cal-level-position,-1,2018,0.98431372549,0.990555703176,0.988235294118,255,51,51,0,5,rank_available,TDs per ranked candidate
1,cal-level-position,-1,2018,0.864705882353,0.8790312731,0.954901960784,510,51,51,0,10,rank_available,TDs per ranked candidate
1,cal-level-position,-1,2018,1.39215686275,1.62500665043,0.941176470588,51,51,51,0,1,rank_in_slot,TDs per ranked candidate
1,cal-level-position,-1,2018,1.39215686275,1.4354445431,0.967320261438,153,51,51,0,3,rank_in_slot,TDs per ranked candidate
1,cal-level-position,-1,2018,1.29803921569,1.31643797913,0.972549019608,255,51,51,0,5,rank_in_slot,TDs per ranked candidate
1,cal-level-position,-1,2018,1.13921568627,1.14720602818,0.978431372549,510,51,51,0,10,rank_in_slot,TDs per ranked candidate
1,cal-logaffine-pooled,-1,2018,1.19607843137,0.973813057412,1,51,51,51,0,1,rank_available,TDs per ranked candidate
1,cal-logaffine-pooled,-1,2018,1.0522875817,0.897360152878,1,153,51,51,0,3,rank_available,TDs per ranked candidate
1,cal-logaffine-pooled,-1,2018,0.964705882353,0.850243067712,0.988235294118,255,51,51,0,5,rank_available,TDs per ranked candidate
1,cal-logaffine-pooled,-1,2018,0.864705882353,0.769403755567,0.954901960784,510,51,51,0,10,rank_available,TDs per ranked candidate
1,cal-logaffine-pooled,-1,2018,1.39215686275,1.28429581869,0.941176470588,51,51,51,0,1,rank_in_slot,TDs per ranked candidate
1,cal-logaffine-pooled,-1,2018,1.37908496732,1.15700953774,0.967320261438,153,51,51,0,3,rank_in_slot,TDs per ranked candidate
1,cal-logaffine-pooled,-1,2018,1.27058823529,1.07676799415,0.972549019608,255,51,51,0,5,rank_in_slot,TDs per ranked candidate
1,cal-logaffine-pooled,-1,2018,1.14509803922,0.959865250001,0.978431372549,510,51,51,0,10,rank_in_slot,TDs per ranked candidate
1,cal-logaffine-position,-1,2018,1.1568627451,0.933360086468,1,51,51,51,0,1,rank_available,TDs per ranked candidate
1,cal-logaffine-position,-1,2018,1.07189542484,0.868858731658,1,153,51,51,0,3,rank_available,TDs per ranked candidate
1,cal-logaffine-position,-1,2018,0.980392156863,0.828613672465,0.988235294118,255,51,51,0,5,rank_available,TDs per ranked candidate
1,cal-logaffine-position,-1,2018,0.862745098039,0.75943380459,0.954901960784,510,51,51,0,10,rank_available,TDs per ranked candidate
1,cal-logaffine-position,-1,2018,1.39215686275,1.18349596768,0.941176470588,51,51,51,0,1,rank_in_slot,TDs per ranked candidate
1,cal-logaffine-position,-1,2018,1.39215686275,1.08334820207,0.967320261438,153,51,51,0,3,rank_in_slot,TDs per ranked candidate
1,cal-logaffine-position,-1,2018,1.29411764706,1.01732937673,0.972549019608,255,51,51,0,5,rank_in_slot,TDs per ranked candidate
1,cal-logaffine-position,-1,2018,1.13529411765,0.91964007611,0.978431372549,510,51,51,0,10,rank_in_slot,TDs per ranked candidate
1,shipped,-1,2018,1.19607843137,1.28349800677,1,51,51,51,0,1,rank_available,TDs per ranked candidate
1,shipped,-1,2018,1.0522875817,1.16608511809,1,153,51,51,0,3,rank_available,TDs per ranked candidate
1,shipped,-1,2018,0.964705882353,1.09359931904,0.988235294118,255,51,51,0,5,rank_available,TDs per ranked candidate
1,shipped,-1,2018,0.864705882353,0.970544573077,0.954901960784,510,51,51,0,10,rank_available,TDs per ranked candidate
1,shipped,-1,2018,1.39215686275,1.7711038275,0.941176470588,51,51,51,0,1,rank_in_slot,TDs per ranked candidate
1,shipped,-1,2018,1.37908496732,1.56797146266,0.967320261438,153,51,51,0,3,rank_in_slot,TDs per ranked candidate
1,shipped,-1,2018,1.27058823529,1.44258425152,0.972549019608,255,51,51,0,5,rank_in_slot,TDs per ranked candidate
1,shipped,-1,2018,1.14509803922,1.26231736633,0.978431372549,510,51,51,0,10,rank_in_slot,TDs per ranked candidate
1,cal-level-pooled,-1,2019,1.05882352941,1.22066360097,0.941176470588,51,51,51,0,1,rank_available,TDs per ranked candidate
1,cal-level-pooled,-1,2019,0.934640522876,1.1201602088,0.967320261438,153,51,51,0,3,rank_available,TDs per ranked candidate
1,cal-level-pooled,-1,2019,0.909803921569,1.05071491485,0.964705882353,255,51,51,0,5,rank_available,TDs per ranked candidate
1,cal-level-pooled,-1,2019,0.850980392157,0.942565642611,0.956862745098,510,51,51,0,10,rank_available,TDs per ranked candidate
1,cal-level-pooled,-1,2019,0.882352941176,1.54825344644,0.960784313725,51,51,51,0,1,rank_in_slot,TDs per ranked candidate
1,cal-level-pooled,-1,2019,1.00653594771,1.39939598361,0.97385620915,153,51,51,0,3,rank_in_slot,TDs per ranked candidate
1,cal-level-pooled,-1,2019,1.03137254902,1.30982930607,0.98431372549,255,51,51,0,5,rank_in_slot,TDs per ranked candidate
1,cal-level-pooled,-1,2019,0.994117647059,1.16567065631,0.980392156863,510,51,51,0,10,rank_in_slot,TDs per ranked candidate
1,cal-level-position,-1,2019,1.03921568627,1.22378926316,0.941176470588,51,51,51,0,1,rank_available,TDs per ranked candidate
1,cal-level-position,-1,2019,0.934640522876,1.11941035757,0.967320261438,153,51,51,0,3,rank_available,TDs per ranked candidate
1,cal-level-position,-1,2019,0.925490196078,1.0486110882,0.964705882353,255,51,51,0,5,rank_available,TDs per ranked candidate
1,cal-level-position,-1,2019,0.847058823529,0.939339289624,0.956862745098,510,51,51,0,10,rank_available,TDs per ranked candidate
1,cal-level-position,-1,2019,0.882352941176,1.55175649511,0.960784313725,51,51,51,0,1,rank_in_slot,TDs per ranked candidate
1,cal-level-position,-1,2019,1.00653594771,1.40192722032,0.97385620915,153,51,51,0,3,rank_in_slot,TDs per ranked candidate
1,cal-level-position,-1,2019,1.0431372549,1.31134211822,0.98431372549,255,51,51,0,5,rank_in_slot,TDs per ranked candidate
1,cal-level-position,-1,2019,0.990196078431,1.16522337524,0.980392156863,510,51,51,0,10,rank_in_slot,TDs per ranked candidate
1,cal-logaffine-pooled,-1,2019,1.05882352941,0.998499543788,0.941176470588,51,51,51,0,1,rank_available,TDs per ranked candidate
1,cal-logaffine-pooled,-1,2019,0.934640522876,0.929583830433,0.967320261438,153,51,51,0,3,rank_available,TDs per ranked candidate
1,cal-logaffine-pooled,-1,2019,0.909803921569,0.881616744639,0.964705882353,255,51,51,0,5,rank_available,TDs per ranked candidate
1,cal-logaffine-pooled,-1,2019,0.850980392157,0.806000954616,0.956862745098,510,51,51,0,10,rank_available,TDs per ranked candidate
1,cal-logaffine-pooled,-1,2019,0.882352941176,1.21263126777,0.960784313725,51,51,51,0,1,rank_in_slot,TDs per ranked candidate
1,cal-logaffine-pooled,-1,2019,1.00653594771,1.1156464599,0.97385620915,153,51,51,0,3,rank_in_slot,TDs per ranked candidate
1,cal-logaffine-pooled,-1,2019,1.03137254902,1.05591566844,0.98431372549,255,51,51,0,5,rank_in_slot,TDs per ranked candidate
1,cal-logaffine-pooled,-1,2019,0.994117647059,0.95850377335,0.980392156863,510,51,51,0,10,rank_in_slot,TDs per ranked candidate
1,cal-logaffine-position,-1,2019,1.03921568627,0.952284694029,0.941176470588,51,51,51,0,1,rank_available,TDs per ranked candidate
1,cal-logaffine-position,-1,2019,0.947712418301,0.893758082865,0.967320261438,153,51,51,0,3,rank_available,TDs per ranked candidate
1,cal-logaffine-position,-1,2019,0.925490196078,0.853187743986,0.964705882353,255,51,51,0,5,rank_available,TDs per ranked candidate
1,cal-logaffine-position,-1,2019,0.843137254902,0.788586585544,0.954901960784,510,51,51,0,10,rank_available,TDs per ranked candidate
1,cal-logaffine-position,-1,2019,0.882352941176,1.12643378807,0.960784313725,51,51,51,0,1,rank_in_slot,TDs per ranked candidate
1,cal-logaffine-position,-1,2019,1.00653594771,1.04848666427,0.97385620915,153,51,51,0,3,rank_in_slot,TDs per ranked candidate
1,cal-logaffine-position,-1,2019,1.0431372549,0.999943715675,0.98431372549,255,51,51,0,5,rank_in_slot,TDs per ranked candidate
1,cal-logaffine-position,-1,2019,0.994117647059,0.918987972622,0.980392156863,510,51,51,0,10,rank_in_slot,TDs per ranked candidate
1,shipped,-1,2019,1.05882352941,1.33369171011,0.941176470588,51,51,51,0,1,rank_available,TDs per ranked candidate
1,shipped,-1,2019,0.934640522876,1.22388214352,0.967320261438,153,51,51,0,3,rank_available,TDs per ranked candidate
1,shipped,-1,2019,0.909803921569,1.14800651917,0.964705882353,255,51,51,0,5,rank_available,TDs per ranked candidate
1,shipped,-1,2019,0.850980392157,1.02984309747,0.956862745098,510,51,51,0,10,rank_available,TDs per ranked candidate
1,shipped,-1,2019,0.882352941176,1.69161494209,0.960784313725,51,51,51,0,1,rank_in_slot,TDs per ranked candidate
1,shipped,-1,2019,1.00653594771,1.52897392944,0.97385620915,153,51,51,0,3,rank_in_slot,TDs per ranked candidate
1,shipped,-1,2019,1.03137254902,1.43111376941,0.98431372549,255,51,51,0,5,rank_in_slot,TDs per ranked candidate
1,shipped,-1,2019,0.994117647059,1.27360665937,0.980392156863,510,51,51,0,10,rank_in_slot,TDs per ranked candidate
1,cal-level-pooled,-1,2020,1.27450980392,1.26242498277,0.980392156863,51,51,51,0,1,rank_available,TDs per ranked candidate
1,cal-level-pooled,-1,2020,1.13725490196,1.15235522177,0.980392156863,153,51,51,0,3,rank_available,TDs per ranked candidate
1,cal-level-pooled,-1,2020,1.0862745098,1.08248297798,0.976470588235,255,51,51,0,5,rank_available,TDs per ranked candidate
1,cal-level-pooled,-1,2020,1,0.958574182853,0.960784313725,510,51,51,0,10,rank_available,TDs per ranked candidate
1,cal-level-pooled,-1,2020,1.39215686275,1.69767126951,1,51,51,51,0,1,rank_in_slot,TDs per ranked candidate
1,cal-level-pooled,-1,2020,1.39215686275,1.50671698007,0.986928104575,153,51,51,0,3,rank_in_slot,TDs per ranked candidate
1,cal-level-pooled,-1,2020,1.37647058824,1.39656537625,0.988235294118,255,51,51,0,5,rank_in_slot,TDs per ranked candidate
1,cal-level-pooled,-1,2020,1.20784313725,1.223523717,0.982352941176,510,51,51,0,10,rank_in_slot,TDs per ranked candidate
1,cal-level-position,-1,2020,1.29411764706,1.25623296603,0.980392156863,51,51,51,0,1,rank_available,TDs per ranked candidate
1,cal-level-position,-1,2020,1.13071895425,1.14740672823,0.986928104575,153,51,51,0,3,rank_available,TDs per ranked candidate
1,cal-level-position,-1,2020,1.10196078431,1.0771888266,0.976470588235,255,51,51,0,5,rank_available,TDs per ranked candidate
1,cal-level-position,-1,2020,1,0.953878240323,0.962745098039,510,51,51,0,10,rank_available,TDs per ranked candidate
1,cal-level-position,-1,2020,1.39215686275,1.69512370773,1,51,51,51,0,1,rank_in_slot,TDs per ranked candidate
1,cal-level-position,-1,2020,1.39215686275,1.50446053472,0.986928104575,153,51,51,0,3,rank_in_slot,TDs per ranked candidate
1,cal-level-position,-1,2020,1.36862745098,1.39220458942,0.988235294118,255,51,51,0,5,rank_in_slot,TDs per ranked candidate
1,cal-level-position,-1,2020,1.21176470588,1.21620001931,0.982352941176,510,51,51,0,10,rank_in_slot,TDs per ranked candidate
1,cal-logaffine-pooled,-1,2020,1.27450980392,1.02441645986,0.980392156863,51,51,51,0,1,rank_available,TDs per ranked candidate
1,cal-logaffine-pooled,-1,2020,1.13725490196,0.948916926302,0.980392156863,153,51,51,0,3,rank_available,TDs per ranked candidate
1,cal-logaffine-pooled,-1,2020,1.0862745098,0.900885839572,0.976470588235,255,51,51,0,5,rank_available,TDs per ranked candidate
1,cal-logaffine-pooled,-1,2020,1,0.81429350985,0.960784313725,510,51,51,0,10,rank_available,TDs per ranked candidate
1,cal-logaffine-pooled,-1,2020,1.39215686275,1.31150699051,1,51,51,51,0,1,rank_in_slot,TDs per ranked candidate
1,cal-logaffine-pooled,-1,2020,1.39215686275,1.1867278252,0.986928104575,153,51,51,0,3,rank_in_slot,TDs per ranked candidate
1,cal-logaffine-pooled,-1,2020,1.37647058824,1.11341909629,0.988235294118,255,51,51,0,5,rank_in_slot,TDs per ranked candidate
1,cal-logaffine-pooled,-1,2020,1.20784313725,0.996074710776,0.982352941176,510,51,51,0,10,rank_in_slot,TDs per ranked candidate
1,cal-logaffine-position,-1,2020,1.29411764706,0.969852890891,0.980392156863,51,51,51,0,1,rank_available,TDs per ranked candidate
1,cal-logaffine-position,-1,2020,1.13725490196,0.908831652765,0.986928104575,153,51,51,0,3,rank_available,TDs per ranked candidate
1,cal-logaffine-position,-1,2020,1.10980392157,0.869073013111,0.980392156863,255,51,51,0,5,rank_available,TDs per ranked candidate
1,cal-logaffine-position,-1,2020,0.998039215686,0.79658852629,0.962745098039,510,51,51,0,10,rank_available,TDs per ranked candidate
1,cal-logaffine-position,-1,2020,1.41176470588,1.20260696175,1,51,51,51,0,1,rank_in_slot,TDs per ranked candidate
1,cal-logaffine-position,-1,2020,1.39869281046,1.1030611592,0.986928104575,153,51,51,0,3,rank_in_slot,TDs per ranked candidate
1,cal-logaffine-position,-1,2020,1.38039215686,1.04308440948,0.992156862745,255,51,51,0,5,rank_in_slot,TDs per ranked candidate
1,cal-logaffine-position,-1,2020,1.22156862745,0.944981286269,0.98431372549,510,51,51,0,10,rank_in_slot,TDs per ranked candidate
1,shipped,-1,2020,1.27450980392,1.38700499091,0.980392156863,51,51,51,0,1,rank_available,TDs per ranked candidate
1,shipped,-1,2020,1.13725490196,1.26607320491,0.980392156863,153,51,51,0,3,rank_available,TDs per ranked candidate
1,shipped,-1,2020,1.0862745098,1.18930575165,0.976470588235,255,51,51,0,5,rank_available,TDs per ranked candidate
1,shipped,-1,2020,1,1.05316925276,0.960784313725,510,51,51,0,10,rank_available,TDs per ranked candidate
1,shipped,-1,2020,1.39215686275,1.86520272956,1,51,51,51,0,1,rank_in_slot,TDs per ranked candidate
1,shipped,-1,2020,1.39215686275,1.65540447929,0.986928104575,153,51,51,0,3,rank_in_slot,TDs per ranked candidate
1,shipped,-1,2020,1.37647058824,1.53438277397,0.988235294118,255,51,51,0,5,rank_in_slot,TDs per ranked candidate
1,shipped,-1,2020,1.20784313725,1.34426482772,0.982352941176,510,51,51,0,10,rank_in_slot,TDs per ranked candidate
1,cal-level-pooled,-1,2021,0.944444444444,1.29429499765,0.981481481481,54,54,54,0,1,rank_available,TDs per ranked candidate
1,cal-level-pooled,-1,2021,0.950617283951,1.17633728188,0.969135802469,162,54,54,0,3,rank_available,TDs per ranked candidate
1,cal-level-pooled,-1,2021,0.992592592593,1.09601692418,0.97037037037,270,54,54,0,5,rank_available,TDs per ranked candidate
1,cal-level-pooled,-1,2021,0.877777777778,0.966005352296,0.953703703704,540,54,54,0,10,rank_available,TDs per ranked candidate
1,cal-level-pooled,-1,2021,1.18518518519,1.72984770262,1,54,54,54,0,1,rank_in_slot,TDs per ranked candidate
1,cal-level-pooled,-1,2021,1.27777777778,1.57479202005,1,162,54,54,0,3,rank_in_slot,TDs per ranked candidate
1,cal-level-pooled,-1,2021,1.23703703704,1.4644792636,0.996296296296,270,54,54,0,5,rank_in_slot,TDs per ranked candidate
1,cal-level-pooled,-1,2021,1.18333333333,1.27673059607,0.994444444444,540,54,54,0,10,rank_in_slot,TDs per ranked candidate
1,cal-level-position,-1,2021,0.944444444444,1.2941852112,0.981481481481,54,54,54,0,1,rank_available,TDs per ranked candidate
1,cal-level-position,-1,2021,0.981481481481,1.17159036681,0.969135802469,162,54,54,0,3,rank_available,TDs per ranked candidate
1,cal-level-position,-1,2021,0.981481481481,1.09057365885,0.97037037037,270,54,54,0,5,rank_available,TDs per ranked candidate
1,cal-level-position,-1,2021,0.877777777778,0.96082175151,0.953703703704,540,54,54,0,10,rank_available,TDs per ranked candidate
1,cal-level-position,-1,2021,1.18518518519,1.72922512444,1,54,54,54,0,1,rank_in_slot,TDs per ranked candidate
1,cal-level-position,-1,2021,1.27160493827,1.57019081746,1,162,54,54,0,3,rank_in_slot,TDs per ranked candidate
1,cal-level-position,-1,2021,1.24074074074,1.45916910496,0.996296296296,270,54,54,0,5,rank_in_slot,TDs per ranked candidate
1,cal-level-position,-1,2021,1.18518518519,1.26930416262,0.994444444444,540,54,54,0,10,rank_in_slot,TDs per ranked candidate
1,cal-logaffine-pooled,-1,2021,0.944444444444,1.05226017372,0.981481481481,54,54,54,0,1,rank_available,TDs per ranked candidate
1,cal-logaffine-pooled,-1,2021,0.950617283951,0.971155599978,0.969135802469,162,54,54,0,3,rank_available,TDs per ranked candidate
1,cal-logaffine-pooled,-1,2021,0.992592592593,0.915835596667,0.97037037037,270,54,54,0,5,rank_available,TDs per ranked candidate
1,cal-logaffine-pooled,-1,2021,0.877777777778,0.824407542029,0.953703703704,540,54,54,0,10,rank_available,TDs per ranked candidate
1,cal-logaffine-pooled,-1,2021,1.18518518519,1.33527309594,1,54,54,54,0,1,rank_in_slot,TDs per ranked candidate
1,cal-logaffine-pooled,-1,2021,1.27777777778,1.23335491638,1,162,54,54,0,3,rank_in_slot,TDs per ranked candidate
1,cal-logaffine-pooled,-1,2021,1.23703703704,1.16098708419,0.996296296296,270,54,54,0,5,rank_in_slot,TDs per ranked candidate
1,cal-logaffine-pooled,-1,2021,1.18333333333,1.03586033358,0.994444444444,540,54,54,0,10,rank_in_slot,TDs per ranked candidate
1,cal-logaffine-position,-1,2021,0.944444444444,0.99396430098,0.981481481481,54,54,54,0,1,rank_available,TDs per ranked candidate
1,cal-logaffine-position,-1,2021,0.987654320988,0.925065896913,0.969135802469,162,54,54,0,3,rank_available,TDs per ranked candidate
1,cal-logaffine-position,-1,2021,0.981481481481,0.878823777771,0.97037037037,270,54,54,0,5,rank_available,TDs per ranked candidate
1,cal-logaffine-position,-1,2021,0.883333333333,0.802310169971,0.953703703704,540,54,54,0,10,rank_available,TDs per ranked candidate
1,cal-logaffine-position,-1,2021,1.18518518519,1.22125418154,1,54,54,54,0,1,rank_in_slot,TDs per ranked candidate
1,cal-logaffine-position,-1,2021,1.27777777778,1.1392281398,1,162,54,54,0,3,rank_in_slot,TDs per ranked candidate
1,cal-logaffine-position,-1,2021,1.24814814815,1.080389267,0.996296296296,270,54,54,0,5,rank_in_slot,TDs per ranked candidate
1,cal-logaffine-position,-1,2021,1.1962962963,0.976909039772,0.994444444444,540,54,54,0,10,rank_in_slot,TDs per ranked candidate
1,shipped,-1,2021,0.944444444444,1.41758739004,0.981481481481,54,54,54,0,1,rank_available,TDs per ranked candidate
1,shipped,-1,2021,0.950617283951,1.28839321813,0.969135802469,162,54,54,0,3,rank_available,TDs per ranked candidate
1,shipped,-1,2021,0.992592592593,1.20042167652,0.97037037037,270,54,54,0,5,rank_available,TDs per ranked candidate
1,shipped,-1,2021,0.877777777778,1.05802541817,0.953703703704,540,54,54,0,10,rank_available,TDs per ranked candidate
1,shipped,-1,2021,1.18518518519,1.89463012249,1,54,54,54,0,1,rank_in_slot,TDs per ranked candidate
1,shipped,-1,2021,1.27777777778,1.72480409305,1,162,54,54,0,3,rank_in_slot,TDs per ranked candidate
1,shipped,-1,2021,1.23703703704,1.60398312659,0.996296296296,270,54,54,0,5,rank_in_slot,TDs per ranked candidate
1,shipped,-1,2021,1.18333333333,1.39834983273,0.994444444444,540,54,54,0,10,rank_in_slot,TDs per ranked candidate
1,cal-level-pooled,-1,2022,0.888888888889,1.1197963602,0.962962962963,54,54,54,0,1,rank_available,TDs per ranked candidate
1,cal-level-pooled,-1,2022,0.91975308642,1.03262659344,0.975308641975,162,54,54,0,3,rank_available,TDs per ranked candidate
1,cal-level-pooled,-1,2022,0.866666666667,0.968092149735,0.974074074074,270,54,54,0,5,rank_available,TDs per ranked candidate
1,cal-level-pooled,-1,2022,0.762962962963,0.868095540091,0.966666666667,540,54,54,0,10,rank_available,TDs per ranked candidate
1,cal-level-pooled,-1,2022,1.42592592593,1.59456305617,1,54,54,54,0,1,rank_in_slot,TDs per ranked candidate
1,cal-level-pooled,-1,2022,1.19135802469,1.41947288575,1,162,54,54,0,3,rank_in_slot,TDs per ranked candidate
1,cal-level-pooled,-1,2022,1.13703703704,1.31209037782,1,270,54,54,0,5,rank_in_slot,TDs per ranked candidate
1,cal-level-pooled,-1,2022,0.996296296296,1.13247003528,0.990740740741,540,54,54,0,10,rank_in_slot,TDs per ranked candidate
1,cal-level-position,-1,2022,0.888888888889,1.1195386695,0.962962962963,54,54,54,0,1,rank_available,TDs per ranked candidate
1,cal-level-position,-1,2022,0.907407407407,1.02999242628,0.975308641975,162,54,54,0,3,rank_available,TDs per ranked candidate
1,cal-level-position,-1,2022,0.885185185185,0.964791605092,0.974074074074,270,54,54,0,5,rank_available,TDs per ranked candidate
1,cal-level-position,-1,2022,0.764814814815,0.864460681934,0.966666666667,540,54,54,0,10,rank_available,TDs per ranked candidate
1,cal-level-position,-1,2022,1.40740740741,1.58795968111,1,54,54,54,0,1,rank_in_slot,TDs per ranked candidate
1,cal-level-position,-1,2022,1.20987654321,1.41479398075,1,162,54,54,0,3,rank_in_slot,TDs per ranked candidate
1,cal-level-position,-1,2022,1.12592592593,1.30762081851,1,270,54,54,0,5,rank_in_slot,TDs per ranked candidate
1,cal-level-position,-1,2022,0.992592592593,1.12812519034,0.990740740741,540,54,54,0,10,rank_in_slot,TDs per ranked candidate
1,cal-logaffine-pooled,-1,2022,0.888888888889,0.933472982379,0.962962962963,54,54,54,0,1,rank_available,TDs per ranked candidate
1,cal-logaffine-pooled,-1,2022,0.91975308642,0.872745063946,0.975308641975,162,54,54,0,3,rank_available,TDs per ranked candidate
1,cal-logaffine-pooled,-1,2022,0.866666666667,0.827313853128,0.974074074074,270,54,54,0,5,rank_available,TDs per ranked candidate
1,cal-logaffine-pooled,-1,2022,0.762962962963,0.75529197617,0.966666666667,540,54,54,0,10,rank_available,TDs per ranked candidate
1,cal-logaffine-pooled,-1,2022,1.42592592593,1.24671723824,1,54,54,54,0,1,rank_in_slot,TDs per ranked candidate
1,cal-logaffine-pooled,-1,2022,1.19135802469,1.13234213667,1,162,54,54,0,3,rank_in_slot,TDs per ranked candidate
1,cal-logaffine-pooled,-1,2022,1.13703703704,1.06075871516,1,270,54,54,0,5,rank_in_slot,TDs per ranked candidate
1,cal-logaffine-pooled,-1,2022,0.996296296296,0.938231773837,0.990740740741,540,54,54,0,10,rank_in_slot,TDs per ranked candidate
1,cal-logaffine-position,-1,2022,0.888888888889,0.892484335342,0.962962962963,54,54,54,0,1,rank_available,TDs per ranked candidate
1,cal-logaffine-position,-1,2022,0.895061728395,0.842157328142,0.975308641975,162,54,54,0,3,rank_available,TDs per ranked candidate
1,cal-logaffine-position,-1,2022,0.881481481481,0.804088002551,0.974074074074,270,54,54,0,5,rank_available,TDs per ranked candidate
1,cal-logaffine-position,-1,2022,0.764814814815,0.74386264224,0.964814814815,540,54,54,0,10,rank_available,TDs per ranked candidate
1,cal-logaffine-position,-1,2022,1.40740740741,1.14235555964,1,54,54,54,0,1,rank_in_slot,TDs per ranked candidate
1,cal-logaffine-position,-1,2022,1.21604938272,1.05202234119,1,162,54,54,0,3,rank_in_slot,TDs per ranked candidate
1,cal-logaffine-position,-1,2022,1.12592592593,0.994764190848,1,270,54,54,0,5,rank_in_slot,TDs per ranked candidate
1,cal-logaffine-position,-1,2022,0.994444444444,0.895644885212,0.990740740741,540,54,54,0,10,rank_in_slot,TDs per ranked candidate
1,shipped,-1,2022,0.888888888889,1.24649842861,0.962962962963,54,54,54,0,1,rank_available,TDs per ranked candidate
1,shipped,-1,2022,0.91975308642,1.1494656277,0.975308641975,162,54,54,0,3,rank_available,TDs per ranked candidate
1,shipped,-1,2022,0.866666666667,1.07762927822,0.974074074074,270,54,54,0,5,rank_available,TDs per ranked candidate
1,shipped,-1,2022,0.762962962963,0.966318310246,0.966666666667,540,54,54,0,10,rank_available,TDs per ranked candidate
1,shipped,-1,2022,1.42592592593,1.77498375105,1,54,54,54,0,1,rank_in_slot,TDs per ranked candidate
1,shipped,-1,2022,1.19135802469,1.58008257968,1,162,54,54,0,3,rank_in_slot,TDs per ranked candidate
1,shipped,-1,2022,1.13703703704,1.4605500181,1,270,54,54,0,5,rank_in_slot,TDs per ranked candidate
1,shipped,-1,2022,0.996296296296,1.26060609732,0.990740740741,540,54,54,0,10,rank_in_slot,TDs per ranked candidate
1,cal-level-pooled,-1,2023,1.12962962963,1.09821601105,1,54,54,54,0,1,rank_available,TDs per ranked candidate
1,cal-level-pooled,-1,2023,1.08024691358,0.979432644119,0.975308641975,162,54,54,0,3,rank_available,TDs per ranked candidate
1,cal-level-pooled,-1,2023,0.940740740741,0.913296783162,0.955555555556,270,54,54,0,5,rank_available,TDs per ranked candidate
1,cal-level-pooled,-1,2023,0.837037037037,0.809031746233,0.946296296296,540,54,54,0,10,rank_available,TDs per ranked candidate
1,cal-level-pooled,-1,2023,1.46296296296,1.56366300141,1,54,54,54,0,1,rank_in_slot,TDs per ranked candidate
1,cal-level-pooled,-1,2023,1.28395061728,1.36799603818,1,162,54,54,0,3,rank_in_slot,TDs per ranked candidate
1,cal-level-pooled,-1,2023,1.16296296296,1.24727767845,1,270,54,54,0,5,rank_in_slot,TDs per ranked candidate
1,cal-level-pooled,-1,2023,1.01111111111,1.06471716265,0.985185185185,540,54,54,0,10,rank_in_slot,TDs per ranked candidate
1,cal-level-position,-1,2023,1.09259259259,1.09509649047,1,54,54,54,0,1,rank_available,TDs per ranked candidate
1,cal-level-position,-1,2023,1.08024691358,0.977555045052,0.975308641975,162,54,54,0,3,rank_available,TDs per ranked candidate
1,cal-level-position,-1,2023,0.937037037037,0.911332872144,0.955555555556,270,54,54,0,5,rank_available,TDs per ranked candidate
1,cal-level-position,-1,2023,0.837037037037,0.806948349494,0.946296296296,540,54,54,0,10,rank_available,TDs per ranked candidate
1,cal-level-position,-1,2023,1.46296296296,1.55926933262,1,54,54,54,0,1,rank_in_slot,TDs per ranked candidate
1,cal-level-position,-1,2023,1.27777777778,1.36223482403,1,162,54,54,0,3,rank_in_slot,TDs per ranked candidate
1,cal-level-position,-1,2023,1.16296296296,1.24191294344,1,270,54,54,0,5,rank_in_slot,TDs per ranked candidate
1,cal-level-position,-1,2023,1.01296296296,1.06009677872,0.985185185185,540,54,54,0,10,rank_in_slot,TDs per ranked candidate
1,cal-logaffine-pooled,-1,2023,1.12962962963,0.918546429224,1,54,54,54,0,1,rank_available,TDs per ranked candidate
1,cal-logaffine-pooled,-1,2023,1.08024691358,0.836067165918,0.975308641975,162,54,54,0,3,rank_available,TDs per ranked candidate
1,cal-logaffine-pooled,-1,2023,0.940740740741,0.788702621515,0.955555555556,270,54,54,0,5,rank_available,TDs per ranked candidate
1,cal-logaffine-pooled,-1,2023,0.837037037037,0.712894888373,0.946296296296,540,54,54,0,10,rank_available,TDs per ranked candidate
1,cal-logaffine-pooled,-1,2023,1.46296296296,1.22776887937,1,54,54,54,0,1,rank_in_slot,TDs per ranked candidate
1,cal-logaffine-pooled,-1,2023,1.28395061728,1.09762908297,1,162,54,54,0,3,rank_in_slot,TDs per ranked candidate
1,cal-logaffine-pooled,-1,2023,1.16296296296,1.01664554208,1,270,54,54,0,5,rank_in_slot,TDs per ranked candidate
1,cal-logaffine-pooled,-1,2023,1.01111111111,0.891457979314,0.985185185185,540,54,54,0,10,rank_in_slot,TDs per ranked candidate
1,cal-logaffine-position,-1,2023,1.09259259259,0.878962311441,1,54,54,54,0,1,rank_available,TDs per ranked candidate
1,cal-logaffine-position,-1,2023,1.07407407407,0.812005179988,0.975308641975,162,54,54,0,3,rank_available,TDs per ranked candidate
1,cal-logaffine-position,-1,2023,0.937037037037,0.77276593776,0.955555555556,270,54,54,0,5,rank_available,TDs per ranked candidate
1,cal-logaffine-position,-1,2023,0.837037037037,0.708704594659,0.946296296296,540,54,54,0,10,rank_available,TDs per ranked candidate
1,cal-logaffine-position,-1,2023,1.46296296296,1.12842392559,1,54,54,54,0,1,rank_in_slot,TDs per ranked candidate
1,cal-logaffine-position,-1,2023,1.27160493827,1.02385732917,1,162,54,54,0,3,rank_in_slot,TDs per ranked candidate
1,cal-logaffine-position,-1,2023,1.15925925926,0.958029045945,1,270,54,54,0,5,rank_in_slot,TDs per ranked candidate
1,cal-logaffine-position,-1,2023,1.01666666667,0.855875786697,0.987037037037,540,54,54,0,10,rank_in_slot,TDs per ranked candidate
1,shipped,-1,2023,1.12962962963,1.2353440254,1,54,54,54,0,1,rank_available,TDs per ranked candidate
1,shipped,-1,2023,1.08024691358,1.10172885208,0.975308641975,162,54,54,0,3,rank_available,TDs per ranked candidate
1,shipped,-1,2023,0.940740740741,1.02733498068,0.955555555556,270,54,54,0,5,rank_available,TDs per ranked candidate
1,shipped,-1,2023,0.837037037037,0.910050959021,0.946296296296,540,54,54,0,10,rank_available,TDs per ranked candidate
1,shipped,-1,2023,1.46296296296,1.75890874573,1,54,54,54,0,1,rank_in_slot,TDs per ranked candidate
1,shipped,-1,2023,1.28395061728,1.53880995682,1,162,54,54,0,3,rank_in_slot,TDs per ranked candidate
1,shipped,-1,2023,1.16296296296,1.40301817911,1,270,54,54,0,5,rank_in_slot,TDs per ranked candidate
1,shipped,-1,2023,1.01111111111,1.1976623655,0.985185185185,540,54,54,0,10,rank_in_slot,TDs per ranked candidate
1,cal-level-pooled,-1,2024,0.888888888889,1.14950561242,1,54,54,54,0,1,rank_available,TDs per ranked candidate
1,cal-level-pooled,-1,2024,0.950617283951,1.03833744194,0.975308641975,162,54,54,0,3,rank_available,TDs per ranked candidate
1,cal-level-pooled,-1,2024,0.911111111111,0.964957350324,0.97037037037,270,54,54,0,5,rank_available,TDs per ranked candidate
1,cal-level-pooled,-1,2024,0.837037037037,0.848629677794,0.955555555556,540,54,54,0,10,rank_available,TDs per ranked candidate
1,cal-level-pooled,-1,2024,1.12962962963,1.46601069153,1,54,54,54,0,1,rank_in_slot,TDs per ranked candidate
1,cal-level-pooled,-1,2024,1.23456790123,1.32634085564,0.993827160494,162,54,54,0,3,rank_in_slot,TDs per ranked candidate
1,cal-level-pooled,-1,2024,1.15555555556,1.2410270628,0.988888888889,270,54,54,0,5,rank_in_slot,TDs per ranked candidate
1,cal-level-pooled,-1,2024,1.0462962963,1.09252580932,0.975925925926,540,54,54,0,10,rank_in_slot,TDs per ranked candidate
1,cal-level-position,-1,2024,0.888888888889,1.1469199436,1,54,54,54,0,1,rank_available,TDs per ranked candidate
1,cal-level-position,-1,2024,0.938271604938,1.03580356697,0.975308641975,162,54,54,0,3,rank_available,TDs per ranked candidate
1,cal-level-position,-1,2024,0.911111111111,0.962348108421,0.974074074074,270,54,54,0,5,rank_available,TDs per ranked candidate
1,cal-level-position,-1,2024,0.837037037037,0.846189155425,0.953703703704,540,54,54,0,10,rank_available,TDs per ranked candidate
1,cal-level-position,-1,2024,1.12962962963,1.46726316821,1,54,54,54,0,1,rank_in_slot,TDs per ranked candidate
1,cal-level-position,-1,2024,1.24691358025,1.32502018727,0.993827160494,162,54,54,0,3,rank_in_slot,TDs per ranked candidate
1,cal-level-position,-1,2024,1.14814814815,1.23877435114,0.988888888889,270,54,54,0,5,rank_in_slot,TDs per ranked candidate
1,cal-level-position,-1,2024,1.04814814815,1.08937176415,0.977777777778,540,54,54,0,10,rank_in_slot,TDs per ranked candidate
1,cal-logaffine-pooled,-1,2024,0.888888888889,0.953970508618,1,54,54,54,0,1,rank_available,TDs per ranked candidate
1,cal-logaffine-pooled,-1,2024,0.950617283951,0.876107966206,0.975308641975,162,54,54,0,3,rank_available,TDs per ranked candidate
1,cal-logaffine-pooled,-1,2024,0.911111111111,0.823877895408,0.97037037037,270,54,54,0,5,rank_available,TDs per ranked candidate
1,cal-logaffine-pooled,-1,2024,0.837037037037,0.740183475956,0.955555555556,540,54,54,0,10,rank_available,TDs per ranked candidate
1,cal-logaffine-pooled,-1,2024,1.12962962963,1.16486853834,1,54,54,54,0,1,rank_in_slot,TDs per ranked candidate
1,cal-logaffine-pooled,-1,2024,1.23456790123,1.07166700516,0.993827160494,162,54,54,0,3,rank_in_slot,TDs per ranked candidate
1,cal-logaffine-pooled,-1,2024,1.15555555556,1.01366830037,0.988888888889,270,54,54,0,5,rank_in_slot,TDs per ranked candidate
1,cal-logaffine-pooled,-1,2024,1.0462962963,0.911066783654,0.975925925926,540,54,54,0,10,rank_in_slot,TDs per ranked candidate
1,cal-logaffine-position,-1,2024,0.925925925926,0.907442790893,1,54,54,54,0,1,rank_available,TDs per ranked candidate
1,cal-logaffine-position,-1,2024,0.950617283951,0.843340049721,0.975308641975,162,54,54,0,3,rank_available,TDs per ranked candidate
1,cal-logaffine-position,-1,2024,0.907407407407,0.800655245873,0.974074074074,270,54,54,0,5,rank_available,TDs per ranked candidate
1,cal-logaffine-position,-1,2024,0.837037037037,0.730540335647,0.955555555556,540,54,54,0,10,rank_available,TDs per ranked candidate
1,cal-logaffine-position,-1,2024,1.12962962963,1.08085765445,1,54,54,54,0,1,rank_in_slot,TDs per ranked candidate
1,cal-logaffine-position,-1,2024,1.25925925926,1.00537521648,0.993827160494,162,54,54,0,3,rank_in_slot,TDs per ranked candidate
1,cal-logaffine-position,-1,2024,1.15185185185,0.957518149743,0.988888888889,270,54,54,0,5,rank_in_slot,TDs per ranked candidate
1,cal-logaffine-position,-1,2024,1.04074074074,0.873409802968,0.977777777778,540,54,54,0,10,rank_in_slot,TDs per ranked candidate
1,shipped,-1,2024,0.888888888889,1.29369564424,1,54,54,54,0,1,rank_available,TDs per ranked candidate
1,shipped,-1,2024,0.950617283951,1.16858292067,0.975308641975,162,54,54,0,3,rank_available,TDs per ranked candidate
1,shipped,-1,2024,0.911111111111,1.08599828266,0.97037037037,270,54,54,0,5,rank_available,TDs per ranked candidate
1,shipped,-1,2024,0.837037037037,0.955078866841,0.955555555556,540,54,54,0,10,rank_available,TDs per ranked candidate
1,shipped,-1,2024,1.12962962963,1.64990203228,1,54,54,54,0,1,rank_in_slot,TDs per ranked candidate
1,shipped,-1,2024,1.23456790123,1.49271249238,0.993827160494,162,54,54,0,3,rank_in_slot,TDs per ranked candidate
1,shipped,-1,2024,1.15555555556,1.3966972307,0.988888888889,270,54,54,0,5,rank_in_slot,TDs per ranked candidate
1,shipped,-1,2024,1.0462962963,1.22956849054,0.975925925926,540,54,54,0,10,rank_in_slot,TDs per ranked candidate
1,cal-level-pooled,-1,2025,1.31481481481,1.16101863117,0.981481481481,54,54,54,0,1,rank_available,TDs per ranked candidate
1,cal-level-pooled,-1,2025,1.03703703704,1.05039723856,0.969135802469,162,54,54,0,3,rank_available,TDs per ranked candidate
1,cal-level-pooled,-1,2025,0.97037037037,0.986696470449,0.977777777778,270,54,54,0,5,rank_available,TDs per ranked candidate
1,cal-level-pooled,-1,2025,0.851851851852,0.882386370215,0.966666666667,540,54,54,0,10,rank_available,TDs per ranked candidate
1,cal-level-pooled,-1,2025,1.25925925926,1.56335389457,0.981481481481,54,54,54,0,1,rank_in_slot,TDs per ranked candidate
1,cal-level-pooled,-1,2025,1.17901234568,1.390678285,0.993827160494,162,54,54,0,3,rank_in_slot,TDs per ranked candidate
1,cal-level-pooled,-1,2025,1.11481481481,1.28986188233,0.992592592593,270,54,54,0,5,rank_in_slot,TDs per ranked candidate
1,cal-level-pooled,-1,2025,0.998148148148,1.12798368064,0.985185185185,540,54,54,0,10,rank_in_slot,TDs per ranked candidate
1,cal-level-position,-1,2025,1.31481481481,1.15550681672,0.981481481481,54,54,54,0,1,rank_available,TDs per ranked candidate
1,cal-level-position,-1,2025,1.04938271605,1.04364171839,0.969135802469,162,54,54,0,3,rank_available,TDs per ranked candidate
1,cal-level-position,-1,2025,0.959259259259,0.98034982959,0.977777777778,270,54,54,0,5,rank_available,TDs per ranked candidate
1,cal-level-position,-1,2025,0.842592592593,0.877200238245,0.964814814815,540,54,54,0,10,rank_available,TDs per ranked candidate
1,cal-level-position,-1,2025,1.24074074074,1.56116215905,0.981481481481,54,54,54,0,1,rank_in_slot,TDs per ranked candidate
1,cal-level-position,-1,2025,1.19135802469,1.38690150018,0.993827160494,162,54,54,0,3,rank_in_slot,TDs per ranked candidate
1,cal-level-position,-1,2025,1.1037037037,1.2837623415,0.992592592593,270,54,54,0,5,rank_in_slot,TDs per ranked candidate
1,cal-level-position,-1,2025,0.992592592593,1.12175144763,0.985185185185,540,54,54,0,10,rank_in_slot,TDs per ranked candidate
1,cal-logaffine-pooled,-1,2025,1.31481481481,0.950828898986,0.981481481481,54,54,54,0,1,rank_available,TDs per ranked candidate
1,cal-logaffine-pooled,-1,2025,1.03703703704,0.875867444736,0.969135802469,162,54,54,0,3,rank_available,TDs per ranked candidate
1,cal-logaffine-pooled,-1,2025,0.97037037037,0.832044011104,0.977777777778,270,54,54,0,5,rank_available,TDs per ranked candidate
1,cal-logaffine-pooled,-1,2025,0.851851851852,0.759122239374,0.966666666667,540,54,54,0,10,rank_available,TDs per ranked candidate
1,cal-logaffine-pooled,-1,2025,1.25925925926,1.21737315451,0.981481481481,54,54,54,0,1,rank_in_slot,TDs per ranked candidate
1,cal-logaffine-pooled,-1,2025,1.17901234568,1.10348544287,0.993827160494,162,54,54,0,3,rank_in_slot,TDs per ranked candidate
1,cal-logaffine-pooled,-1,2025,1.11481481481,1.03693097937,0.992592592593,270,54,54,0,5,rank_in_slot,TDs per ranked candidate
1,cal-logaffine-pooled,-1,2025,0.998148148148,0.928343819256,0.985185185185,540,54,54,0,10,rank_in_slot,TDs per ranked candidate
1,cal-logaffine-position,-1,2025,1.33333333333,0.900043438657,0.981481481481,54,54,54,0,1,rank_available,TDs per ranked candidate
1,cal-logaffine-position,-1,2025,1.04938271605,0.839413279509,0.969135802469,162,54,54,0,3,rank_available,TDs per ranked candidate
1,cal-logaffine-position,-1,2025,0.951851851852,0.803634550705,0.977777777778,270,54,54,0,5,rank_available,TDs per ranked candidate
1,cal-logaffine-position,-1,2025,0.846296296296,0.743661488522,0.964814814815,540,54,54,0,10,rank_available,TDs per ranked candidate
1,cal-logaffine-position,-1,2025,1.24074074074,1.11798042835,0.981481481481,54,54,54,0,1,rank_in_slot,TDs per ranked candidate
1,cal-logaffine-position,-1,2025,1.19135802469,1.02739719216,0.993827160494,162,54,54,0,3,rank_in_slot,TDs per ranked candidate
1,cal-logaffine-position,-1,2025,1.0962962963,0.972314006764,0.992592592593,270,54,54,0,5,rank_in_slot,TDs per ranked candidate
1,cal-logaffine-position,-1,2025,1.0037037037,0.883854540853,0.985185185185,540,54,54,0,10,rank_in_slot,TDs per ranked candidate
1,shipped,-1,2025,1.31481481481,1.29743343115,0.981481481481,54,54,54,0,1,rank_available,TDs per ranked candidate
1,shipped,-1,2025,1.03703703704,1.17381449075,0.969135802469,162,54,54,0,3,rank_available,TDs per ranked candidate
1,shipped,-1,2025,0.97037037037,1.10262915064,0.977777777778,270,54,54,0,5,rank_available,TDs per ranked candidate
1,shipped,-1,2025,0.851851851852,0.986063052889,0.966666666667,540,54,54,0,10,rank_available,TDs per ranked candidate
1,shipped,-1,2025,1.25925925926,1.74704139373,0.981481481481,54,54,54,0,1,rank_in_slot,TDs per ranked candidate
1,shipped,-1,2025,1.17901234568,1.55407712718,0.993827160494,162,54,54,0,3,rank_in_slot,TDs per ranked candidate
1,shipped,-1,2025,1.11481481481,1.44141522175,0.992592592593,270,54,54,0,5,rank_in_slot,TDs per ranked candidate
1,shipped,-1,2025,0.998148148148,1.26051701305,0.985185185185,540,54,54,0,10,rank_in_slot,TDs per ranked candidate
