schema_version,bin,n,proj,actual,played,ratio,model,seed,season
1,"(-0.001, 0.05]",1642,0.0378243775186,0.0535931790499,0.501827040195,0.705768498699,cal-level-pooled,-1,2016
1,"(0.05, 0.1]",2258,0.0714573603964,0.096545615589,0.568644818423,0.7401409164,cal-level-pooled,-1,2016
1,"(0.1, 0.15]",1179,0.120833731258,0.142493638677,0.630195080577,0.847993864004,cal-level-pooled,-1,2016
1,"(0.15, 0.2]",730,0.17424943204,0.238356164384,0.678082191781,0.731046467754,cal-level-pooled,-1,2016
1,"(0.2, 0.3]",813,0.24387378207,0.279212792128,0.824108241082,0.873433413315,cal-level-pooled,-1,2016
1,"(0.3, 0.4]",454,0.347780432291,0.337004405286,0.911894273128,1.03197592327,cal-level-pooled,-1,2016
1,"(0.4, 0.6]",396,0.479353222073,0.487373737374,0.944444444444,0.983543398658,cal-level-pooled,-1,2016
1,"(0.6, 0.8]",150,0.678538219766,0.56,0.96,1.21167539244,cal-level-pooled,-1,2016
1,"(0.8, 1.0]",66,0.887289632135,0.787878787879,0.863636363636,1.12617530233,cal-level-pooled,-1,2016
1,"(1.0, inf]",467,1.65596555575,1.43683083512,0.858672376874,1.15251254029,cal-level-pooled,-1,2016
1,"(-0.001, 0.05]",1693,0.0373463565185,0.0513880685174,0.476077968104,0.726751512481,cal-level-position,-1,2016
1,"(0.05, 0.1]",2091,0.0720220958011,0.104256336681,0.595887135342,0.690817441835,cal-level-position,-1,2016
1,"(0.1, 0.15]",1256,0.121725135991,0.131369426752,0.601910828025,0.926586489727,cal-level-position,-1,2016
1,"(0.15, 0.2]",744,0.173859137381,0.216397849462,0.673387096774,0.803423591376,cal-level-position,-1,2016
1,"(0.2, 0.3]",776,0.244071718033,0.279639175258,0.832474226804,0.872809461721,cal-level-position,-1,2016
1,"(0.3, 0.4]",468,0.344963358443,0.363247863248,0.912393162393,0.949663833832,cal-level-position,-1,2016
1,"(0.4, 0.6]",411,0.479598845397,0.452554744526,0.953771289538,1.05975873902,cal-level-position,-1,2016
1,"(0.6, 0.8]",175,0.684934333701,0.577142857143,0.954285714286,1.18676740988,cal-level-position,-1,2016
1,"(0.8, 1.0]",84,0.89494556708,0.678571428571,0.809523809524,1.31886715149,cal-level-position,-1,2016
1,"(1.0, inf]",457,1.61965655993,1.45733041575,0.868708971554,1.11138595779,cal-level-position,-1,2016
1,"(-0.001, 0.05]",358,0.0414924649678,0.0391061452514,0.648044692737,1.06102160418,cal-logaffine-pooled,-1,2016
1,"(0.05, 0.1]",2499,0.0744121489152,0.0712284913966,0.486994797919,1.04469640528,cal-logaffine-pooled,-1,2016
1,"(0.1, 0.15]",1580,0.123973920198,0.11835443038,0.620886075949,1.04748018135,cal-logaffine-pooled,-1,2016
1,"(0.15, 0.2]",871,0.172712222022,0.169919632606,0.66475315729,1.01643476609,cal-logaffine-pooled,-1,2016
1,"(0.2, 0.3]",1107,0.242136193082,0.253839205059,0.741644083107,0.953895963494,cal-logaffine-pooled,-1,2016
1,"(0.3, 0.4]",585,0.345464413891,0.331623931624,0.902564102564,1.04173547488,cal-logaffine-pooled,-1,2016
1,"(0.4, 0.6]",490,0.475452429257,0.469387755102,0.944897959184,1.01292039277,cal-logaffine-pooled,-1,2016
1,"(0.6, 0.8]",163,0.674355684641,0.552147239264,0.944785276074,1.22133307329,cal-logaffine-pooled,-1,2016
1,"(0.8, 1.0]",99,0.908471643411,0.858585858586,0.69696969697,1.05810226703,cal-logaffine-pooled,-1,2016
1,"(1.0, inf]",403,1.40839492998,1.54094292804,0.898263027295,0.913982539103,cal-logaffine-pooled,-1,2016
1,"(-0.001, 0.05]",440,0.0410901899417,0.0409090909091,0.581818181818,1.00442686524,cal-logaffine-position,-1,2016
1,"(0.05, 0.1]",2166,0.0742641780163,0.0637119113573,0.551708217913,1.16562470713,cal-logaffine-position,-1,2016
1,"(0.1, 0.15]",1847,0.122837304514,0.113156469951,0.558743909042,1.08555263846,cal-logaffine-position,-1,2016
1,"(0.15, 0.2]",771,0.172410213134,0.206225680934,0.779507133593,0.836026882555,cal-logaffine-position,-1,2016
1,"(0.2, 0.3]",1220,0.249052572384,0.25737704918,0.747540983607,0.96765649143,cal-logaffine-position,-1,2016
1,"(0.3, 0.4]",730,0.342327958412,0.295890410959,0.72602739726,1.1569417113,cal-logaffine-position,-1,2016
1,"(0.4, 0.6]",412,0.48044013264,0.570388349515,0.93932038835,0.842303551693,cal-logaffine-position,-1,2016
1,"(0.6, 0.8]",67,0.659698129321,0.492537313433,0.985074626866,1.33938711105,cal-logaffine-position,-1,2016
1,"(0.8, 1.0]",44,0.932208292946,1.04545454545,0.795454545455,0.891677497601,cal-logaffine-position,-1,2016
1,"(1.0, inf]",458,1.43077601414,1.44104803493,0.855895196507,0.992871840113,cal-logaffine-position,-1,2016
1,"(-0.001, 0.05]",1397,0.0384689294721,0.050107372942,0.513242662849,0.767729921035,shipped,-1,2016
1,"(0.05, 0.1]",2281,0.0711008195818,0.0951337132836,0.550635686103,0.747377739475,shipped,-1,2016
1,"(0.1, 0.15]",1263,0.121791181374,0.129057798892,0.622327790974,0.943694859359,shipped,-1,2016
1,"(0.15, 0.2]",686,0.174607371165,0.228862973761,0.677842565598,0.762934118595,shipped,-1,2016
1,"(0.2, 0.3]",873,0.242489671472,0.265750286369,0.77892325315,0.912471910323,shipped,-1,2016
1,"(0.3, 0.4]",475,0.346990928177,0.326315789474,0.915789473684,1.06335929603,shipped,-1,2016
1,"(0.4, 0.6]",446,0.478157155015,0.430493273543,0.934977578475,1.11071922467,shipped,-1,2016
1,"(0.6, 0.8]",182,0.684400431859,0.587912087912,0.956043956044,1.16412036073,shipped,-1,2016
1,"(0.8, 1.0]",71,0.899189382481,0.661971830986,0.887323943662,1.35834991822,shipped,-1,2016
1,"(1.0, inf]",481,1.74861203942,1.43035343035,0.858627858628,1.22250347523,shipped,-1,2016
1,"(-0.001, 0.05]",1370,0.0372570390568,0.0759124087591,0.568613138686,0.490789841421,cal-level-pooled,-1,2017
1,"(0.05, 0.1]",2282,0.0720403936112,0.0766871165644,0.565293602103,0.93940673269,cal-level-pooled,-1,2017
1,"(0.1, 0.15]",1235,0.123278860671,0.140890688259,0.63967611336,0.874996511087,cal-level-pooled,-1,2017
1,"(0.15, 0.2]",735,0.172672676825,0.185034013605,0.704761904762,0.933194246076,cal-level-pooled,-1,2017
1,"(0.2, 0.3]",855,0.243345978593,0.259649122807,0.838596491228,0.937210863501,cal-level-pooled,-1,2017
1,"(0.3, 0.4]",407,0.346354632192,0.348894348894,0.92628992629,0.992720671141,cal-level-pooled,-1,2017
1,"(0.4, 0.6]",403,0.485528634355,0.387096774194,0.942928039702,1.25428230542,cal-level-pooled,-1,2017
1,"(0.6, 0.8]",138,0.689583775916,0.601449275362,0.934782608696,1.14653688044,cal-level-pooled,-1,2017
1,"(0.8, 1.0]",77,0.896941160938,0.597402597403,0.753246753247,1.50140150853,cal-level-pooled,-1,2017
1,"(1.0, inf]",424,1.56601672579,1.50471698113,0.931603773585,1.0407383883,cal-level-pooled,-1,2017
1,"(-0.001, 0.05]",1386,0.0366090644163,0.0764790764791,0.541847041847,0.47868078567,cal-level-position,-1,2017
1,"(0.05, 0.1]",2163,0.0728220860465,0.0758206195099,0.57928802589,0.960452269015,cal-level-position,-1,2017
1,"(0.1, 0.15]",1314,0.123093218476,0.146118721461,0.633942161339,0.842419213943,cal-level-position,-1,2017
1,"(0.15, 0.2]",726,0.172604658501,0.158402203857,0.698347107438,1.08966071367,cal-level-position,-1,2017
1,"(0.2, 0.3]",841,0.244447405349,0.26159334126,0.844233055886,0.934455763177,cal-level-position,-1,2017
1,"(0.3, 0.4]",405,0.345005915673,0.303703703704,0.908641975309,1.13599508819,cal-level-position,-1,2017
1,"(0.4, 0.6]",414,0.484184411539,0.408212560386,0.946859903382,1.18610855845,cal-level-position,-1,2017
1,"(0.6, 0.8]",172,0.687910712628,0.616279069767,0.93023255814,1.11623247709,cal-level-position,-1,2017
1,"(0.8, 1.0]",89,0.897174908709,0.606741573034,0.797752808989,1.47867716435,cal-level-position,-1,2017
1,"(1.0, inf]",416,1.52458914904,1.50721153846,0.932692307692,1.01152964275,cal-level-position,-1,2017
1,"(-0.001, 0.05]",334,0.0389795969167,0.0748502994012,0.652694610778,0.520767414808,cal-logaffine-pooled,-1,2017
1,"(0.05, 0.1]",2245,0.075708788632,0.0694877505568,0.530957683742,1.08952711845,cal-logaffine-pooled,-1,2017
1,"(0.1, 0.15]",1594,0.122860258506,0.106022584693,0.625470514429,1.15881214236,cal-logaffine-pooled,-1,2017
1,"(0.15, 0.2]",1007,0.173927006961,0.154915590864,0.648460774578,1.12272112827,cal-logaffine-pooled,-1,2017
1,"(0.2, 0.3]",1125,0.244686533938,0.230222222222,0.784,1.06282760881,cal-logaffine-pooled,-1,2017
1,"(0.3, 0.4]",524,0.344715369005,0.314885496183,0.908396946565,1.0947324446,cal-logaffine-pooled,-1,2017
1,"(0.4, 0.6]",481,0.481072505861,0.407484407484,0.948024948025,1.18059120061,cal-logaffine-pooled,-1,2017
1,"(0.6, 0.8]",145,0.680255257952,0.572413793103,0.896551724138,1.1883977398,cal-logaffine-pooled,-1,2017
1,"(0.8, 1.0]",122,0.90477059675,0.893442622951,0.795081967213,1.01267901655,cal-logaffine-pooled,-1,2017
1,"(1.0, inf]",349,1.34649111939,1.59885386819,0.951289398281,0.842160216248,cal-logaffine-pooled,-1,2017
1,"(-0.001, 0.05]",455,0.0388840202262,0.0769230769231,0.624175824176,0.505492262941,cal-logaffine-position,-1,2017
1,"(0.05, 0.1]",1929,0.0766701658558,0.0705028512182,0.592016588906,1.08747610247,cal-logaffine-position,-1,2017
1,"(0.1, 0.15]",1832,0.122278081953,0.0949781659389,0.5846069869,1.28743359849,cal-logaffine-position,-1,2017
1,"(0.15, 0.2]",823,0.172702126722,0.148238153098,0.784933171324,1.16503155977,cal-logaffine-position,-1,2017
1,"(0.2, 0.3]",1344,0.247760715465,0.250744047619,0.713541666667,0.988102081856,cal-logaffine-position,-1,2017
1,"(0.3, 0.4]",605,0.343990437329,0.295867768595,0.776859504132,1.16264924349,cal-logaffine-position,-1,2017
1,"(0.4, 0.6]",376,0.4747474273,0.460106382979,0.946808510638,1.03182099806,cal-logaffine-position,-1,2017
1,"(0.6, 0.8]",77,0.691724834465,0.441558441558,0.922077922078,1.56655330158,cal-logaffine-position,-1,2017
1,"(0.8, 1.0]",73,0.904315080785,0.794520547945,0.698630136986,1.13818967064,cal-logaffine-position,-1,2017
1,"(1.0, inf]",412,1.36819563841,1.52427184466,0.929611650485,0.897606055771,cal-logaffine-position,-1,2017
1,"(-0.001, 0.05]",1100,0.0374849096257,0.0772727272727,0.594545454545,0.48509883045,shipped,-1,2017
1,"(0.05, 0.1]",2300,0.072100584322,0.0726086956522,0.540869565217,0.993002059525,shipped,-1,2017
1,"(0.1, 0.15]",1236,0.122922671096,0.132686084142,0.653721682848,0.926417204116,shipped,-1,2017
1,"(0.15, 0.2]",805,0.172479330991,0.172670807453,0.665838509317,0.998891089552,shipped,-1,2017
1,"(0.2, 0.3]",890,0.244378758027,0.24606741573,0.813483146067,0.993137418467,shipped,-1,2017
1,"(0.3, 0.4]",449,0.344854598502,0.291759465479,0.902004454343,1.18198255517,shipped,-1,2017
1,"(0.4, 0.6]",438,0.48487009659,0.385844748858,0.945205479452,1.25664557578,shipped,-1,2017
1,"(0.6, 0.8]",177,0.68283291239,0.54802259887,0.954802259887,1.24599407725,shipped,-1,2017
1,"(0.8, 1.0]",79,0.894042792154,0.607594936709,0.822784810127,1.47144542875,shipped,-1,2017
1,"(1.0, inf]",452,1.65539572886,1.45353982301,0.91592920354,1.13887194741,shipped,-1,2017
1,"(-0.001, 0.05]",1546,0.0370134574296,0.0937904269082,0.544631306598,0.394640035767,cal-level-pooled,-1,2018
1,"(0.05, 0.1]",2226,0.0716847784612,0.0970350404313,0.628481581312,0.73875146692,cal-level-pooled,-1,2018
1,"(0.1, 0.15]",1108,0.122910652656,0.181407942238,0.629061371841,0.67753732907,cal-level-pooled,-1,2018
1,"(0.15, 0.2]",672,0.173451591932,0.232142857143,0.709821428571,0.747176088321,cal-level-pooled,-1,2018
1,"(0.2, 0.3]",690,0.246919725012,0.34347826087,0.892753623188,0.718880212061,cal-level-pooled,-1,2018
1,"(0.3, 0.4]",446,0.347616204385,0.394618834081,0.941704035874,0.880891063386,cal-level-pooled,-1,2018
1,"(0.4, 0.6]",352,0.478627336694,0.465909090909,0.971590909091,1.02729769827,cal-level-pooled,-1,2018
1,"(0.6, 0.8]",133,0.692551398711,0.578947368421,0.84962406015,1.19622514323,cal-level-pooled,-1,2018
1,"(0.8, 1.0]",83,0.899021782788,0.843373493976,0.710843373494,1.06598297102,cal-level-pooled,-1,2018
1,"(1.0, inf]",443,1.64393732872,1.56659142212,0.873589164786,1.04937209888,cal-level-pooled,-1,2018
1,"(-0.001, 0.05]",1542,0.0361881633649,0.0940337224384,0.528534370947,0.38484239937,cal-level-position,-1,2018
1,"(0.05, 0.1]",2180,0.072961544422,0.103211009174,0.640825688073,0.706916297067,cal-level-position,-1,2018
1,"(0.1, 0.15]",1116,0.121930661869,0.15770609319,0.620071684588,0.773151242305,cal-level-position,-1,2018
1,"(0.15, 0.2]",688,0.172959114906,0.236918604651,0.700581395349,0.730036018746,cal-level-position,-1,2018
1,"(0.2, 0.3]",665,0.245830310186,0.345864661654,0.902255639098,0.710770244667,cal-level-position,-1,2018
1,"(0.3, 0.4]",444,0.348234676751,0.376126126126,0.934684684685,0.925845487888,cal-level-position,-1,2018
1,"(0.4, 0.6]",395,0.480780365852,0.458227848101,0.962025316456,1.04921682051,cal-level-position,-1,2018
1,"(0.6, 0.8]",131,0.692511890273,0.557251908397,0.862595419847,1.24272681679,cal-level-position,-1,2018
1,"(0.8, 1.0]",104,0.901004640624,0.884615384615,0.730769230769,1.01852698505,cal-level-position,-1,2018
1,"(1.0, inf]",434,1.61278225614,1.57603686636,0.880184331797,1.02331505726,cal-level-position,-1,2018
1,"(-0.001, 0.05]",383,0.0407499407838,0.10182767624,0.610966057441,0.400185315903,cal-logaffine-pooled,-1,2018
1,"(0.05, 0.1]",2376,0.0742910464678,0.0951178451178,0.566077441077,0.781042152246,cal-logaffine-pooled,-1,2018
1,"(0.1, 0.15]",1488,0.121970797661,0.120295698925,0.653897849462,1.01392484313,cal-logaffine-pooled,-1,2018
1,"(0.15, 0.2]",899,0.172923811262,0.183537263626,0.625139043382,0.942172765601,cal-logaffine-pooled,-1,2018
1,"(0.2, 0.3]",943,0.243052195503,0.304347826087,0.823966065748,0.798600070938,cal-logaffine-pooled,-1,2018
1,"(0.3, 0.4]",550,0.346978808622,0.38,0.934545454545,0.913102127952,cal-logaffine-pooled,-1,2018
1,"(0.4, 0.6]",427,0.474786143394,0.470725995316,0.96018735363,1.0086252897,cal-logaffine-pooled,-1,2018
1,"(0.6, 0.8]",145,0.689067737627,0.648275862069,0.827586206897,1.06292363783,cal-logaffine-pooled,-1,2018
1,"(0.8, 1.0]",111,0.896078925607,0.873873873874,0.648648648649,1.02540990456,cal-logaffine-pooled,-1,2018
1,"(1.0, inf]",377,1.38513814046,1.6949602122,0.915119363395,0.817209826219,cal-logaffine-pooled,-1,2018
1,"(-0.001, 0.05]",479,0.0401567514626,0.0647181628392,0.580375782881,0.62048657905,cal-logaffine-position,-1,2018
1,"(0.05, 0.1]",2136,0.0768305772815,0.0828651685393,0.604868913858,0.927175780076,cal-logaffine-position,-1,2018
1,"(0.1, 0.15]",1610,0.120227132885,0.126086956522,0.63850931677,0.953525536678,cal-logaffine-position,-1,2018
1,"(0.15, 0.2]",764,0.174024229558,0.223821989529,0.759162303665,0.777511762469,cal-logaffine-position,-1,2018
1,"(0.2, 0.3]",1232,0.24608912149,0.29788961039,0.717532467532,0.826108440535,cal-logaffine-position,-1,2018
1,"(0.3, 0.4]",591,0.343080105898,0.377326565144,0.874788494078,0.909239204419,cal-logaffine-position,-1,2018
1,"(0.4, 0.6]",307,0.471863123602,0.550488599349,0.951140065147,0.857171473053,cal-logaffine-position,-1,2018
1,"(0.6, 0.8]",82,0.683159541636,0.817073170732,0.817073170732,0.836105707674,cal-logaffine-position,-1,2018
1,"(0.8, 1.0]",76,0.909795296383,0.723684210526,0.592105263158,1.25717168228,cal-logaffine-position,-1,2018
1,"(1.0, inf]",422,1.40860967262,1.59478672986,0.874407582938,0.883258962622,cal-logaffine-position,-1,2018
1,"(-0.001, 0.05]",1279,0.0381391469846,0.0820953870211,0.535574667709,0.464571133269,shipped,-1,2018
1,"(0.05, 0.1]",2235,0.0725234905937,0.105592841163,0.619686800895,0.686822040156,shipped,-1,2018
1,"(0.1, 0.15]",1128,0.123357185092,0.153368794326,0.635638297872,0.804317368695,shipped,-1,2018
1,"(0.15, 0.2]",713,0.173887272319,0.211781206171,0.664796633941,0.821070365321,shipped,-1,2018
1,"(0.2, 0.3]",732,0.245143038783,0.314207650273,0.857923497268,0.780194366909,shipped,-1,2018
1,"(0.3, 0.4]",468,0.348583450973,0.391025641026,0.933760683761,0.891459317242,shipped,-1,2018
1,"(0.4, 0.6]",434,0.481030914941,0.423963133641,0.963133640553,1.13460552763,shipped,-1,2018
1,"(0.6, 0.8]",144,0.690753329916,0.576388888889,0.895833333333,1.19841541576,shipped,-1,2018
1,"(0.8, 1.0]",90,0.89840283444,0.822222222222,0.8,1.09265209594,shipped,-1,2018
1,"(1.0, inf]",476,1.75157033752,1.50630252101,0.855042016807,1.16282772756,shipped,-1,2018
1,"(-0.001, 0.05]",1008,0.0362705369583,0.0615079365079,0.643849206349,0.589688729903,cal-level-pooled,-1,2019
1,"(0.05, 0.1]",1820,0.0731892718044,0.089010989011,0.690659340659,0.822249843728,cal-level-pooled,-1,2019
1,"(0.1, 0.15]",1204,0.123132460213,0.151993355482,0.65365448505,0.810117388504,cal-level-pooled,-1,2019
1,"(0.15, 0.2]",758,0.172926582637,0.215039577836,0.729551451187,0.804161654225,cal-level-pooled,-1,2019
1,"(0.2, 0.3]",783,0.244927405307,0.310344827586,0.887611749681,0.78921052821,cal-level-pooled,-1,2019
1,"(0.3, 0.4]",369,0.346702312763,0.352303523035,0.956639566396,0.984101180073,cal-level-pooled,-1,2019
1,"(0.4, 0.6]",432,0.483538577751,0.458333333333,0.981481481481,1.05499326055,cal-level-pooled,-1,2019
1,"(0.6, 0.8]",169,0.682093347465,0.639053254438,0.958579881657,1.0673497752,cal-level-pooled,-1,2019
1,"(0.8, 1.0]",112,0.901162590855,0.955357142857,0.857142857143,0.943272992296,cal-level-pooled,-1,2019
1,"(1.0, inf]",463,1.61474429848,1.48596112311,0.922246220302,1.08666658459,cal-level-pooled,-1,2019
1,"(-0.001, 0.05]",1027,0.0356159759805,0.062317429406,0.628042843233,0.571525114562,cal-level-position,-1,2019
1,"(0.05, 0.1]",1705,0.073593779312,0.0850439882698,0.696774193548,0.865361336048,cal-level-position,-1,2019
1,"(0.1, 0.15]",1267,0.122726974906,0.151539068666,0.653512233623,0.809870193783,cal-level-position,-1,2019
1,"(0.15, 0.2]",755,0.172755412391,0.227814569536,0.728476821192,0.758315909041,cal-level-position,-1,2019
1,"(0.2, 0.3]",764,0.243304468061,0.277486910995,0.884816753927,0.876814215088,cal-level-position,-1,2019
1,"(0.3, 0.4]",391,0.346926999575,0.360613810742,0.961636828645,0.962045793147,cal-level-position,-1,2019
1,"(0.4, 0.6]",415,0.48297603908,0.472289156627,0.980722891566,1.02262783785,cal-level-position,-1,2019
1,"(0.6, 0.8]",211,0.683760849548,0.587677725118,0.957345971564,1.16349628431,cal-level-position,-1,2019
1,"(0.8, 1.0]",123,0.896651433907,0.959349593496,0.869918699187,0.934645138733,cal-level-position,-1,2019
1,"(1.0, inf]",460,1.57185706141,1.47826086957,0.921739130435,1.06331507096,cal-level-position,-1,2019
1,"(-0.001, 0.05]",269,0.0404649457408,0.0669144981413,0.747211895911,0.60472613357,cal-logaffine-pooled,-1,2019
1,"(0.05, 0.1]",1610,0.0763989708051,0.0645962732919,0.633540372671,1.1827148365,cal-logaffine-pooled,-1,2019
1,"(0.1, 0.15]",1406,0.12414912504,0.112375533428,0.704125177809,1.10477006207,cal-logaffine-pooled,-1,2019
1,"(0.15, 0.2]",1018,0.172889764075,0.173870333988,0.670923379175,0.994360338012,cal-logaffine-pooled,-1,2019
1,"(0.2, 0.3]",1105,0.242639893031,0.269683257919,0.80814479638,0.899721751006,cal-logaffine-pooled,-1,2019
1,"(0.3, 0.4]",498,0.345057725262,0.339357429719,0.949799196787,1.01679732059,cal-logaffine-pooled,-1,2019
1,"(0.4, 0.6]",509,0.482239378706,0.47347740668,0.976424361493,1.01850557577,cal-logaffine-pooled,-1,2019
1,"(0.6, 0.8]",187,0.685398543569,0.754010695187,0.935828877005,0.90900374218,cal-logaffine-pooled,-1,2019
1,"(0.8, 1.0]",139,0.89407183793,1.02877697842,0.848920863309,0.86906283547,cal-logaffine-pooled,-1,2019
1,"(1.0, inf]",377,1.35510388825,1.57824933687,0.936339522546,0.858612043482,cal-logaffine-pooled,-1,2019
1,"(-0.001, 0.05]",347,0.0405311469453,0.0489913544669,0.659942363112,0.827312234706,cal-logaffine-position,-1,2019
1,"(0.05, 0.1]",1562,0.076137597785,0.0742637644046,0.681177976953,1.02523213569,cal-logaffine-position,-1,2019
1,"(0.1, 0.15]",1472,0.124140746341,0.104619565217,0.704483695652,1.18659206892,cal-logaffine-position,-1,2019
1,"(0.15, 0.2]",855,0.173747567077,0.210526315789,0.818713450292,0.825300943616,cal-logaffine-position,-1,2019
1,"(0.2, 0.3]",1214,0.247577592885,0.247116968699,0.752059308072,1.00186399254,cal-logaffine-position,-1,2019
1,"(0.3, 0.4]",629,0.343153727228,0.368839427663,0.785373608903,0.930360751839,cal-logaffine-position,-1,2019
1,"(0.4, 0.6]",432,0.478003249387,0.518518518519,0.960648148148,0.921863409532,cal-logaffine-position,-1,2019
1,"(0.6, 0.8]",90,0.683671657976,0.744444444444,0.977777777778,0.918364913699,cal-logaffine-position,-1,2019
1,"(0.8, 1.0]",83,0.917916647106,1.01204819277,0.771084337349,0.906989067974,cal-logaffine-position,-1,2019
1,"(1.0, inf]",434,1.3816961227,1.54377880184,0.91935483871,0.895009130229,cal-logaffine-position,-1,2019
1,"(-0.001, 0.05]",825,0.0368531189008,0.0618181818182,0.647272727273,0.596153393984,shipped,-1,2019
1,"(0.05, 0.1]",1743,0.0733820849239,0.0808950086059,0.680436029834,0.907127475335,shipped,-1,2019
1,"(0.1, 0.15]",1214,0.123525071143,0.135914332784,0.671334431631,0.908845068892,shipped,-1,2019
1,"(0.15, 0.2]",798,0.173578526697,0.210526315789,0.691729323308,0.824498001811,shipped,-1,2019
1,"(0.2, 0.3]",833,0.243792652214,0.276110444178,0.845138055222,0.882953388235,shipped,-1,2019
1,"(0.3, 0.4]",424,0.344806147403,0.334905660377,0.948113207547,1.0295620176,shipped,-1,2019
1,"(0.4, 0.6]",456,0.48501459957,0.453947368421,0.978070175439,1.06843795847,shipped,-1,2019
1,"(0.6, 0.8]",212,0.685671452333,0.509433962264,0.966981132075,1.34594766569,shipped,-1,2019
1,"(0.8, 1.0]",104,0.899610882409,0.951923076923,0.913461538462,0.94504577546,shipped,-1,2019
1,"(1.0, inf]",509,1.69971087478,1.44007858546,0.911591355599,1.18029036188,shipped,-1,2019
1,"(-0.001, 0.05]",1050,0.0369299785505,0.0695238095238,0.632380952381,0.531184622987,cal-level-pooled,-1,2020
1,"(0.05, 0.1]",1808,0.0736585338569,0.0984513274336,0.6875,0.748172074232,cal-level-pooled,-1,2020
1,"(0.1, 0.15]",1259,0.122756400133,0.168387609214,0.666401906275,0.729010885696,cal-level-pooled,-1,2020
1,"(0.15, 0.2]",705,0.172757960572,0.239716312057,0.76170212766,0.720676699428,cal-level-pooled,-1,2020
1,"(0.2, 0.3]",838,0.244515528615,0.317422434368,0.924821002387,0.770315838267,cal-level-pooled,-1,2020
1,"(0.3, 0.4]",464,0.345744833767,0.413793103448,0.984913793103,0.835550014937,cal-level-pooled,-1,2020
1,"(0.4, 0.6]",370,0.484007455978,0.47027027027,0.991891891892,1.02921125696,cal-level-pooled,-1,2020
1,"(0.6, 0.8]",148,0.687135964276,0.716216216216,0.986486486486,0.959397384083,cal-level-pooled,-1,2020
1,"(0.8, 1.0]",109,0.897351490786,0.981651376147,0.853211009174,0.914124415847,cal-level-pooled,-1,2020
1,"(1.0, inf]",478,1.67785396258,1.69456066946,0.903765690377,0.990140980388,cal-level-pooled,-1,2020
1,"(-0.001, 0.05]",1027,0.0361174502507,0.062317429406,0.616358325219,0.579572209491,cal-level-position,-1,2020
1,"(0.05, 0.1]",1800,0.074705413924,0.102777777778,0.687222222222,0.726863486828,cal-level-position,-1,2020
1,"(0.1, 0.15]",1261,0.122767218693,0.163362410785,0.666137985726,0.751502246466,cal-level-position,-1,2020
1,"(0.15, 0.2]",713,0.171632550668,0.227208976157,0.761570827489,0.755395114979,cal-level-position,-1,2020
1,"(0.2, 0.3]",814,0.244488905685,0.31941031941,0.933660933661,0.765438343183,cal-level-position,-1,2020
1,"(0.3, 0.4]",461,0.345134631423,0.433839479393,0.984815618221,0.79553532543,cal-level-position,-1,2020
1,"(0.4, 0.6]",401,0.481381518905,0.4463840399,0.992518703242,1.07840217364,cal-level-position,-1,2020
1,"(0.6, 0.8]",157,0.689515766591,0.694267515924,0.987261146497,0.9931557372,cal-level-position,-1,2020
1,"(0.8, 1.0]",119,0.893631464559,0.865546218487,0.848739495798,1.03244800274,cal-level-position,-1,2020
1,"(1.0, inf]",476,1.63781397794,1.72058823529,0.90756302521,0.951891884617,cal-level-position,-1,2020
1,"(-0.001, 0.05]",256,0.0413604829239,0.07421875,0.67578125,0.557278085711,cal-logaffine-pooled,-1,2020
1,"(0.05, 0.1]",1617,0.0754927818731,0.0667903525046,0.65367965368,1.13029470638,cal-logaffine-pooled,-1,2020
1,"(0.1, 0.15]",1483,0.12396940396,0.125421443021,0.684423465947,0.988422720822,cal-logaffine-pooled,-1,2020
1,"(0.15, 0.2]",1046,0.17296531871,0.2017208413,0.67017208413,0.857448925926,cal-logaffine-pooled,-1,2020
1,"(0.2, 0.3]",1096,0.246280463902,0.274635036496,0.870437956204,0.89675544331,cal-logaffine-pooled,-1,2020
1,"(0.3, 0.4]",578,0.34596425825,0.432525951557,0.980968858131,0.799869365073,cal-logaffine-pooled,-1,2020
1,"(0.4, 0.6]",455,0.479731067219,0.47032967033,0.993406593407,1.01998895133,cal-logaffine-pooled,-1,2020
1,"(0.6, 0.8]",170,0.691573319196,0.723529411765,0.947058823529,0.955833042791,cal-logaffine-pooled,-1,2020
1,"(0.8, 1.0]",137,0.901337056964,1.16058394161,0.846715328467,0.776623753485,cal-logaffine-pooled,-1,2020
1,"(1.0, inf]",391,1.40061389736,1.83120204604,0.913043478261,0.764860382496,cal-logaffine-pooled,-1,2020
1,"(-0.001, 0.05]",288,0.0416247449667,0.0555555555556,0.607638888889,0.749245409401,cal-logaffine-position,-1,2020
1,"(0.05, 0.1]",1619,0.0756434979655,0.0710315009265,0.66893143916,1.06492889744,cal-logaffine-position,-1,2020
1,"(0.1, 0.15]",1523,0.122845863974,0.124097176625,0.720945502298,0.989916671074,cal-logaffine-position,-1,2020
1,"(0.15, 0.2]",858,0.172483611582,0.203962703963,0.817016317016,0.845662507072,cal-logaffine-position,-1,2020
1,"(0.2, 0.3]",1322,0.247646980669,0.296520423601,0.784417549168,0.835176807258,cal-logaffine-position,-1,2020
1,"(0.3, 0.4]",640,0.340252703026,0.3625,0.8515625,0.938628146278,cal-logaffine-position,-1,2020
1,"(0.4, 0.6]",358,0.471208311865,0.600558659218,0.994413407821,0.78461663092,cal-logaffine-position,-1,2020
1,"(0.6, 0.8]",98,0.682741517376,1.0306122449,1,0.662462066365,cal-logaffine-position,-1,2020
1,"(0.8, 1.0]",74,0.917901194932,0.918918918919,0.783783783784,0.998892476838,cal-logaffine-position,-1,2020
1,"(1.0, inf]",449,1.41759538935,1.74610244989,0.895322939866,0.811862665583,cal-logaffine-position,-1,2020
1,"(-0.001, 0.05]",851,0.0377546411422,0.0634547591069,0.62749706228,0.594985178,shipped,-1,2020
1,"(0.05, 0.1]",1721,0.0737487644959,0.0970366066241,0.686809994189,0.760009722739,shipped,-1,2020
1,"(0.1, 0.15]",1275,0.123263161865,0.142745098039,0.665882352941,0.863519403173,shipped,-1,2020
1,"(0.15, 0.2]",756,0.172379248908,0.219576719577,0.71164021164,0.785052482977,shipped,-1,2020
1,"(0.2, 0.3]",895,0.245988310834,0.286033519553,0.890502793296,0.85999819608,shipped,-1,2020
1,"(0.3, 0.4]",484,0.346296753114,0.429752066116,0.98347107438,0.805805906286,shipped,-1,2020
1,"(0.4, 0.6]",444,0.480928303128,0.468468468468,0.986486486486,1.02659695475,shipped,-1,2020
1,"(0.6, 0.8]",172,0.684297002603,0.53488372093,1,1.27933787443,shipped,-1,2020
1,"(0.8, 1.0]",106,0.895131956996,0.792452830189,0.915094339623,1.12957127907,shipped,-1,2020
1,"(1.0, inf]",525,1.77259824976,1.65714285714,0.895238095238,1.06967135762,shipped,-1,2020
1,"(-0.001, 0.05]",958,0.0367560774032,0.0542797494781,0.657620041754,0.67716004139,cal-level-pooled,-1,2021
1,"(0.05, 0.1]",1916,0.0729955746969,0.0887265135699,0.678496868476,0.822703065407,cal-level-pooled,-1,2021
1,"(0.1, 0.15]",1291,0.122985351798,0.175832687839,0.720371804802,0.699445326748,cal-level-pooled,-1,2021
1,"(0.15, 0.2]",867,0.173167982137,0.213379469435,0.738177623991,0.811549408178,cal-level-pooled,-1,2021
1,"(0.2, 0.3]",906,0.243408094941,0.25055187638,0.89293598234,0.971487815053,cal-level-pooled,-1,2021
1,"(0.3, 0.4]",433,0.345406895818,0.385681293303,0.953810623557,0.895575963409,cal-level-pooled,-1,2021
1,"(0.4, 0.6]",420,0.486851606689,0.519047619048,0.985714285714,0.937970985365,cal-level-pooled,-1,2021
1,"(0.6, 0.8]",200,0.689694876685,0.645,0.99,1.06929438246,cal-level-pooled,-1,2021
1,"(0.8, 1.0]",125,0.899337147973,0.776,0.896,1.15893962368,cal-level-pooled,-1,2021
1,"(1.0, inf]",495,1.74558566962,1.45252525253,0.832323232323,1.20175925794,cal-level-pooled,-1,2021
1,"(-0.001, 0.05]",975,0.0365877563945,0.0512820512821,0.633846153846,0.713461249693,cal-level-position,-1,2021
1,"(0.05, 0.1]",1817,0.0732212245599,0.0930104567969,0.68409466153,0.78723647944,cal-level-position,-1,2021
1,"(0.1, 0.15]",1353,0.122802816855,0.166297117517,0.714708056171,0.738454272023,cal-level-position,-1,2021
1,"(0.15, 0.2]",864,0.173551299057,0.216435185185,0.747685185185,0.801862686552,cal-level-position,-1,2021
1,"(0.2, 0.3]",895,0.242898265271,0.25251396648,0.892737430168,0.961920121317,cal-level-position,-1,2021
1,"(0.3, 0.4]",433,0.344551552893,0.37182448037,0.960739030023,0.926651070824,cal-level-position,-1,2021
1,"(0.4, 0.6]",429,0.485220776043,0.482517482517,0.983682983683,1.00560247789,cal-level-position,-1,2021
1,"(0.6, 0.8]",216,0.68828513681,0.685185185185,0.986111111111,1.00452425372,cal-level-position,-1,2021
1,"(0.8, 1.0]",134,0.900894366423,0.738805970149,0.880597014925,1.21939237476,cal-level-position,-1,2021
1,"(1.0, inf]",495,1.70372425075,1.45252525253,0.840404040404,1.17293950504,cal-level-position,-1,2021
1,"(-0.001, 0.05]",244,0.0397206249355,0.0327868852459,0.622950819672,1.21147906053,cal-logaffine-pooled,-1,2021
1,"(0.05, 0.1]",1668,0.0768329577416,0.0611510791367,0.66067146283,1.25644483836,cal-logaffine-pooled,-1,2021
1,"(0.1, 0.15]",1490,0.124553902412,0.122818791946,0.706711409396,1.01412740215,cal-logaffine-pooled,-1,2021
1,"(0.15, 0.2]",1082,0.173640342082,0.206099815157,0.719038817006,0.842506054406,cal-logaffine-pooled,-1,2021
1,"(0.2, 0.3]",1275,0.242599970557,0.225882352941,0.825098039216,1.07401028632,cal-logaffine-pooled,-1,2021
1,"(0.3, 0.4]",571,0.344713438815,0.366024518389,0.954465849387,0.941776907002,cal-logaffine-pooled,-1,2021
1,"(0.4, 0.6]",501,0.484444680838,0.508982035928,0.986027944112,0.951791314117,cal-logaffine-pooled,-1,2021
1,"(0.6, 0.8]",225,0.687548866689,0.697777777778,0.968888888889,0.985340732516,cal-logaffine-pooled,-1,2021
1,"(0.8, 1.0]",129,0.893776443336,0.829457364341,0.77519379845,1.07754356253,cal-logaffine-pooled,-1,2021
1,"(1.0, inf]",426,1.43654838368,1.54694835681,0.854460093897,0.928633704777,cal-logaffine-pooled,-1,2021
1,"(-0.001, 0.05]",263,0.0403451224803,0.0266159695817,0.58174904943,1.51582388747,cal-logaffine-position,-1,2021
1,"(0.05, 0.1]",1709,0.0759966240909,0.061439438268,0.675833820948,1.23693552925,cal-logaffine-position,-1,2021
1,"(0.1, 0.15]",1547,0.123752542481,0.118939883646,0.723981900452,1.04046295227,cal-logaffine-position,-1,2021
1,"(0.15, 0.2]",927,0.173807659896,0.196332254585,0.828478964401,0.8852730809,cal-logaffine-position,-1,2021
1,"(0.2, 0.3]",1362,0.247281915023,0.248164464023,0.825256975037,0.996443693081,cal-logaffine-position,-1,2021
1,"(0.3, 0.4]",701,0.342594714963,0.378031383738,0.774607703281,0.906259981846,cal-logaffine-position,-1,2021
1,"(0.4, 0.6]",448,0.480452160826,0.602678571429,0.977678571429,0.797194696482,cal-logaffine-position,-1,2021
1,"(0.6, 0.8]",105,0.668486876043,0.733333333333,1,0.911573012786,cal-logaffine-position,-1,2021
1,"(0.8, 1.0]",67,0.920799508613,0.850746268657,0.820895522388,1.08234328205,cal-logaffine-position,-1,2021
1,"(1.0, inf]",482,1.45492910239,1.46473029046,0.823651452282,0.993308537322,cal-logaffine-position,-1,2021
1,"(-0.001, 0.05]",762,0.0371252428524,0.0551181102362,0.664041994751,0.673557977464,shipped,-1,2021
1,"(0.05, 0.1]",1836,0.0732590867141,0.0811546840959,0.668845315904,0.902709283269,shipped,-1,2021
1,"(0.1, 0.15]",1296,0.123657217987,0.15200617284,0.719907407407,0.813501291938,shipped,-1,2021
1,"(0.15, 0.2]",881,0.174059713917,0.206583427923,0.718501702611,0.842563780005,shipped,-1,2021
1,"(0.2, 0.3]",992,0.243462370667,0.237903225806,0.851814516129,1.02336725297,shipped,-1,2021
1,"(0.3, 0.4]",477,0.344514811932,0.360587002096,0.945492662474,0.955427705184,shipped,-1,2021
1,"(0.4, 0.6]",456,0.482080111663,0.451754385965,0.989035087719,1.06712879087,shipped,-1,2021
1,"(0.6, 0.8]",240,0.691332623771,0.6625,0.991666666667,1.04352094154,shipped,-1,2021
1,"(0.8, 1.0]",120,0.892765500256,0.7,0.933333333333,1.27537928608,shipped,-1,2021
1,"(1.0, inf]",551,1.8236584158,1.38656987296,0.83666061706,1.31523008783,shipped,-1,2021
1,"(-0.001, 0.05]",1208,0.0354399081264,0.0604304635762,0.672185430464,0.586457657762,cal-level-pooled,-1,2022
1,"(0.05, 0.1]",1886,0.0730667728165,0.0970307529162,0.699363732768,0.753026959191,cal-level-pooled,-1,2022
1,"(0.1, 0.15]",1302,0.123363772493,0.143625192012,0.68509984639,0.858928512222,cal-level-pooled,-1,2022
1,"(0.15, 0.2]",806,0.172511095322,0.214640198511,0.781637717122,0.803722212889,cal-level-pooled,-1,2022
1,"(0.2, 0.3]",748,0.241308121407,0.244652406417,0.881016042781,0.986330463458,cal-level-pooled,-1,2022
1,"(0.3, 0.4]",426,0.347928950688,0.3779342723,0.969483568075,0.920607037223,cal-level-pooled,-1,2022
1,"(0.4, 0.6]",400,0.479532240594,0.41,0.99,1.16959083072,cal-level-pooled,-1,2022
1,"(0.6, 0.8]",191,0.688874502286,0.764397905759,0.984293193717,0.901198835182,cal-level-pooled,-1,2022
1,"(0.8, 1.0]",118,0.897239995432,0.728813559322,0.906779661017,1.23109673792,cal-level-pooled,-1,2022
1,"(1.0, inf]",447,1.57986570751,1.43176733781,0.897091722595,1.10343745509,cal-level-pooled,-1,2022
1,"(-0.001, 0.05]",1201,0.0349870332581,0.0574521232306,0.660283097419,0.608977202072,cal-level-position,-1,2022
1,"(0.05, 0.1]",1841,0.0736615380544,0.099402498642,0.698533405758,0.741043123269,cal-level-position,-1,2022
1,"(0.1, 0.15]",1332,0.122924420735,0.134384384384,0.686936936937,0.914722505135,cal-level-position,-1,2022
1,"(0.15, 0.2]",799,0.17247760643,0.222778473091,0.784730913642,0.774211278303,cal-level-position,-1,2022
1,"(0.2, 0.3]",751,0.240993267207,0.242343541944,0.885486018642,0.994428261938,cal-level-position,-1,2022
1,"(0.3, 0.4]",405,0.346719225111,0.367901234568,0.967901234568,0.942424739396,cal-level-position,-1,2022
1,"(0.4, 0.6]",431,0.480690356953,0.422273781903,0.990719257541,1.138338153,cal-level-position,-1,2022
1,"(0.6, 0.8]",203,0.690319298014,0.71921182266,0.985221674877,0.959827517102,cal-level-position,-1,2022
1,"(0.8, 1.0]",133,0.898953480755,0.729323308271,0.894736842105,1.23258570042,cal-level-position,-1,2022
1,"(1.0, inf]",436,1.55410954793,1.44724770642,0.901376146789,1.07383797607,cal-level-position,-1,2022
1,"(-0.001, 0.05]",379,0.040329874691,0.0501319261214,0.683377308707,0.804474868837,cal-logaffine-pooled,-1,2022
1,"(0.05, 0.1]",1744,0.0757362180924,0.069380733945,0.657683486239,1.09160301118,cal-logaffine-pooled,-1,2022
1,"(0.1, 0.15]",1471,0.12388510416,0.12984364378,0.740312712441,0.954109885965,cal-logaffine-pooled,-1,2022
1,"(0.15, 0.2]",1123,0.173410982878,0.154051647373,0.689225289403,1.12566782527,cal-logaffine-pooled,-1,2022
1,"(0.2, 0.3]",1094,0.241239326145,0.23491773309,0.832723948812,1.02690981635,cal-logaffine-pooled,-1,2022
1,"(0.3, 0.4]",514,0.347314253237,0.348249027237,0.961089494163,0.997315788624,cal-logaffine-pooled,-1,2022
1,"(0.4, 0.6]",498,0.478796681105,0.449799196787,0.989959839357,1.06446762138,cal-logaffine-pooled,-1,2022
1,"(0.6, 0.8]",200,0.686146544353,0.735,0.96,0.933532713406,cal-logaffine-pooled,-1,2022
1,"(0.8, 1.0]",176,0.896530426806,0.875,0.852272727273,1.02460620206,cal-logaffine-pooled,-1,2022
1,"(1.0, inf]",333,1.36802560758,1.59459459459,0.924924924925,0.857914364076,cal-logaffine-pooled,-1,2022
1,"(-0.001, 0.05]",425,0.0398585793912,0.0423529411765,0.632941176471,0.941105346737,cal-logaffine-position,-1,2022
1,"(0.05, 0.1]",1766,0.0757529359837,0.0781426953567,0.676670441676,0.969418006864,cal-logaffine-position,-1,2022
1,"(0.1, 0.15]",1487,0.122984481155,0.114324142569,0.778749159381,1.07575249105,cal-logaffine-position,-1,2022
1,"(0.15, 0.2]",929,0.173625938829,0.175457481163,0.842841765339,0.989561332342,cal-logaffine-position,-1,2022
1,"(0.2, 0.3]",1259,0.245758415491,0.224781572677,0.750595710882,1.09332100743,cal-logaffine-position,-1,2022
1,"(0.3, 0.4]",647,0.343856679108,0.369397217929,0.80370942813,0.930858876079,cal-logaffine-position,-1,2022
1,"(0.4, 0.6]",392,0.477436503839,0.520408163265,0.977040816327,0.917427007377,cal-logaffine-position,-1,2022
1,"(0.6, 0.8]",104,0.684343134004,0.663461538462,0.951923076923,1.03147370922,cal-logaffine-position,-1,2022
1,"(0.8, 1.0]",94,0.912664860019,0.914893617021,0.872340425532,0.997563916765,cal-logaffine-position,-1,2022
1,"(1.0, inf]",429,1.35941113031,1.45920745921,0.892773892774,0.931609225083,cal-logaffine-position,-1,2022
1,"(-0.001, 0.05]",974,0.0362525286958,0.0564681724846,0.675564681725,0.641999326358,shipped,-1,2022
1,"(0.05, 0.1]",1814,0.0735583473398,0.0926130099228,0.685777287762,0.794255012347,shipped,-1,2022
1,"(0.1, 0.15]",1263,0.123918899082,0.140934283452,0.703879651623,0.879267244607,shipped,-1,2022
1,"(0.15, 0.2]",875,0.172852618191,0.173714285714,0.738285714286,0.995039742876,shipped,-1,2022
1,"(0.2, 0.3]",865,0.241370345564,0.233526011561,0.836994219653,1.0335908362,shipped,-1,2022
1,"(0.3, 0.4]",430,0.34804996013,0.33023255814,0.955813953488,1.05395410462,shipped,-1,2022
1,"(0.4, 0.6]",472,0.480634720134,0.396186440678,0.989406779661,1.21315287649,shipped,-1,2022
1,"(0.6, 0.8]",206,0.687011494873,0.640776699029,0.985436893204,1.07215430261,shipped,-1,2022
1,"(0.8, 1.0]",121,0.882142791169,0.760330578512,0.95041322314,1.16020954056,shipped,-1,2022
1,"(1.0, inf]",512,1.66874451445,1.34375,0.8984375,1.24185638285,shipped,-1,2022
1,"(-0.001, 0.05]",1429,0.0346209020359,0.0538838348495,0.663400979706,0.642509987135,cal-level-pooled,-1,2023
1,"(0.05, 0.1]",1967,0.0741234703491,0.103202846975,0.731062531774,0.718230867865,cal-level-pooled,-1,2023
1,"(0.1, 0.15]",1250,0.122785659087,0.1512,0.7072,0.812074464862,cal-level-pooled,-1,2023
1,"(0.15, 0.2]",654,0.173970046672,0.235474006116,0.788990825688,0.738807860544,cal-level-pooled,-1,2023
1,"(0.2, 0.3]",718,0.244445969283,0.307799442897,0.891364902507,0.794172877581,cal-level-pooled,-1,2023
1,"(0.3, 0.4]",410,0.346337502992,0.473170731707,0.985365853659,0.731950392922,cal-level-pooled,-1,2023
1,"(0.4, 0.6]",385,0.481678964668,0.431168831169,0.968831168831,1.11714699637,cal-level-pooled,-1,2023
1,"(0.6, 0.8]",171,0.692619383368,0.678362573099,0.93567251462,1.02101650479,cal-level-pooled,-1,2023
1,"(0.8, 1.0]",114,0.89762819132,0.80701754386,0.798245614035,1.11227841098,cal-level-pooled,-1,2023
1,"(1.0, inf]",409,1.5254240929,1.41320293399,0.848410757946,1.07940908996,cal-level-pooled,-1,2023
1,"(-0.001, 0.05]",1396,0.0340195411525,0.054441260745,0.655444126074,0.624885255906,cal-level-position,-1,2023
1,"(0.05, 0.1]",1947,0.0744714147118,0.101694915254,0.728299948639,0.732302244666,cal-level-position,-1,2023
1,"(0.1, 0.15]",1272,0.122498605221,0.150943396226,0.704402515723,0.811553259589,cal-level-position,-1,2023
1,"(0.15, 0.2]",662,0.173443273381,0.23413897281,0.79003021148,0.740770625667,cal-level-position,-1,2023
1,"(0.2, 0.3]",710,0.244987750931,0.287323943662,0.905633802817,0.852653446866,cal-level-position,-1,2023
1,"(0.3, 0.4]",398,0.347000679512,0.472361809045,0.98743718593,0.734607821521,cal-level-position,-1,2023
1,"(0.4, 0.6]",411,0.480988482563,0.435523114355,0.968369829684,1.10439254935,cal-level-position,-1,2023
1,"(0.6, 0.8]",189,0.691326017316,0.671957671958,0.931216931217,1.02882375805,cal-level-position,-1,2023
1,"(0.8, 1.0]",129,0.902414383229,0.798449612403,0.77519379845,1.13020830521,cal-level-position,-1,2023
1,"(1.0, inf]",393,1.50811364136,1.44529262087,0.862595419847,1.04346595256,cal-level-position,-1,2023
1,"(-0.001, 0.05]",497,0.0401485908541,0.056338028169,0.676056338028,0.712637487661,cal-logaffine-pooled,-1,2023
1,"(0.05, 0.1]",1832,0.0743377392952,0.0698689956332,0.700327510917,1.06395889366,cal-logaffine-pooled,-1,2023
1,"(0.1, 0.15]",1590,0.123307109778,0.12641509434,0.712578616352,0.975414450485,cal-logaffine-pooled,-1,2023
1,"(0.15, 0.2]",962,0.17184455813,0.174636174636,0.714137214137,0.984014672152,cal-logaffine-pooled,-1,2023
1,"(0.2, 0.3]",994,0.243122485219,0.259557344064,0.853118712274,0.936681202745,cal-logaffine-pooled,-1,2023
1,"(0.3, 0.4]",517,0.346228182676,0.462282398453,0.980657640232,0.748953851228,cal-logaffine-pooled,-1,2023
1,"(0.4, 0.6]",466,0.481588276258,0.43991416309,0.974248927039,1.09473237432,cal-logaffine-pooled,-1,2023
1,"(0.6, 0.8]",193,0.698789474729,0.772020725389,0.886010362694,0.905143413575,cal-logaffine-pooled,-1,2023
1,"(0.8, 1.0]",157,0.903249923444,0.859872611465,0.726114649682,1.05044620726,cal-logaffine-pooled,-1,2023
1,"(1.0, inf]",299,1.3301578771,1.60200668896,0.896321070234,0.830307317854,cal-logaffine-pooled,-1,2023
1,"(-0.001, 0.05]",535,0.0400876732506,0.0448598130841,0.642990654206,0.893621049545,cal-logaffine-position,-1,2023
1,"(0.05, 0.1]",1888,0.0750244998958,0.0741525423729,0.704978813559,1.01175897002,cal-logaffine-position,-1,2023
1,"(0.1, 0.15]",1504,0.122095475047,0.110372340426,0.763962765957,1.10621442452,cal-logaffine-position,-1,2023
1,"(0.15, 0.2]",804,0.173059026186,0.15671641791,0.827114427861,1.10428140519,cal-logaffine-position,-1,2023
1,"(0.2, 0.3]",1206,0.246776483833,0.293532338308,0.785240464345,0.840713105939,cal-logaffine-position,-1,2023
1,"(0.3, 0.4]",631,0.344106653751,0.410459587956,0.855784469097,0.838344781919,cal-logaffine-position,-1,2023
1,"(0.4, 0.6]",333,0.470394911804,0.564564564565,0.966966966967,0.833199498036,cal-logaffine-position,-1,2023
1,"(0.6, 0.8]",88,0.691955436228,0.761363636364,0.897727272727,0.908836990867,cal-logaffine-position,-1,2023
1,"(0.8, 1.0]",119,0.906393839583,0.865546218487,0.747899159664,1.04719288263,cal-logaffine-position,-1,2023
1,"(1.0, inf]",399,1.31866197989,1.41102756892,0.839598997494,0.93454019534,cal-logaffine-position,-1,2023
1,"(-0.001, 0.05]",1169,0.0357852726965,0.0564585115483,0.656971770744,0.633833087609,shipped,-1,2023
1,"(0.05, 0.1]",1845,0.0743546263776,0.0894308943089,0.719241192412,0.831419913131,shipped,-1,2023
1,"(0.1, 0.15]",1295,0.123263872924,0.144401544402,0.72277992278,0.853618799128,shipped,-1,2023
1,"(0.15, 0.2]",722,0.172467617366,0.203601108033,0.731301939058,0.847085848558,shipped,-1,2023
1,"(0.2, 0.3]",793,0.243387288412,0.257250945776,0.861286254729,0.946108429955,shipped,-1,2023
1,"(0.3, 0.4]",445,0.34583775748,0.458426966292,0.970786516854,0.754400990581,shipped,-1,2023
1,"(0.4, 0.6]",457,0.482826856675,0.409190371991,0.978118161926,1.17995654278,shipped,-1,2023
1,"(0.6, 0.8]",185,0.684828922785,0.551351351351,0.962162162162,1.24209167368,shipped,-1,2023
1,"(0.8, 1.0]",128,0.892581800813,0.8359375,0.875,1.06776140658,shipped,-1,2023
1,"(1.0, inf]",468,1.6335774398,1.32692307692,0.833333333333,1.23110183869,shipped,-1,2023
1,"(-0.001, 0.05]",1431,0.033690018099,0.0559049615653,0.670859538784,0.602630198745,cal-level-pooled,-1,2024
1,"(0.05, 0.1]",2024,0.0734327815682,0.0948616600791,0.709486166008,0.774103905698,cal-level-pooled,-1,2024
1,"(0.1, 0.15]",1168,0.122603870239,0.204623287671,0.741438356164,0.599168704768,cal-level-pooled,-1,2024
1,"(0.15, 0.2]",629,0.172272398916,0.294117647059,0.831478537361,0.585726156314,cal-level-pooled,-1,2024
1,"(0.2, 0.3]",748,0.243885375264,0.320855614973,0.930481283422,0.760109419573,cal-level-pooled,-1,2024
1,"(0.3, 0.4]",385,0.347153849974,0.392207792208,0.981818181818,0.885127365827,cal-level-pooled,-1,2024
1,"(0.4, 0.6]",367,0.482717358549,0.523160762943,0.972752043597,0.922694117642,cal-level-pooled,-1,2024
1,"(0.6, 0.8]",204,0.693273213333,0.705882352941,0.877450980392,0.982137052222,cal-level-pooled,-1,2024
1,"(0.8, 1.0]",135,0.88999613365,0.777777777778,0.807407407407,1.14428074326,cal-level-pooled,-1,2024
1,"(1.0, inf]",415,1.53678407127,1.47469879518,0.879518072289,1.04210030976,cal-level-pooled,-1,2024
1,"(-0.001, 0.05]",1417,0.0331103181191,0.0529287226535,0.661256175018,0.625564276997,cal-level-position,-1,2024
1,"(0.05, 0.1]",1983,0.0738168149832,0.0973272818961,0.71961674231,0.758439088662,cal-level-position,-1,2024
1,"(0.1, 0.15]",1190,0.122046228837,0.199159663866,0.726890756303,0.612805959141,cal-level-position,-1,2024
1,"(0.15, 0.2]",645,0.172344537542,0.288372093023,0.840310077519,0.597646380185,cal-level-position,-1,2024
1,"(0.2, 0.3]",730,0.245405432432,0.319178082192,0.927397260274,0.768866805475,cal-level-position,-1,2024
1,"(0.3, 0.4]",375,0.347965602163,0.394666666667,0.978666666667,0.881669600075,cal-level-position,-1,2024
1,"(0.4, 0.6]",401,0.483187083354,0.501246882793,0.965087281796,0.963970250871,cal-level-position,-1,2024
1,"(0.6, 0.8]",213,0.692961274458,0.704225352113,0.892018779343,0.984005009731,cal-level-position,-1,2024
1,"(0.8, 1.0]",145,0.890599645914,0.737931034483,0.779310344828,1.20688737063,cal-level-position,-1,2024
1,"(1.0, inf]",407,1.51199832119,1.49877149877,0.894348894349,1.00882510938,cal-level-position,-1,2024
1,"(-0.001, 0.05]",536,0.038449073599,0.044776119403,0.654850746269,0.858695977045,cal-logaffine-pooled,-1,2024
1,"(0.05, 0.1]",1875,0.0753305535311,0.0704,0.711466666667,1.07003627175,cal-logaffine-pooled,-1,2024
1,"(0.1, 0.15]",1523,0.123124842919,0.137885751806,0.690741956664,0.892948265548,cal-logaffine-pooled,-1,2024
1,"(0.15, 0.2]",947,0.172518711484,0.236536430834,0.772967265048,0.729353659712,cal-logaffine-pooled,-1,2024
1,"(0.2, 0.3]",963,0.243715607402,0.299065420561,0.895119418484,0.814924062251,cal-logaffine-pooled,-1,2024
1,"(0.3, 0.4]",501,0.344138056401,0.385229540918,0.974051896208,0.893332467653,cal-logaffine-pooled,-1,2024
1,"(0.4, 0.6]",455,0.48152972151,0.531868131868,0.967032967033,0.905355468129,cal-logaffine-pooled,-1,2024
1,"(0.6, 0.8]",236,0.693443803039,0.733050847458,0.864406779661,0.945969581024,cal-logaffine-pooled,-1,2024
1,"(0.8, 1.0]",146,0.891943258306,0.945205479452,0.801369863014,0.94365011386,cal-logaffine-pooled,-1,2024
1,"(1.0, inf]",324,1.30999818304,1.59259259259,0.891975308642,0.822556998655,cal-logaffine-pooled,-1,2024
1,"(-0.001, 0.05]",625,0.0390374122527,0.0448,0.6192,0.871370809211,cal-logaffine-position,-1,2024
1,"(0.05, 0.1]",1901,0.0758871118754,0.0710152551289,0.723829563388,1.06860296056,cal-logaffine-position,-1,2024
1,"(0.1, 0.15]",1378,0.12202086773,0.120464441219,0.767053701016,1.01292021525,cal-logaffine-position,-1,2024
1,"(0.15, 0.2]",820,0.173430167588,0.196341463415,0.870731707317,0.883308928089,cal-logaffine-position,-1,2024
1,"(0.2, 0.3]",1180,0.246768784982,0.320338983051,0.786440677966,0.770336418728,cal-logaffine-position,-1,2024
1,"(0.3, 0.4]",601,0.342091198192,0.470881863561,0.8768718802,0.7264904951,cal-logaffine-position,-1,2024
1,"(0.4, 0.6]",339,0.474113921732,0.575221238938,0.961651917404,0.82422881778,cal-logaffine-position,-1,2024
1,"(0.6, 0.8]",151,0.700361290572,0.761589403974,0.867549668874,0.919604825011,cal-logaffine-position,-1,2024
1,"(0.8, 1.0]",129,0.891593054965,0.713178294574,0.705426356589,1.25016852272,cal-logaffine-position,-1,2024
1,"(1.0, inf]",382,1.33580019854,1.53664921466,0.869109947644,0.869294166679,cal-logaffine-position,-1,2024
1,"(-0.001, 0.05]",1160,0.0343945841138,0.0525862068966,0.659482758621,0.654060943804,shipped,-1,2024
1,"(0.05, 0.1]",1919,0.0738214574033,0.0901511203752,0.721730067744,0.818863449462,shipped,-1,2024
1,"(0.1, 0.15]",1240,0.123193900054,0.168548387097,0.695967741935,0.730911177352,shipped,-1,2024
1,"(0.15, 0.2]",713,0.173562858838,0.245441795231,0.816269284712,0.707144676292,shipped,-1,2024
1,"(0.2, 0.3]",771,0.245347807235,0.324254215305,0.905317769131,0.756652637514,shipped,-1,2024
1,"(0.3, 0.4]",429,0.345324667473,0.354312354312,0.972027972028,0.974633436485,shipped,-1,2024
1,"(0.4, 0.6]",436,0.483892326987,0.506880733945,0.981651376147,0.954647305731,shipped,-1,2024
1,"(0.6, 0.8]",204,0.6927964522,0.598039215686,0.897058823529,1.15844652663,shipped,-1,2024
1,"(0.8, 1.0]",152,0.892999256048,0.75,0.861842105263,1.19066567473,shipped,-1,2024
1,"(1.0, inf]",482,1.63585645003,1.3755186722,0.865145228216,1.18926517181,shipped,-1,2024
1,"(-0.001, 0.05]",1273,0.0347761936511,0.0463472113119,0.703063629222,0.750340585048,cal-level-pooled,-1,2025
1,"(0.05, 0.1]",1857,0.0739982680142,0.0980075390415,0.769520732364,0.755026284079,cal-level-pooled,-1,2025
1,"(0.1, 0.15]",1233,0.121698393166,0.138686131387,0.67802108678,0.877509466514,cal-level-pooled,-1,2025
1,"(0.15, 0.2]",696,0.173019730628,0.239942528736,0.790229885057,0.721088218666,cal-level-pooled,-1,2025
1,"(0.2, 0.3]",794,0.245491686648,0.321158690176,0.920654911839,0.764393722349,cal-level-pooled,-1,2025
1,"(0.3, 0.4]",493,0.345354103141,0.391480730223,0.985801217039,0.882173952582,cal-level-pooled,-1,2025
1,"(0.4, 0.6]",427,0.485062693969,0.489461358314,0.992974238876,0.991013255143,cal-level-pooled,-1,2025
1,"(0.6, 0.8]",157,0.694071063172,0.68152866242,0.917197452229,1.01840333568,cal-level-pooled,-1,2025
1,"(0.8, 1.0]",121,0.891277058966,0.876033057851,0.884297520661,1.01740117108,cal-level-pooled,-1,2025
1,"(1.0, inf]",463,1.56888026534,1.51403887689,0.935205183585,1.03622191563,cal-level-pooled,-1,2025
1,"(-0.001, 0.05]",1265,0.0342049436956,0.0450592885375,0.699604743083,0.75910971535,cal-level-position,-1,2025
1,"(0.05, 0.1]",1802,0.0743613355625,0.100998890122,0.767480577137,0.736258937822,cal-level-position,-1,2025
1,"(0.1, 0.15]",1280,0.121656240849,0.13125,0.6828125,0.926904692182,cal-level-position,-1,2025
1,"(0.15, 0.2]",686,0.17271098956,0.239067055394,0.782798833819,0.722437431938,cal-level-position,-1,2025
1,"(0.2, 0.3]",774,0.244700509159,0.321705426357,0.93023255814,0.760635317627,cal-level-position,-1,2025
1,"(0.3, 0.4]",494,0.343833733411,0.382591093117,0.977732793522,0.898697694737,cal-level-position,-1,2025
1,"(0.4, 0.6]",457,0.482700979569,0.477024070022,0.993435448578,1.01190067735,cal-level-position,-1,2025
1,"(0.6, 0.8]",176,0.693287330313,0.664772727273,0.914772727273,1.04289376184,cal-level-position,-1,2025
1,"(0.8, 1.0]",121,0.892034090671,0.909090909091,0.892561983471,0.981237499738,cal-level-position,-1,2025
1,"(1.0, inf]",459,1.54198634606,1.51633986928,0.936819172113,1.01691340926,cal-level-position,-1,2025
1,"(-0.001, 0.05]",398,0.039828082511,0.0402010050251,0.701005025126,0.990723552461,cal-logaffine-pooled,-1,2025
1,"(0.05, 0.1]",1703,0.0747371263114,0.0610687022901,0.735760422783,1.22382044335,cal-logaffine-pooled,-1,2025
1,"(0.1, 0.15]",1561,0.124559580158,0.122357463165,0.739269698911,1.01799740642,cal-logaffine-pooled,-1,2025
1,"(0.15, 0.2]",943,0.172414177316,0.165429480382,0.695652173913,1.04222159749,cal-logaffine-pooled,-1,2025
1,"(0.2, 0.3]",1065,0.242873124272,0.29014084507,0.866666666667,0.837086981714,cal-logaffine-pooled,-1,2025
1,"(0.3, 0.4]",636,0.345462838883,0.372641509434,0.977987421384,0.927064833457,cal-logaffine-pooled,-1,2025
1,"(0.4, 0.6]",500,0.479406549127,0.478,0.992,1.0029425714,cal-logaffine-pooled,-1,2025
1,"(0.6, 0.8]",201,0.695909408927,0.726368159204,0.890547263682,0.958067062975,cal-logaffine-pooled,-1,2025
1,"(0.8, 1.0]",146,0.902027401332,1.14383561644,0.897260273973,0.788598805955,cal-logaffine-pooled,-1,2025
1,"(1.0, inf]",361,1.32448690893,1.62049861496,0.947368421053,0.817332947219,cal-logaffine-pooled,-1,2025
1,"(-0.001, 0.05]",474,0.0398258355921,0.0400843881857,0.666666666667,0.993549793194,cal-logaffine-position,-1,2025
1,"(0.05, 0.1]",1776,0.0747535857378,0.0681306306306,0.75,1.09720965513,cal-logaffine-position,-1,2025
1,"(0.1, 0.15]",1472,0.123315373577,0.110054347826,0.797554347826,1.12049524633,cal-logaffine-position,-1,2025
1,"(0.15, 0.2]",751,0.173113300463,0.206391478029,0.845539280959,0.838761862241,cal-logaffine-position,-1,2025
1,"(0.2, 0.3]",1274,0.249459766475,0.272370486656,0.798273155416,0.915883984119,cal-logaffine-position,-1,2025
1,"(0.3, 0.4]",748,0.342330533132,0.352941176471,0.810160427807,0.969936510541,cal-logaffine-position,-1,2025
1,"(0.4, 0.6]",359,0.473235429275,0.571030640669,0.983286908078,0.828739117608,cal-logaffine-position,-1,2025
1,"(0.6, 0.8]",124,0.683677103071,0.83064516129,0.975806451613,0.823067580396,cal-logaffine-position,-1,2025
1,"(0.8, 1.0]",101,0.903733018146,0.920792079208,0.752475247525,0.981473492826,cal-logaffine-position,-1,2025
1,"(1.0, inf]",435,1.33452293185,1.56551724138,0.931034482759,0.852448568804,cal-logaffine-position,-1,2025
1,"(-0.001, 0.05]",1041,0.0357353136022,0.0432276657061,0.686839577329,0.826676921331,shipped,-1,2025
1,"(0.05, 0.1]",1738,0.0740020274138,0.0880322209436,0.774453394707,0.84062433755,shipped,-1,2025
1,"(0.1, 0.15]",1282,0.122530683032,0.124024960998,0.691887675507,0.987951796519,shipped,-1,2025
1,"(0.15, 0.2]",749,0.173276481738,0.205607476636,0.736982643525,0.842753797545,shipped,-1,2025
1,"(0.2, 0.3]",830,0.244355133986,0.309638554217,0.886746987952,0.789162494975,shipped,-1,2025
1,"(0.3, 0.4]",534,0.346879069571,0.340823970037,0.975655430712,1.01776606127,shipped,-1,2025
1,"(0.4, 0.6]",506,0.483864906071,0.454545454545,0.994071146245,1.06450279336,shipped,-1,2025
1,"(0.6, 0.8]",190,0.687320694189,0.584210526316,0.973684210526,1.17649488194,shipped,-1,2025
1,"(0.8, 1.0]",122,0.894108519834,0.795081967213,0.860655737705,1.12454886,shipped,-1,2025
1,"(1.0, inf]",522,1.67360149925,1.45977011494,0.929118773946,1.14648291681,shipped,-1,2025
