schema_version,population,position,horizon,zero_class,n,outcomes_known,zero_lam_n,zero_lam_share,zero_lam_outcomes_known,zero_lam_positive_outcome_n,zero_lam_outcome_tds,outcome_tds,excluded_from_fit,season
1,all_eligible,QB,0,eligible_zero_rate,1352,1352,0,0,0,0,0,847,0,2016
1,all_eligible,RB,0,eligible_zero_rate,2170,2170,0,0,0,0,0,460,0,2016
1,all_eligible,TE,0,eligible_zero_rate,1654,1654,0,0,0,0,0,192,0,2016
1,all_eligible,WR,0,eligible_zero_rate,2979,2979,0,0,0,0,0,529,0,2016
1,all_eligible,QB,1,eligible_zero_rate,1306,1306,0,0,0,0,0,791,0,2016
1,all_eligible,RB,1,eligible_zero_rate,2148,2148,0,0,0,0,0,421,0,2016
1,all_eligible,TE,1,eligible_zero_rate,1653,1653,0,0,0,0,0,179,0,2016
1,all_eligible,WR,1,eligible_zero_rate,2908,2908,0,0,0,0,0,498,0,2016
1,all_eligible,QB,2-3,eligible_zero_rate,2344,2344,0,0,0,0,0,1418,0,2016
1,all_eligible,RB,2-3,eligible_zero_rate,3872,3872,0,0,0,0,0,762,0,2016
1,all_eligible,TE,2-3,eligible_zero_rate,2996,2996,0,0,0,0,0,325,0,2016
1,all_eligible,WR,2-3,eligible_zero_rate,5235,5235,0,0,0,0,0,897,0,2016
1,all_eligible,QB,4-6,eligible_zero_rate,2903,2903,0,0,0,0,0,1744,0,2016
1,all_eligible,RB,4-6,eligible_zero_rate,4832,4832,0,0,0,0,0,950,0,2016
1,all_eligible,TE,4-6,eligible_zero_rate,3792,3792,0,0,0,0,0,399,0,2016
1,all_eligible,WR,4-6,eligible_zero_rate,6515,6515,0,0,0,0,0,1089,0,2016
1,all_eligible,QB,7+,eligible_zero_rate,4782,4782,0,0,0,0,0,2683,0,2016
1,all_eligible,RB,7+,eligible_zero_rate,7979,7979,0,0,0,0,0,1488,0,2016
1,all_eligible,TE,7+,eligible_zero_rate,6261,6261,0,0,0,0,0,661,0,2016
1,all_eligible,WR,7+,eligible_zero_rate,10945,10945,0,0,0,0,0,1636,0,2016
1,available,QB,0,eligible_zero_rate,1231,1231,0,0,0,0,0,614,0,2016
1,available,RB,0,eligible_zero_rate,2053,2053,0,0,0,0,0,381,0,2016
1,available,TE,0,eligible_zero_rate,1640,1640,0,0,0,0,0,184,0,2016
1,available,WR,0,eligible_zero_rate,2867,2867,0,0,0,0,0,480,0,2016
1,common_top1,QB,0,eligible_zero_rate,17,17,0,0,0,0,0,26,0,2016
1,common_top1,RB,0,eligible_zero_rate,17,17,0,0,0,0,0,8,0,2016
1,common_top1,TE,0,eligible_zero_rate,3,3,0,0,0,0,0,0,0,2016
1,common_top1,WR,0,eligible_zero_rate,14,14,0,0,0,0,0,6,0,2016
1,common_top10,QB,0,eligible_zero_rate,170,170,0,0,0,0,0,273,0,2016
1,common_top10,RB,0,eligible_zero_rate,170,170,0,0,0,0,0,109,0,2016
1,common_top10,TE,0,eligible_zero_rate,44,44,0,0,0,0,0,14,0,2016
1,common_top10,WR,0,eligible_zero_rate,126,126,0,0,0,0,0,45,0,2016
1,common_top3,QB,0,eligible_zero_rate,51,51,0,0,0,0,0,81,0,2016
1,common_top3,RB,0,eligible_zero_rate,51,51,0,0,0,0,0,32,0,2016
1,common_top3,TE,0,eligible_zero_rate,8,8,0,0,0,0,0,1,0,2016
1,common_top3,WR,0,eligible_zero_rate,43,43,0,0,0,0,0,14,0,2016
1,common_top5,QB,0,eligible_zero_rate,85,85,0,0,0,0,0,139,0,2016
1,common_top5,RB,0,eligible_zero_rate,85,85,0,0,0,0,0,58,0,2016
1,common_top5,TE,0,eligible_zero_rate,18,18,0,0,0,0,0,8,0,2016
1,common_top5,WR,0,eligible_zero_rate,67,67,0,0,0,0,0,24,0,2016
1,depleted,QB,0,eligible_zero_rate,121,121,0,0,0,0,0,233,0,2016
1,depleted,RB,0,eligible_zero_rate,117,117,0,0,0,0,0,79,0,2016
1,depleted,TE,0,eligible_zero_rate,14,14,0,0,0,0,0,8,0,2016
1,depleted,WR,0,eligible_zero_rate,112,112,0,0,0,0,0,49,0,2016
1,excluded_unavailable,QB,0,exclusion: ruled out,40,40,40,1,40,0,0,0,40,2016
1,excluded_unavailable,RB,0,exclusion: ruled out,119,119,119,1,119,0,0,0,119,2016
1,excluded_unavailable,TE,0,exclusion: ruled out,99,99,99,1,99,0,0,0,99,2016
1,excluded_unavailable,WR,0,exclusion: ruled out,124,124,124,1,124,0,0,0,124,2016
1,selected_greedy,QB,0,eligible_zero_rate,17,17,0,0,0,0,0,26,0,2016
1,selected_greedy,RB,0,eligible_zero_rate,17,17,0,0,0,0,0,8,0,2016
1,selected_greedy,TE,0,eligible_zero_rate,3,3,0,0,0,0,0,0,0,2016
1,selected_greedy,WR,0,eligible_zero_rate,14,14,0,0,0,0,0,6,0,2016
1,selected_optimizer,QB,0,eligible_zero_rate,17,17,0,0,0,0,0,24,0,2016
1,selected_optimizer,RB,0,eligible_zero_rate,17,17,0,0,0,0,0,13,0,2016
1,selected_optimizer,TE,0,eligible_zero_rate,3,3,0,0,0,0,0,4,0,2016
1,selected_optimizer,WR,0,eligible_zero_rate,14,14,0,0,0,0,0,3,0,2016
1,all_eligible,QB,0,eligible_zero_rate,1277,1277,0,0,0,0,0,804,0,2017
1,all_eligible,RB,0,eligible_zero_rate,2171,2171,0,0,0,0,0,420,0,2017
1,all_eligible,TE,0,eligible_zero_rate,1630,1630,0,0,0,0,0,198,0,2017
1,all_eligible,WR,0,eligible_zero_rate,2848,2848,0,0,0,0,0,454,0,2017
1,all_eligible,QB,1,eligible_zero_rate,1230,1230,0,0,0,0,0,757,0,2017
1,all_eligible,RB,1,eligible_zero_rate,2106,2106,0,0,0,0,0,390,0,2017
1,all_eligible,TE,1,eligible_zero_rate,1579,1579,0,0,0,0,0,191,0,2017
1,all_eligible,WR,1,eligible_zero_rate,2766,2766,0,0,0,0,0,428,0,2017
1,all_eligible,QB,2-3,eligible_zero_rate,2220,2220,0,0,0,0,0,1362,0,2017
1,all_eligible,RB,2-3,eligible_zero_rate,3786,3786,0,0,0,0,0,705,0,2017
1,all_eligible,TE,2-3,eligible_zero_rate,2841,2841,0,0,0,0,0,338,0,2017
1,all_eligible,WR,2-3,eligible_zero_rate,4958,4958,0,0,0,0,0,753,0,2017
1,all_eligible,QB,4-6,eligible_zero_rate,2740,2740,0,0,0,0,0,1634,0,2017
1,all_eligible,RB,4-6,eligible_zero_rate,4679,4679,0,0,0,0,0,882,0,2017
1,all_eligible,TE,4-6,eligible_zero_rate,3502,3502,0,0,0,0,0,404,0,2017
1,all_eligible,WR,4-6,eligible_zero_rate,6108,6108,0,0,0,0,0,883,0,2017
1,all_eligible,QB,7+,eligible_zero_rate,4320,4320,0,0,0,0,0,2438,0,2017
1,all_eligible,RB,7+,eligible_zero_rate,7459,7459,0,0,0,0,0,1421,0,2017
1,all_eligible,TE,7+,eligible_zero_rate,5573,5573,0,0,0,0,0,566,0,2017
1,all_eligible,WR,7+,eligible_zero_rate,9633,9633,0,0,0,0,0,1365,0,2017
1,available,QB,0,eligible_zero_rate,1160,1160,0,0,0,0,0,610,0,2017
1,available,RB,0,eligible_zero_rate,2053,2053,0,0,0,0,0,354,0,2017
1,available,TE,0,eligible_zero_rate,1612,1612,0,0,0,0,0,192,0,2017
1,available,WR,0,eligible_zero_rate,2750,2750,0,0,0,0,0,411,0,2017
1,common_top1,QB,0,eligible_zero_rate,17,17,0,0,0,0,0,32,0,2017
1,common_top1,RB,0,eligible_zero_rate,17,17,0,0,0,0,0,12,0,2017
1,common_top1,TE,0,eligible_zero_rate,4,4,0,0,0,0,0,0,0,2017
1,common_top1,WR,0,eligible_zero_rate,13,13,0,0,0,0,0,1,0,2017
1,common_top10,QB,0,eligible_zero_rate,170,170,0,0,0,0,0,255,0,2017
1,common_top10,RB,0,eligible_zero_rate,170,170,0,0,0,0,0,74,0,2017
1,common_top10,TE,0,eligible_zero_rate,45,45,0,0,0,0,0,19,0,2017
1,common_top10,WR,0,eligible_zero_rate,125,125,0,0,0,0,0,50,0,2017
1,common_top3,QB,0,eligible_zero_rate,51,51,0,0,0,0,0,99,0,2017
1,common_top3,RB,0,eligible_zero_rate,51,51,0,0,0,0,0,31,0,2017
1,common_top3,TE,0,eligible_zero_rate,14,14,0,0,0,0,0,2,0,2017
1,common_top3,WR,0,eligible_zero_rate,37,37,0,0,0,0,0,12,0,2017
1,common_top5,QB,0,eligible_zero_rate,85,85,0,0,0,0,0,150,0,2017
1,common_top5,RB,0,eligible_zero_rate,85,85,0,0,0,0,0,43,0,2017
1,common_top5,TE,0,eligible_zero_rate,27,27,0,0,0,0,0,12,0,2017
1,common_top5,WR,0,eligible_zero_rate,58,58,0,0,0,0,0,24,0,2017
1,depleted,QB,0,eligible_zero_rate,117,117,0,0,0,0,0,194,0,2017
1,depleted,RB,0,eligible_zero_rate,118,118,0,0,0,0,0,66,0,2017
1,depleted,TE,0,eligible_zero_rate,18,18,0,0,0,0,0,6,0,2017
1,depleted,WR,0,eligible_zero_rate,98,98,0,0,0,0,0,43,0,2017
1,excluded_unavailable,QB,0,exclusion: ruled out,35,35,35,1,35,0,0,0,35,2017
1,excluded_unavailable,RB,0,exclusion: ruled out,77,77,77,1,77,0,0,0,77,2017
1,excluded_unavailable,TE,0,exclusion: ruled out,59,59,59,1,59,1,1,1,59,2017
1,excluded_unavailable,WR,0,exclusion: ruled out,113,113,113,1,113,0,0,0,113,2017
1,selected_greedy,QB,0,eligible_zero_rate,17,17,0,0,0,0,0,32,0,2017
1,selected_greedy,RB,0,eligible_zero_rate,17,17,0,0,0,0,0,12,0,2017
1,selected_greedy,TE,0,eligible_zero_rate,4,4,0,0,0,0,0,0,0,2017
1,selected_greedy,WR,0,eligible_zero_rate,13,13,0,0,0,0,0,1,0,2017
1,selected_optimizer,QB,0,eligible_zero_rate,17,17,0,0,0,0,0,28,0,2017
1,selected_optimizer,RB,0,eligible_zero_rate,17,17,0,0,0,0,0,12,0,2017
1,selected_optimizer,TE,0,eligible_zero_rate,4,4,0,0,0,0,0,0,0,2017
1,selected_optimizer,WR,0,eligible_zero_rate,13,13,0,0,0,0,0,4,0,2017
1,all_eligible,QB,0,eligible_zero_rate,1247,1247,0,0,0,0,0,907,0,2018
1,all_eligible,RB,0,eligible_zero_rate,2033,2033,0,0,0,0,0,474,0,2018
1,all_eligible,TE,0,eligible_zero_rate,1617,1617,0,0,0,0,0,192,0,2018
1,all_eligible,WR,0,eligible_zero_rate,2802,2802,0,0,0,0,0,563,0,2018
1,all_eligible,QB,1,eligible_zero_rate,1194,1194,0,0,0,0,0,851,0,2018
1,all_eligible,RB,1,eligible_zero_rate,1978,1978,0,0,0,0,0,442,0,2018
1,all_eligible,TE,1,eligible_zero_rate,1594,1594,0,0,0,0,0,185,0,2018
1,all_eligible,WR,1,eligible_zero_rate,2756,2756,0,0,0,0,0,520,0,2018
1,all_eligible,QB,2-3,eligible_zero_rate,2147,2147,0,0,0,0,0,1490,0,2018
1,all_eligible,RB,2-3,eligible_zero_rate,3555,3555,0,0,0,0,0,807,0,2018
1,all_eligible,TE,2-3,eligible_zero_rate,2872,2872,0,0,0,0,0,326,0,2018
1,all_eligible,WR,2-3,eligible_zero_rate,4961,4961,0,0,0,0,0,897,0,2018
1,all_eligible,QB,4-6,eligible_zero_rate,2652,2652,0,0,0,0,0,1787,0,2018
1,all_eligible,RB,4-6,eligible_zero_rate,4374,4374,0,0,0,0,0,981,0,2018
1,all_eligible,TE,4-6,eligible_zero_rate,3573,3573,0,0,0,0,0,405,0,2018
1,all_eligible,WR,4-6,eligible_zero_rate,6123,6123,0,0,0,0,0,1064,0,2018
1,all_eligible,QB,7+,eligible_zero_rate,4191,4191,0,0,0,0,0,2605,0,2018
1,all_eligible,RB,7+,eligible_zero_rate,6992,6992,0,0,0,0,0,1373,0,2018
1,all_eligible,TE,7+,eligible_zero_rate,5697,5697,0,0,0,0,0,561,0,2018
1,all_eligible,WR,7+,eligible_zero_rate,9753,9753,0,0,0,0,0,1626,0,2018
1,available,QB,0,eligible_zero_rate,1129,1129,0,0,0,0,0,665,0,2018
1,available,RB,0,eligible_zero_rate,1924,1924,0,0,0,0,0,387,0,2018
1,available,TE,0,eligible_zero_rate,1603,1603,0,0,0,0,0,184,0,2018
1,available,WR,0,eligible_zero_rate,2704,2704,0,0,0,0,0,507,0,2018
1,common_top1,QB,0,eligible_zero_rate,17,17,0,0,0,0,0,34,0,2018
1,common_top1,RB,0,eligible_zero_rate,17,17,0,0,0,0,0,16,0,2018
1,common_top1,TE,0,eligible_zero_rate,4,4,0,0,0,0,0,2,0,2018
1,common_top1,WR,0,eligible_zero_rate,13,13,0,0,0,0,0,9,0,2018
1,common_top10,QB,0,eligible_zero_rate,170,170,0,0,0,0,0,268,0,2018
1,common_top10,RB,0,eligible_zero_rate,170,170,0,0,0,0,0,107,0,2018
1,common_top10,TE,0,eligible_zero_rate,49,49,0,0,0,0,0,18,0,2018
1,common_top10,WR,0,eligible_zero_rate,121,121,0,0,0,0,0,48,0,2018
1,common_top3,QB,0,eligible_zero_rate,51,51,0,0,0,0,0,103,0,2018
1,common_top3,RB,0,eligible_zero_rate,51,51,0,0,0,0,0,39,0,2018
1,common_top3,TE,0,eligible_zero_rate,16,16,0,0,0,0,0,4,0,2018
1,common_top3,WR,0,eligible_zero_rate,35,35,0,0,0,0,0,15,0,2018
1,common_top5,QB,0,eligible_zero_rate,85,85,0,0,0,0,0,150,0,2018
1,common_top5,RB,0,eligible_zero_rate,85,85,0,0,0,0,0,62,0,2018
1,common_top5,TE,0,eligible_zero_rate,26,26,0,0,0,0,0,7,0,2018
1,common_top5,WR,0,eligible_zero_rate,59,59,0,0,0,0,0,27,0,2018
1,depleted,QB,0,eligible_zero_rate,118,118,0,0,0,0,0,242,0,2018
1,depleted,RB,0,eligible_zero_rate,109,109,0,0,0,0,0,87,0,2018
1,depleted,TE,0,eligible_zero_rate,14,14,0,0,0,0,0,8,0,2018
1,depleted,WR,0,eligible_zero_rate,98,98,0,0,0,0,0,56,0,2018
1,excluded_unavailable,QB,0,exclusion: ruled out,28,28,28,1,28,0,0,0,28,2018
1,excluded_unavailable,RB,0,exclusion: ruled out,79,79,79,1,79,0,0,0,79,2018
1,excluded_unavailable,TE,0,exclusion: ruled out,80,80,80,1,80,0,0,0,80,2018
1,excluded_unavailable,WR,0,exclusion: ruled out,140,140,140,1,140,0,0,0,140,2018
1,selected_greedy,QB,0,eligible_zero_rate,17,17,0,0,0,0,0,34,0,2018
1,selected_greedy,RB,0,eligible_zero_rate,17,17,0,0,0,0,0,16,0,2018
1,selected_greedy,TE,0,eligible_zero_rate,4,4,0,0,0,0,0,2,0,2018
1,selected_greedy,WR,0,eligible_zero_rate,13,13,0,0,0,0,0,9,0,2018
1,selected_optimizer,QB,0,eligible_zero_rate,17,17,0,0,0,0,0,31,0,2018
1,selected_optimizer,RB,0,eligible_zero_rate,17,17,0,0,0,0,0,17,0,2018
1,selected_optimizer,TE,0,eligible_zero_rate,4,4,0,0,0,0,0,3,0,2018
1,selected_optimizer,WR,0,eligible_zero_rate,13,13,0,0,0,0,0,9,0,2018
1,all_eligible,QB,0,eligible_zero_rate,1072,1072,0,0,0,0,0,879,0,2019
1,all_eligible,RB,0,eligible_zero_rate,1932,1932,0,0,0,0,0,460,0,2019
1,all_eligible,TE,0,eligible_zero_rate,1487,1487,0,0,0,0,0,198,0,2019
1,all_eligible,WR,0,eligible_zero_rate,2627,2627,0,0,0,0,0,507,0,2019
1,all_eligible,QB,1,eligible_zero_rate,1018,1018,0,0,0,0,0,787,0,2019
1,all_eligible,RB,1,eligible_zero_rate,1835,1835,0,0,0,0,0,412,0,2019
1,all_eligible,TE,1,eligible_zero_rate,1414,1414,0,0,0,0,0,182,0,2019
1,all_eligible,WR,1,eligible_zero_rate,2508,2508,0,0,0,0,0,450,0,2019
1,all_eligible,QB,2-3,eligible_zero_rate,1840,1840,0,0,0,0,0,1422,0,2019
1,all_eligible,RB,2-3,eligible_zero_rate,3303,3303,0,0,0,0,0,735,0,2019
1,all_eligible,TE,2-3,eligible_zero_rate,2552,2552,0,0,0,0,0,323,0,2019
1,all_eligible,WR,2-3,eligible_zero_rate,4512,4512,0,0,0,0,0,781,0,2019
1,all_eligible,QB,4-6,eligible_zero_rate,2293,2293,0,0,0,0,0,1751,0,2019
1,all_eligible,RB,4-6,eligible_zero_rate,4132,4132,0,0,0,0,0,876,0,2019
1,all_eligible,TE,4-6,eligible_zero_rate,3182,3182,0,0,0,0,0,391,0,2019
1,all_eligible,WR,4-6,eligible_zero_rate,5622,5622,0,0,0,0,0,948,0,2019
1,all_eligible,QB,7+,eligible_zero_rate,3816,3816,0,0,0,0,0,2678,0,2019
1,all_eligible,RB,7+,eligible_zero_rate,6742,6742,0,0,0,0,0,1386,0,2019
1,all_eligible,TE,7+,eligible_zero_rate,5281,5281,0,0,0,0,0,635,0,2019
1,all_eligible,WR,7+,eligible_zero_rate,9332,9332,0,0,0,0,0,1492,0,2019
1,available,QB,0,eligible_zero_rate,956,956,0,0,0,0,0,667,0,2019
1,available,RB,0,eligible_zero_rate,1824,1824,0,0,0,0,0,379,0,2019
1,available,TE,0,eligible_zero_rate,1487,1487,0,0,0,0,0,198,0,2019
1,available,WR,0,eligible_zero_rate,2527,2527,0,0,0,0,0,463,0,2019
1,common_top1,QB,0,eligible_zero_rate,17,17,0,0,0,0,0,38,0,2019
1,common_top1,RB,0,eligible_zero_rate,17,17,0,0,0,0,0,10,0,2019
1,common_top1,TE,0,eligible_zero_rate,1,1,0,0,0,0,0,1,0,2019
1,common_top1,WR,0,eligible_zero_rate,16,16,0,0,0,0,0,5,0,2019
1,common_top10,QB,0,eligible_zero_rate,170,170,0,0,0,0,0,266,0,2019
1,common_top10,RB,0,eligible_zero_rate,170,170,0,0,0,0,0,102,0,2019
1,common_top10,TE,0,eligible_zero_rate,42,42,0,0,0,0,0,18,0,2019
1,common_top10,WR,0,eligible_zero_rate,128,128,0,0,0,0,0,48,0,2019
1,common_top3,QB,0,eligible_zero_rate,51,51,0,0,0,0,0,97,0,2019
1,common_top3,RB,0,eligible_zero_rate,51,51,0,0,0,0,0,31,0,2019
1,common_top3,TE,0,eligible_zero_rate,9,9,0,0,0,0,0,3,0,2019
1,common_top3,WR,0,eligible_zero_rate,42,42,0,0,0,0,0,12,0,2019
1,common_top5,QB,0,eligible_zero_rate,85,85,0,0,0,0,0,153,0,2019
1,common_top5,RB,0,eligible_zero_rate,85,85,0,0,0,0,0,48,0,2019
1,common_top5,TE,0,eligible_zero_rate,21,21,0,0,0,0,0,8,0,2019
1,common_top5,WR,0,eligible_zero_rate,64,64,0,0,0,0,0,23,0,2019
1,depleted,QB,0,eligible_zero_rate,116,116,0,0,0,0,0,212,0,2019
1,depleted,RB,0,eligible_zero_rate,108,108,0,0,0,0,0,81,0,2019
1,depleted,WR,0,eligible_zero_rate,100,100,0,0,0,0,0,44,0,2019
1,excluded_unavailable,QB,0,exclusion: ruled out,12,12,12,1,12,0,0,0,12,2019
1,excluded_unavailable,RB,0,exclusion: ruled out,19,19,19,1,19,0,0,0,19,2019
1,excluded_unavailable,TE,0,exclusion: ruled out,13,13,13,1,13,0,0,0,13,2019
1,excluded_unavailable,WR,0,exclusion: ruled out,39,39,39,1,39,0,0,0,39,2019
1,selected_greedy,QB,0,eligible_zero_rate,17,17,0,0,0,0,0,38,0,2019
1,selected_greedy,RB,0,eligible_zero_rate,17,17,0,0,0,0,0,10,0,2019
1,selected_greedy,TE,0,eligible_zero_rate,1,1,0,0,0,0,0,1,0,2019
1,selected_greedy,WR,0,eligible_zero_rate,16,16,0,0,0,0,0,5,0,2019
1,selected_optimizer,QB,0,eligible_zero_rate,17,17,0,0,0,0,0,27,0,2019
1,selected_optimizer,RB,0,eligible_zero_rate,17,17,0,0,0,0,0,7,0,2019
1,selected_optimizer,TE,0,eligible_zero_rate,1,1,0,0,0,0,0,0,0,2019
1,selected_optimizer,WR,0,eligible_zero_rate,16,16,0,0,0,0,0,8,0,2019
1,all_eligible,QB,0,eligible_zero_rate,1053,1053,0,0,0,0,0,993,0,2020
1,all_eligible,RB,0,eligible_zero_rate,1923,1923,0,0,0,0,0,488,0,2020
1,all_eligible,TE,0,eligible_zero_rate,1576,1576,0,0,0,0,0,234,0,2020
1,all_eligible,WR,0,eligible_zero_rate,2677,2677,0,0,0,0,0,572,0,2020
1,all_eligible,QB,1,eligible_zero_rate,988,988,0,0,0,0,0,907,0,2020
1,all_eligible,RB,1,eligible_zero_rate,1810,1810,0,0,0,0,0,413,0,2020
1,all_eligible,TE,1,eligible_zero_rate,1477,1477,0,0,0,0,0,207,0,2020
1,all_eligible,WR,1,eligible_zero_rate,2508,2508,0,0,0,0,0,506,0,2020
1,all_eligible,QB,2-3,eligible_zero_rate,1772,1772,0,0,0,0,0,1563,0,2020
1,all_eligible,RB,2-3,eligible_zero_rate,3255,3255,0,0,0,0,0,698,0,2020
1,all_eligible,TE,2-3,eligible_zero_rate,2659,2659,0,0,0,0,0,359,0,2020
1,all_eligible,WR,2-3,eligible_zero_rate,4532,4532,0,0,0,0,0,897,0,2020
1,all_eligible,QB,4-6,eligible_zero_rate,2203,2203,0,0,0,0,0,1908,0,2020
1,all_eligible,RB,4-6,eligible_zero_rate,4055,4055,0,0,0,0,0,837,0,2020
1,all_eligible,TE,4-6,eligible_zero_rate,3293,3293,0,0,0,0,0,407,0,2020
1,all_eligible,WR,4-6,eligible_zero_rate,5651,5651,0,0,0,0,0,1081,0,2020
1,all_eligible,QB,7+,eligible_zero_rate,3543,3543,0,0,0,0,0,3072,0,2020
1,all_eligible,RB,7+,eligible_zero_rate,6550,6550,0,0,0,0,0,1423,0,2020
1,all_eligible,TE,7+,eligible_zero_rate,5240,5240,0,0,0,0,0,651,0,2020
1,all_eligible,WR,7+,eligible_zero_rate,9029,9029,0,0,0,0,0,1638,0,2020
1,available,QB,0,eligible_zero_rate,931,931,0,0,0,0,0,743,0,2020
1,available,RB,0,eligible_zero_rate,1819,1819,0,0,0,0,0,420,0,2020
1,available,TE,0,eligible_zero_rate,1538,1538,0,0,0,0,0,214,0,2020
1,available,WR,0,eligible_zero_rate,2601,2601,0,0,0,0,0,517,0,2020
1,common_top1,QB,0,eligible_zero_rate,17,17,0,0,0,0,0,35,0,2020
1,common_top1,RB,0,eligible_zero_rate,17,17,0,0,0,0,0,21,0,2020
1,common_top1,TE,0,eligible_zero_rate,5,5,0,0,0,0,0,1,0,2020
1,common_top1,WR,0,eligible_zero_rate,12,12,0,0,0,0,0,8,0,2020
1,common_top10,QB,0,eligible_zero_rate,170,170,0,0,0,0,0,318,0,2020
1,common_top10,RB,0,eligible_zero_rate,170,170,0,0,0,0,0,107,0,2020
1,common_top10,TE,0,eligible_zero_rate,32,32,0,0,0,0,0,9,0,2020
1,common_top10,WR,0,eligible_zero_rate,138,138,0,0,0,0,0,76,0,2020
1,common_top3,QB,0,eligible_zero_rate,51,51,0,0,0,0,0,105,0,2020
1,common_top3,RB,0,eligible_zero_rate,51,51,0,0,0,0,0,39,0,2020
1,common_top3,TE,0,eligible_zero_rate,10,10,0,0,0,0,0,4,0,2020
1,common_top3,WR,0,eligible_zero_rate,41,41,0,0,0,0,0,26,0,2020
1,common_top5,QB,0,eligible_zero_rate,85,85,0,0,0,0,0,173,0,2020
1,common_top5,RB,0,eligible_zero_rate,85,85,0,0,0,0,0,58,0,2020
1,common_top5,TE,0,eligible_zero_rate,17,17,0,0,0,0,0,6,0,2020
1,common_top5,WR,0,eligible_zero_rate,68,68,0,0,0,0,0,40,0,2020
1,depleted,QB,0,eligible_zero_rate,122,122,0,0,0,0,0,250,0,2020
1,depleted,RB,0,eligible_zero_rate,104,104,0,0,0,0,0,68,0,2020
1,depleted,TE,0,eligible_zero_rate,38,38,0,0,0,0,0,20,0,2020
1,depleted,WR,0,eligible_zero_rate,76,76,0,0,0,0,0,55,0,2020
1,excluded_unavailable,RB,0,exclusion: ruled out,2,2,2,1,2,0,0,0,2,2020
1,excluded_unavailable,TE,0,exclusion: ruled out,1,1,1,1,1,0,0,0,1,2020
1,excluded_unavailable,WR,0,exclusion: ruled out,1,1,1,1,1,1,1,1,1,2020
1,selected_greedy,QB,0,eligible_zero_rate,17,17,0,0,0,0,0,35,0,2020
1,selected_greedy,RB,0,eligible_zero_rate,17,17,0,0,0,0,0,21,0,2020
1,selected_greedy,TE,0,eligible_zero_rate,5,5,0,0,0,0,0,1,0,2020
1,selected_greedy,WR,0,eligible_zero_rate,12,12,0,0,0,0,0,8,0,2020
1,selected_optimizer,QB,0,eligible_zero_rate,17,17,0,0,0,0,0,37,0,2020
1,selected_optimizer,RB,0,eligible_zero_rate,17,17,0,0,0,0,0,12,0,2020
1,selected_optimizer,TE,0,eligible_zero_rate,5,5,0,0,0,0,0,1,0,2020
1,selected_optimizer,WR,0,eligible_zero_rate,12,12,0,0,0,0,0,5,0,2020
1,all_eligible,QB,0,eligible_zero_rate,1108,1108,0,0,0,0,0,935,0,2021
1,all_eligible,RB,0,eligible_zero_rate,1972,1972,0,0,0,0,0,496,0,2021
1,all_eligible,TE,0,eligible_zero_rate,1662,1662,0,0,0,0,0,207,0,2021
1,all_eligible,WR,0,eligible_zero_rate,2869,2869,0,0,0,0,0,553,0,2021
1,all_eligible,QB,1,eligible_zero_rate,1044,1044,0,0,0,0,0,829,0,2021
1,all_eligible,RB,1,eligible_zero_rate,1856,1856,0,0,0,0,0,429,0,2021
1,all_eligible,TE,1,eligible_zero_rate,1569,1569,0,0,0,0,0,185,0,2021
1,all_eligible,WR,1,eligible_zero_rate,2698,2698,0,0,0,0,0,481,0,2021
1,all_eligible,QB,2-3,eligible_zero_rate,1891,1891,0,0,0,0,0,1444,0,2021
1,all_eligible,RB,2-3,eligible_zero_rate,3358,3358,0,0,0,0,0,766,0,2021
1,all_eligible,TE,2-3,eligible_zero_rate,2855,2855,0,0,0,0,0,320,0,2021
1,all_eligible,WR,2-3,eligible_zero_rate,4887,4887,0,0,0,0,0,838,0,2021
1,all_eligible,QB,4-6,eligible_zero_rate,2364,2364,0,0,0,0,0,1720,0,2021
1,all_eligible,RB,4-6,eligible_zero_rate,4173,4173,0,0,0,0,0,906,0,2021
1,all_eligible,TE,4-6,eligible_zero_rate,3565,3565,0,0,0,0,0,367,0,2021
1,all_eligible,WR,4-6,eligible_zero_rate,6074,6074,0,0,0,0,0,1018,0,2021
1,all_eligible,QB,7+,eligible_zero_rate,4133,4133,0,0,0,0,0,2950,0,2021
1,all_eligible,RB,7+,eligible_zero_rate,7368,7368,0,0,0,0,0,1469,0,2021
1,all_eligible,TE,7+,eligible_zero_rate,6265,6265,0,0,0,0,0,583,0,2021
1,all_eligible,WR,7+,eligible_zero_rate,10581,10581,0,0,0,0,0,1786,0,2021
1,available,QB,0,eligible_zero_rate,978,978,0,0,0,0,0,670,0,2021
1,available,RB,0,eligible_zero_rate,1861,1861,0,0,0,0,0,410,0,2021
1,available,TE,0,eligible_zero_rate,1635,1635,0,0,0,0,0,194,0,2021
1,available,WR,0,eligible_zero_rate,2772,2772,0,0,0,0,0,495,0,2021
1,common_top1,QB,0,eligible_zero_rate,18,18,0,0,0,0,0,32,0,2021
1,common_top1,RB,0,eligible_zero_rate,18,18,0,0,0,0,0,12,0,2021
1,common_top1,TE,0,eligible_zero_rate,4,4,0,0,0,0,0,0,0,2021
1,common_top1,WR,0,eligible_zero_rate,14,14,0,0,0,0,0,7,0,2021
1,common_top10,QB,0,eligible_zero_rate,180,180,0,0,0,0,0,277,0,2021
1,common_top10,RB,0,eligible_zero_rate,180,180,0,0,0,0,0,111,0,2021
1,common_top10,TE,0,eligible_zero_rate,42,42,0,0,0,0,0,19,0,2021
1,common_top10,WR,0,eligible_zero_rate,138,138,0,0,0,0,0,67,0,2021
1,common_top3,QB,0,eligible_zero_rate,54,54,0,0,0,0,0,93,0,2021
1,common_top3,RB,0,eligible_zero_rate,54,54,0,0,0,0,0,37,0,2021
1,common_top3,TE,0,eligible_zero_rate,13,13,0,0,0,0,0,6,0,2021
1,common_top3,WR,0,eligible_zero_rate,41,41,0,0,0,0,0,18,0,2021
1,common_top5,QB,0,eligible_zero_rate,90,90,0,0,0,0,0,153,0,2021
1,common_top5,RB,0,eligible_zero_rate,90,90,0,0,0,0,0,66,0,2021
1,common_top5,TE,0,eligible_zero_rate,20,20,0,0,0,0,0,10,0,2021
1,common_top5,WR,0,eligible_zero_rate,70,70,0,0,0,0,0,39,0,2021
1,depleted,QB,0,eligible_zero_rate,130,130,0,0,0,0,0,265,0,2021
1,depleted,RB,0,eligible_zero_rate,111,111,0,0,0,0,0,86,0,2021
1,depleted,TE,0,eligible_zero_rate,27,27,0,0,0,0,0,13,0,2021
1,depleted,WR,0,eligible_zero_rate,97,97,0,0,0,0,0,58,0,2021
1,excluded_unavailable,TE,0,exclusion: ruled out,1,1,1,1,1,1,1,1,1,2021
1,excluded_unavailable,WR,0,exclusion: ruled out,1,1,1,1,1,0,0,0,1,2021
1,selected_greedy,QB,0,eligible_zero_rate,18,18,0,0,0,0,0,32,0,2021
1,selected_greedy,RB,0,eligible_zero_rate,18,18,0,0,0,0,0,12,0,2021
1,selected_greedy,TE,0,eligible_zero_rate,4,4,0,0,0,0,0,0,0,2021
1,selected_greedy,WR,0,eligible_zero_rate,14,14,0,0,0,0,0,7,0,2021
1,selected_optimizer,QB,0,eligible_zero_rate,18,18,0,0,0,0,0,30,0,2021
1,selected_optimizer,RB,0,eligible_zero_rate,18,18,0,0,0,0,0,21,0,2021
1,selected_optimizer,TE,0,eligible_zero_rate,3,3,0,0,0,0,0,3,0,2021
1,selected_optimizer,WR,0,eligible_zero_rate,15,15,0,0,0,0,0,11,0,2021
1,all_eligible,QB,0,eligible_zero_rate,1102,1102,0,0,0,0,0,849,0,2022
1,all_eligible,RB,0,eligible_zero_rate,1969,1969,0,0,0,0,0,456,0,2022
1,all_eligible,TE,0,eligible_zero_rate,1693,1693,0,0,0,0,0,205,0,2022
1,all_eligible,WR,0,eligible_zero_rate,2768,2768,0,0,0,0,0,486,0,2022
1,all_eligible,QB,1,eligible_zero_rate,1035,1035,0,0,0,0,0,766,0,2022
1,all_eligible,RB,1,eligible_zero_rate,1852,1852,0,0,0,0,0,412,0,2022
1,all_eligible,TE,1,eligible_zero_rate,1592,1592,0,0,0,0,0,183,0,2022
1,all_eligible,WR,1,eligible_zero_rate,2602,2602,0,0,0,0,0,433,0,2022
1,all_eligible,QB,2-3,eligible_zero_rate,1874,1874,0,0,0,0,0,1322,0,2022
1,all_eligible,RB,2-3,eligible_zero_rate,3346,3346,0,0,0,0,0,732,0,2022
1,all_eligible,TE,2-3,eligible_zero_rate,2877,2877,0,0,0,0,0,332,0,2022
1,all_eligible,WR,2-3,eligible_zero_rate,4724,4724,0,0,0,0,0,699,0,2022
1,all_eligible,QB,4-6,eligible_zero_rate,2335,2335,0,0,0,0,0,1640,0,2022
1,all_eligible,RB,4-6,eligible_zero_rate,4164,4164,0,0,0,0,0,866,0,2022
1,all_eligible,TE,4-6,eligible_zero_rate,3556,3556,0,0,0,0,0,394,0,2022
1,all_eligible,WR,4-6,eligible_zero_rate,5903,5903,0,0,0,0,0,846,0,2022
1,all_eligible,QB,7+,eligible_zero_rate,4080,4080,0,0,0,0,0,2665,0,2022
1,all_eligible,RB,7+,eligible_zero_rate,7244,7244,0,0,0,0,0,1359,0,2022
1,all_eligible,TE,7+,eligible_zero_rate,6120,6120,0,0,0,0,0,689,0,2022
1,all_eligible,WR,7+,eligible_zero_rate,10239,10239,0,0,0,0,0,1448,0,2022
1,available,QB,0,eligible_zero_rate,980,980,0,0,0,0,0,611,0,2022
1,available,RB,0,eligible_zero_rate,1847,1847,0,0,0,0,0,378,0,2022
1,available,TE,0,eligible_zero_rate,1680,1680,0,0,0,0,0,200,0,2022
1,available,WR,0,eligible_zero_rate,2656,2656,0,0,0,0,0,434,0,2022
1,common_top1,QB,0,eligible_zero_rate,18,18,0,0,0,0,0,29,0,2022
1,common_top1,RB,0,eligible_zero_rate,18,18,0,0,0,0,0,11,0,2022
1,common_top1,TE,0,eligible_zero_rate,3,3,0,0,0,0,0,2,0,2022
1,common_top1,WR,0,eligible_zero_rate,15,15,0,0,0,0,0,6,0,2022
1,common_top10,QB,0,eligible_zero_rate,180,180,0,0,0,0,0,247,0,2022
1,common_top10,RB,0,eligible_zero_rate,180,180,0,0,0,0,0,89,0,2022
1,common_top10,TE,0,eligible_zero_rate,39,39,0,0,0,0,0,20,0,2022
1,common_top10,WR,0,eligible_zero_rate,141,141,0,0,0,0,0,56,0,2022
1,common_top3,QB,0,eligible_zero_rate,54,54,0,0,0,0,0,89,0,2022
1,common_top3,RB,0,eligible_zero_rate,54,54,0,0,0,0,0,33,0,2022
1,common_top3,TE,0,eligible_zero_rate,12,12,0,0,0,0,0,10,0,2022
1,common_top3,WR,0,eligible_zero_rate,42,42,0,0,0,0,0,17,0,2022
1,common_top5,QB,0,eligible_zero_rate,90,90,0,0,0,0,0,138,0,2022
1,common_top5,RB,0,eligible_zero_rate,90,90,0,0,0,0,0,58,0,2022
1,common_top5,TE,0,eligible_zero_rate,23,23,0,0,0,0,0,13,0,2022
1,common_top5,WR,0,eligible_zero_rate,67,67,0,0,0,0,0,25,0,2022
1,depleted,QB,0,eligible_zero_rate,122,122,0,0,0,0,0,238,0,2022
1,depleted,RB,0,eligible_zero_rate,122,122,0,0,0,0,0,78,0,2022
1,depleted,TE,0,eligible_zero_rate,13,13,0,0,0,0,0,5,0,2022
1,depleted,WR,0,eligible_zero_rate,112,112,0,0,0,0,0,52,0,2022
1,selected_greedy,QB,0,eligible_zero_rate,18,18,0,0,0,0,0,29,0,2022
1,selected_greedy,RB,0,eligible_zero_rate,18,18,0,0,0,0,0,11,0,2022
1,selected_greedy,TE,0,eligible_zero_rate,3,3,0,0,0,0,0,2,0,2022
1,selected_greedy,WR,0,eligible_zero_rate,15,15,0,0,0,0,0,6,0,2022
1,selected_optimizer,QB,0,eligible_zero_rate,18,18,0,0,0,0,0,33,0,2022
1,selected_optimizer,RB,0,eligible_zero_rate,18,18,0,0,0,0,0,12,0,2022
1,selected_optimizer,TE,0,eligible_zero_rate,2,2,0,0,0,0,0,3,0,2022
1,selected_optimizer,WR,0,eligible_zero_rate,16,16,0,0,0,0,0,4,0,2022
1,all_eligible,QB,0,eligible_zero_rate,1112,1112,0,0,0,0,0,864,0,2023
1,all_eligible,RB,0,eligible_zero_rate,1850,1850,0,0,0,0,0,433,0,2023
1,all_eligible,TE,0,eligible_zero_rate,1669,1669,0,0,0,0,0,172,0,2023
1,all_eligible,WR,0,eligible_zero_rate,2876,2876,0,0,0,0,0,521,0,2023
1,all_eligible,QB,1,eligible_zero_rate,1044,1044,0,0,0,0,0,798,0,2023
1,all_eligible,RB,1,eligible_zero_rate,1742,1742,0,0,0,0,0,390,0,2023
1,all_eligible,TE,1,eligible_zero_rate,1574,1574,0,0,0,0,0,161,0,2023
1,all_eligible,WR,1,eligible_zero_rate,2712,2712,0,0,0,0,0,476,0,2023
1,all_eligible,QB,2-3,eligible_zero_rate,1893,1893,0,0,0,0,0,1404,0,2023
1,all_eligible,RB,2-3,eligible_zero_rate,3159,3159,0,0,0,0,0,663,0,2023
1,all_eligible,TE,2-3,eligible_zero_rate,2856,2856,0,0,0,0,0,288,0,2023
1,all_eligible,WR,2-3,eligible_zero_rate,4925,4925,0,0,0,0,0,829,0,2023
1,all_eligible,QB,4-6,eligible_zero_rate,2367,2367,0,0,0,0,0,1697,0,2023
1,all_eligible,RB,4-6,eligible_zero_rate,3929,3929,0,0,0,0,0,794,0,2023
1,all_eligible,TE,4-6,eligible_zero_rate,3590,3590,0,0,0,0,0,347,0,2023
1,all_eligible,WR,4-6,eligible_zero_rate,6160,6160,0,0,0,0,0,983,0,2023
1,all_eligible,QB,7+,eligible_zero_rate,4123,4123,0,0,0,0,0,2768,0,2023
1,all_eligible,RB,7+,eligible_zero_rate,6934,6934,0,0,0,0,0,1441,0,2023
1,all_eligible,TE,7+,eligible_zero_rate,6274,6274,0,0,0,0,0,596,0,2023
1,all_eligible,WR,7+,eligible_zero_rate,10674,10674,0,0,0,0,0,1732,0,2023
1,available,QB,0,eligible_zero_rate,989,989,0,0,0,0,0,639,0,2023
1,available,RB,0,eligible_zero_rate,1726,1726,0,0,0,0,0,353,0,2023
1,available,TE,0,eligible_zero_rate,1643,1643,0,0,0,0,0,166,0,2023
1,available,WR,0,eligible_zero_rate,2770,2770,0,0,0,0,0,467,0,2023
1,common_top1,QB,0,eligible_zero_rate,18,18,0,0,0,0,0,34,0,2023
1,common_top1,RB,0,eligible_zero_rate,18,18,0,0,0,0,0,15,0,2023
1,common_top1,TE,0,eligible_zero_rate,4,4,0,0,0,0,0,3,0,2023
1,common_top1,WR,0,eligible_zero_rate,14,14,0,0,0,0,0,9,0,2023
1,common_top10,QB,0,eligible_zero_rate,180,180,0,0,0,0,0,269,0,2023
1,common_top10,RB,0,eligible_zero_rate,180,180,0,0,0,0,0,101,0,2023
1,common_top10,TE,0,eligible_zero_rate,25,25,0,0,0,0,0,9,0,2023
1,common_top10,WR,0,eligible_zero_rate,155,155,0,0,0,0,0,73,0,2023
1,common_top3,QB,0,eligible_zero_rate,54,54,0,0,0,0,0,105,0,2023
1,common_top3,RB,0,eligible_zero_rate,54,54,0,0,0,0,0,39,0,2023
1,common_top3,TE,0,eligible_zero_rate,7,7,0,0,0,0,0,4,0,2023
1,common_top3,WR,0,eligible_zero_rate,47,47,0,0,0,0,0,27,0,2023
1,common_top5,QB,0,eligible_zero_rate,90,90,0,0,0,0,0,153,0,2023
1,common_top5,RB,0,eligible_zero_rate,90,90,0,0,0,0,0,57,0,2023
1,common_top5,TE,0,eligible_zero_rate,10,10,0,0,0,0,0,4,0,2023
1,common_top5,WR,0,eligible_zero_rate,80,80,0,0,0,0,0,40,0,2023
1,depleted,QB,0,eligible_zero_rate,123,123,0,0,0,0,0,225,0,2023
1,depleted,RB,0,eligible_zero_rate,124,124,0,0,0,0,0,80,0,2023
1,depleted,TE,0,eligible_zero_rate,26,26,0,0,0,0,0,6,0,2023
1,depleted,WR,0,eligible_zero_rate,106,106,0,0,0,0,0,54,0,2023
1,excluded_unavailable,WR,0,exclusion: ruled out,1,1,1,1,1,0,0,0,1,2023
1,selected_greedy,QB,0,eligible_zero_rate,18,18,0,0,0,0,0,34,0,2023
1,selected_greedy,RB,0,eligible_zero_rate,18,18,0,0,0,0,0,15,0,2023
1,selected_greedy,TE,0,eligible_zero_rate,4,4,0,0,0,0,0,3,0,2023
1,selected_greedy,WR,0,eligible_zero_rate,14,14,0,0,0,0,0,9,0,2023
1,selected_optimizer,QB,0,eligible_zero_rate,18,18,0,0,0,0,0,39,0,2023
1,selected_optimizer,RB,0,eligible_zero_rate,18,18,0,0,0,0,0,21,0,2023
1,selected_optimizer,TE,0,eligible_zero_rate,2,2,0,0,0,0,0,1,0,2023
1,selected_optimizer,WR,0,eligible_zero_rate,16,16,0,0,0,0,0,8,0,2023
1,all_eligible,QB,0,eligible_zero_rate,1098,1098,0,0,0,0,0,915,0,2024
1,all_eligible,RB,0,eligible_zero_rate,1845,1845,0,0,0,0,0,473,0,2024
1,all_eligible,TE,0,eligible_zero_rate,1729,1729,0,0,0,0,0,187,0,2024
1,all_eligible,WR,0,eligible_zero_rate,2834,2834,0,0,0,0,0,565,0,2024
1,all_eligible,QB,1,eligible_zero_rate,1031,1031,0,0,0,0,0,852,0,2024
1,all_eligible,RB,1,eligible_zero_rate,1740,1740,0,0,0,0,0,420,0,2024
1,all_eligible,TE,1,eligible_zero_rate,1624,1624,0,0,0,0,0,176,0,2024
1,all_eligible,WR,1,eligible_zero_rate,2674,2674,0,0,0,0,0,509,0,2024
1,all_eligible,QB,2-3,eligible_zero_rate,1869,1869,0,0,0,0,0,1518,0,2024
1,all_eligible,RB,2-3,eligible_zero_rate,3153,3153,0,0,0,0,0,753,0,2024
1,all_eligible,TE,2-3,eligible_zero_rate,2936,2936,0,0,0,0,0,329,0,2024
1,all_eligible,WR,2-3,eligible_zero_rate,4846,4846,0,0,0,0,0,898,0,2024
1,all_eligible,QB,4-6,eligible_zero_rate,2351,2351,0,0,0,0,0,1892,0,2024
1,all_eligible,RB,4-6,eligible_zero_rate,3945,3945,0,0,0,0,0,915,0,2024
1,all_eligible,TE,4-6,eligible_zero_rate,3676,3676,0,0,0,0,0,408,0,2024
1,all_eligible,WR,4-6,eligible_zero_rate,6093,6093,0,0,0,0,0,1099,0,2024
1,all_eligible,QB,7+,eligible_zero_rate,4070,4070,0,0,0,0,0,3310,0,2024
1,all_eligible,RB,7+,eligible_zero_rate,6924,6924,0,0,0,0,0,1504,0,2024
1,all_eligible,TE,7+,eligible_zero_rate,6311,6311,0,0,0,0,0,703,0,2024
1,all_eligible,WR,7+,eligible_zero_rate,10562,10562,0,0,0,0,0,1852,0,2024
1,available,QB,0,eligible_zero_rate,963,963,0,0,0,0,0,646,0,2024
1,available,RB,0,eligible_zero_rate,1719,1719,0,0,0,0,0,379,0,2024
1,available,TE,0,eligible_zero_rate,1718,1718,0,0,0,0,0,184,0,2024
1,available,WR,0,eligible_zero_rate,2725,2725,0,0,0,0,0,504,0,2024
1,common_top1,QB,0,eligible_zero_rate,18,18,0,0,0,0,0,31,0,2024
1,common_top1,RB,0,eligible_zero_rate,18,18,0,0,0,0,0,11,0,2024
1,common_top1,TE,0,eligible_zero_rate,3,3,0,0,0,0,0,2,0,2024
1,common_top1,WR,0,eligible_zero_rate,15,15,0,0,0,0,0,4,0,2024
1,common_top10,QB,0,eligible_zero_rate,180,180,0,0,0,0,0,246,0,2024
1,common_top10,RB,0,eligible_zero_rate,180,180,0,0,0,0,0,124,0,2024
1,common_top10,TE,0,eligible_zero_rate,29,29,0,0,0,0,0,17,0,2024
1,common_top10,WR,0,eligible_zero_rate,151,151,0,0,0,0,0,65,0,2024
1,common_top3,QB,0,eligible_zero_rate,54,54,0,0,0,0,0,90,0,2024
1,common_top3,RB,0,eligible_zero_rate,54,54,0,0,0,0,0,39,0,2024
1,common_top3,TE,0,eligible_zero_rate,9,9,0,0,0,0,0,7,0,2024
1,common_top3,WR,0,eligible_zero_rate,45,45,0,0,0,0,0,18,0,2024
1,common_top5,QB,0,eligible_zero_rate,90,90,0,0,0,0,0,144,0,2024
1,common_top5,RB,0,eligible_zero_rate,90,90,0,0,0,0,0,61,0,2024
1,common_top5,TE,0,eligible_zero_rate,17,17,0,0,0,0,0,12,0,2024
1,common_top5,WR,0,eligible_zero_rate,73,73,0,0,0,0,0,29,0,2024
1,depleted,QB,0,eligible_zero_rate,135,135,0,0,0,0,0,269,0,2024
1,depleted,RB,0,eligible_zero_rate,126,126,0,0,0,0,0,94,0,2024
1,depleted,TE,0,eligible_zero_rate,11,11,0,0,0,0,0,3,0,2024
1,depleted,WR,0,eligible_zero_rate,109,109,0,0,0,0,0,61,0,2024
1,excluded_unavailable,RB,0,exclusion: ruled out,1,1,1,1,1,0,0,0,1,2024
1,excluded_unavailable,TE,0,exclusion: ruled out,1,1,1,1,1,0,0,0,1,2024
1,selected_greedy,QB,0,eligible_zero_rate,18,18,0,0,0,0,0,31,0,2024
1,selected_greedy,RB,0,eligible_zero_rate,18,18,0,0,0,0,0,11,0,2024
1,selected_greedy,TE,0,eligible_zero_rate,3,3,0,0,0,0,0,2,0,2024
1,selected_greedy,WR,0,eligible_zero_rate,15,15,0,0,0,0,0,4,0,2024
1,selected_optimizer,QB,0,eligible_zero_rate,18,18,0,0,0,0,0,33,0,2024
1,selected_optimizer,RB,0,eligible_zero_rate,18,18,0,0,0,0,0,14,0,2024
1,selected_optimizer,TE,0,eligible_zero_rate,3,3,0,0,0,0,0,1,0,2024
1,selected_optimizer,WR,0,eligible_zero_rate,15,15,0,0,0,0,0,7,0,2024
1,all_eligible,QB,0,eligible_zero_rate,1113,1113,0,0,0,0,0,916,0,2025
1,all_eligible,RB,0,eligible_zero_rate,1867,1867,0,0,0,0,0,495,0,2025
1,all_eligible,TE,0,eligible_zero_rate,1716,1716,0,0,0,0,0,238,0,2025
1,all_eligible,WR,0,eligible_zero_rate,2818,2818,0,0,0,0,0,501,0,2025
1,all_eligible,QB,1,eligible_zero_rate,1047,1047,0,0,0,0,0,833,0,2025
1,all_eligible,RB,1,eligible_zero_rate,1755,1755,0,0,0,0,0,459,0,2025
1,all_eligible,TE,1,eligible_zero_rate,1616,1616,0,0,0,0,0,217,0,2025
1,all_eligible,WR,1,eligible_zero_rate,2655,2655,0,0,0,0,0,452,0,2025
1,all_eligible,QB,2-3,eligible_zero_rate,1900,1900,0,0,0,0,0,1451,0,2025
1,all_eligible,RB,2-3,eligible_zero_rate,3188,3188,0,0,0,0,0,823,0,2025
1,all_eligible,TE,2-3,eligible_zero_rate,2929,2929,0,0,0,0,0,386,0,2025
1,all_eligible,WR,2-3,eligible_zero_rate,4819,4819,0,0,0,0,0,763,0,2025
1,all_eligible,QB,4-6,eligible_zero_rate,2379,2379,0,0,0,0,0,1723,0,2025
1,all_eligible,RB,4-6,eligible_zero_rate,3986,3986,0,0,0,0,0,999,0,2025
1,all_eligible,TE,4-6,eligible_zero_rate,3653,3653,0,0,0,0,0,451,0,2025
1,all_eligible,WR,4-6,eligible_zero_rate,6062,6062,0,0,0,0,0,906,0,2025
1,all_eligible,QB,7+,eligible_zero_rate,4175,4175,0,0,0,0,0,2757,0,2025
1,all_eligible,RB,7+,eligible_zero_rate,6920,6920,0,0,0,0,0,1676,0,2025
1,all_eligible,TE,7+,eligible_zero_rate,6420,6420,0,0,0,0,0,734,0,2025
1,all_eligible,WR,7+,eligible_zero_rate,10690,10690,0,0,0,0,0,1432,0,2025
1,available,QB,0,eligible_zero_rate,991,991,0,0,0,0,0,710,0,2025
1,available,RB,0,eligible_zero_rate,1727,1727,0,0,0,0,0,394,0,2025
1,available,TE,0,eligible_zero_rate,1706,1706,0,0,0,0,0,236,0,2025
1,available,WR,0,eligible_zero_rate,2709,2709,0,0,0,0,0,456,0,2025
1,common_top1,QB,0,eligible_zero_rate,18,18,0,0,0,0,0,39,0,2025
1,common_top1,RB,0,eligible_zero_rate,18,18,0,0,0,0,0,25,0,2025
1,common_top1,TE,0,eligible_zero_rate,3,3,0,0,0,0,0,1,0,2025
1,common_top1,WR,0,eligible_zero_rate,15,15,0,0,0,0,0,6,0,2025
1,common_top10,QB,0,eligible_zero_rate,180,180,0,0,0,0,0,278,0,2025
1,common_top10,RB,0,eligible_zero_rate,180,180,0,0,0,0,0,113,0,2025
1,common_top10,TE,0,eligible_zero_rate,45,45,0,0,0,0,0,18,0,2025
1,common_top10,WR,0,eligible_zero_rate,135,135,0,0,0,0,0,51,0,2025
1,common_top3,QB,0,eligible_zero_rate,54,54,0,0,0,0,0,99,0,2025
1,common_top3,RB,0,eligible_zero_rate,54,54,0,0,0,0,0,47,0,2025
1,common_top3,TE,0,eligible_zero_rate,18,18,0,0,0,0,0,7,0,2025
1,common_top3,WR,0,eligible_zero_rate,36,36,0,0,0,0,0,15,0,2025
1,common_top5,QB,0,eligible_zero_rate,90,90,0,0,0,0,0,159,0,2025
1,common_top5,RB,0,eligible_zero_rate,90,90,0,0,0,0,0,67,0,2025
1,common_top5,TE,0,eligible_zero_rate,27,27,0,0,0,0,0,11,0,2025
1,common_top5,WR,0,eligible_zero_rate,63,63,0,0,0,0,0,25,0,2025
1,depleted,QB,0,eligible_zero_rate,122,122,0,0,0,0,0,206,0,2025
1,depleted,RB,0,eligible_zero_rate,140,140,0,0,0,0,0,101,0,2025
1,depleted,TE,0,eligible_zero_rate,10,10,0,0,0,0,0,2,0,2025
1,depleted,WR,0,eligible_zero_rate,109,109,0,0,0,0,0,45,0,2025
1,selected_greedy,QB,0,eligible_zero_rate,18,18,0,0,0,0,0,39,0,2025
1,selected_greedy,RB,0,eligible_zero_rate,18,18,0,0,0,0,0,25,0,2025
1,selected_greedy,TE,0,eligible_zero_rate,3,3,0,0,0,0,0,1,0,2025
1,selected_greedy,WR,0,eligible_zero_rate,15,15,0,0,0,0,0,6,0,2025
1,selected_optimizer,QB,0,eligible_zero_rate,18,18,0,0,0,0,0,48,0,2025
1,selected_optimizer,RB,0,eligible_zero_rate,18,18,0,0,0,0,0,18,0,2025
1,selected_optimizer,TE,0,eligible_zero_rate,4,4,0,0,0,0,0,1,0,2025
1,selected_optimizer,WR,0,eligible_zero_rate,14,14,0,0,0,0,0,5,0,2025
