schema_version,model,seed,season,intercept,slope,se_intercept,se_slope,slope_lo,slope_hi,n,clusters,dropped_zero_lam
1,base-rate-only,-1,2011,-0.433858789397,1.02090861042,0.080672992233,0.0675498384537,0.888510927048,1.15330629379,5468,408,0
1,current-season-rate,-1,2011,-0.667868304009,0.903857342704,0.10181797333,0.094070716272,0.719478738811,1.0882359466,5468,408,0
1,historical-rate,-1,2011,-0.233205751571,0.895951237909,0.0746176322292,0.0775600068314,0.743933624519,1.0479688513,3058,206,2410
1,no-vegas,-1,2011,-0.0927572060352,0.89516355359,0.0525502950221,0.0496979487561,0.797755574029,0.992571533152,5468,408,0
1,player-vegas,-1,2011,-0.473421951738,0.989560306613,0.07340937572,0.0588674842678,0.874180037448,1.10494057578,5468,408,0
1,random,0,2011,-0.9136114524,0.210782117459,0.134455314303,0.0437259869715,0.125079182995,0.296485051923,5468,408,0
1,random,1,2011,-0.834153841229,0.260756021059,0.125963830487,0.041954455668,0.17852528795,0.342986754169,5468,408,0
1,random,2,2011,-1.01834358491,0.147666122043,0.131157859102,0.0404245758979,0.0684339532835,0.226898290803,5468,408,0
1,random,3,2011,-0.961331029135,0.181659128233,0.144181301353,0.0463280169929,0.0908562149268,0.272462041539,5468,408,0
1,random,4,2011,-0.870846523432,0.237452520353,0.122898287358,0.0383164113216,0.162352354163,0.312552686544,5468,408,0
1,random,5,2011,-1.05563702271,0.125887158444,0.13481940124,0.0409744882986,0.0455771613784,0.206197155509,5468,408,0
1,random,6,2011,-1.11600629489,0.0913089996697,0.126102408047,0.037693025912,0.0174306688823,0.165187330457,5468,408,0
1,random,7,2011,-1.01915826628,0.147187781976,0.12252711977,0.037760045526,0.0731780927451,0.221197471207,5468,408,0
1,random,8,2011,-0.999520804952,0.158785990956,0.136434266474,0.0424565810958,0.0755710920078,0.242000889903,5468,408,0
1,random,9,2011,-0.903178934696,0.217191531711,0.132705228599,0.0456506454728,0.127716266584,0.306666796838,5468,408,0
1,random,10,2011,-0.922669137281,0.205213061001,0.14106887494,0.0498638881696,0.107479840188,0.302946281813,5468,408,0
1,random,11,2011,-1.08283640928,0.110202185583,0.137878535784,0.0446320327085,0.0227234014742,0.197680969691,5468,408,0
1,random,12,2011,-1.0260427647,0.14313616303,0.127124758389,0.0389306208995,0.0668321460669,0.219440179993,5468,408,0
1,random,13,2011,-0.944657249484,0.191746678725,0.123904813825,0.0371122909129,0.119006588536,0.264486768914,5468,408,0
1,random,14,2011,-0.903194567841,0.217214190267,0.128018849186,0.0395141322514,0.139766491055,0.29466188948,5468,408,0
1,random,15,2011,-1.00638232281,0.154720710586,0.138659083195,0.0442631282713,0.0679649791744,0.241476441998,5468,408,0
1,random,16,2011,-0.908366904728,0.214034097748,0.136160748286,0.0443968810907,0.12701621081,0.301051984686,5468,408,0
1,random,17,2011,-0.968404236689,0.177377275858,0.144800346687,0.0492732544317,0.0808016971718,0.273952854544,5468,408,0
1,random,18,2011,-0.879373078608,0.232042417434,0.148755392095,0.0544289968635,0.125361583581,0.338723251286,5468,408,0
1,random,19,2011,-0.961662214146,0.181441266527,0.125336463261,0.0409133125828,0.101251173865,0.261631359189,5468,408,0
1,regressed-rate,-1,2011,-0.475707049454,1.02721610915,0.0952930338279,0.0879728229155,0.85478937624,1.19964284207,5468,408,0
1,shipped,-1,2011,-0.135143226822,0.871192910438,0.0431910406084,0.0453739602613,0.782259948326,0.960125872551,5468,408,0
1,vegas-environment,-1,2011,-0.130433367545,1.07361838041,0.0761099184502,0.0816362042635,0.913611420051,1.23362534076,5468,408,0
1,within-player,0,2011,-0.144093148799,0.86429621377,0.0434442159618,0.0452024952405,0.775699323098,0.952893104441,5468,408,0
1,within-player,1,2011,-0.137860816471,0.865964018001,0.0436412553938,0.0452544890072,0.777265219547,0.954662816456,5468,408,0
1,within-player,2,2011,-0.144620380948,0.864024000396,0.0431860515262,0.0445895052832,0.776628570041,0.951419430751,5468,408,0
1,within-player,3,2011,-0.146029050392,0.864982253768,0.0437651369373,0.0454252415571,0.775948780316,0.95401572722,5468,408,0
1,within-player,4,2011,-0.146940638984,0.862784392829,0.0432715063697,0.0447667886719,0.775041487032,0.950527298626,5468,408,0
1,within-player,5,2011,-0.141443471814,0.863980087014,0.043037292129,0.0451311599389,0.775523013534,0.952437160495,5468,408,0
1,within-player,6,2011,-0.140577904161,0.864611286335,0.0428899988191,0.0450519863138,0.77630939316,0.95291317951,5468,408,0
1,within-player,7,2011,-0.142921870991,0.864434055165,0.043836635929,0.04550053559,0.775253005409,0.953615104922,5468,408,0
1,within-player,8,2011,-0.139651698356,0.869961210638,0.0433176809692,0.045457046324,0.780865399843,0.959057021432,5468,408,0
1,within-player,9,2011,-0.148817001775,0.859098443501,0.044010444455,0.0454194741777,0.770076274113,0.948120612889,5468,408,0
1,within-player,10,2011,-0.141162042187,0.864464362064,0.0440723650216,0.045344200706,0.775589728681,0.953338995448,5468,408,0
1,within-player,11,2011,-0.145628611134,0.862238873634,0.0436809241399,0.0448735361754,0.77428674273,0.950191004538,5468,408,0
1,within-player,12,2011,-0.140032414489,0.864387821821,0.0434684463745,0.0450369118834,0.77611547453,0.952660169113,5468,408,0
1,within-player,13,2011,-0.14045056257,0.868516101176,0.0429575813013,0.0453709682606,0.779589003385,0.957443198966,5468,408,0
1,within-player,14,2011,-0.134010262861,0.8711544334,0.042990670979,0.0457749422162,0.781435546656,0.960873320144,5468,408,0
1,within-player,15,2011,-0.141556673387,0.865932652795,0.0442506180853,0.0461408744884,0.775496538797,0.956368766792,5468,408,0
1,within-player,16,2011,-0.141121186891,0.863162331389,0.0437358038364,0.0456414256758,0.773705137065,0.952619525714,5468,408,0
1,within-player,17,2011,-0.141036941354,0.866081042068,0.0432658217051,0.0450003180338,0.777880418722,0.954281665415,5468,408,0
1,within-player,18,2011,-0.14069069074,0.86499549846,0.0436069142774,0.0447861386849,0.777214666637,0.952776330282,5468,408,0
1,within-player,19,2011,-0.144729683502,0.863936225241,0.0431951626036,0.0452046012098,0.77533520687,0.952537243612,5468,408,0
1,base-rate-only,-1,2012,-0.465960348189,0.988584010079,0.0783392414332,0.0605676516378,0.869871412869,1.10729660729,5456,407,0
1,current-season-rate,-1,2012,-0.679593560653,0.890245727772,0.100697114389,0.0889628051941,0.715878629592,1.06461282595,5456,407,0
1,historical-rate,-1,2012,-0.339434588359,0.864214083441,0.0673239722387,0.0646630236514,0.737474557084,0.990953609797,2894,197,2562
1,no-vegas,-1,2012,-0.0934934041876,0.901115237343,0.0509374801906,0.036064144616,0.830429513895,0.97180096079,5456,407,0
1,player-vegas,-1,2012,-0.493993389172,0.972350712784,0.0732267451431,0.0544989422251,0.865532786023,1.07916863955,5456,407,0
1,random,0,2012,-0.951087737473,0.187770429517,0.132533364647,0.0442686933748,0.101003790503,0.274537068532,5456,407,0
1,random,1,2012,-0.859269724836,0.243964977352,0.126167730094,0.0417660455257,0.162103528121,0.325826426582,5456,407,0
1,random,2,2012,-0.906991415467,0.214413620491,0.128972747958,0.0397181898305,0.136565968423,0.292261272558,5456,407,0
1,random,3,2012,-0.916968507497,0.208346697024,0.141676458255,0.0458330886485,0.118513843273,0.298179550775,5456,407,0
1,random,4,2012,-0.928253475594,0.20150007704,0.126679693694,0.0392610443716,0.124548430071,0.278451724008,5456,407,0
1,random,5,2012,-0.880698351943,0.230628477461,0.132355703989,0.0426198312802,0.147093608152,0.31416334677,5456,407,0
1,random,6,2012,-1.0179552083,0.148296628073,0.138896153408,0.0433926668591,0.063247001029,0.233346255117,5456,407,0
1,random,7,2012,-1.01077615163,0.152479174151,0.136975387485,0.0443189177628,0.0656140953355,0.239344252966,5456,407,0
1,random,8,2012,-1.05473985351,0.127079680106,0.141645133623,0.0458264499801,0.0372598381452,0.216899522067,5456,407,0
1,random,9,2012,-0.907507370774,0.214094024613,0.12609553798,0.0386149014209,0.138408817828,0.289779231398,5456,407,0
1,random,10,2012,-0.951825282158,0.187308693851,0.126316937758,0.0366764415163,0.115422868479,0.259194519223,5456,407,0
1,random,11,2012,-0.928788593349,0.201165760073,0.125132845446,0.0391608833639,0.124410428679,0.277921091466,5456,407,0
1,random,12,2012,-0.961053859765,0.181795871042,0.132889051871,0.0414808533023,0.100493398569,0.263098343515,5456,407,0
1,random,13,2012,-0.846688556978,0.251882334887,0.128695509621,0.0413595018371,0.170817711286,0.332946958488,5456,407,0
1,random,14,2012,-0.971894078324,0.17535331604,0.130325963224,0.0385439680687,0.0998071386258,0.250899493455,5456,407,0
1,random,15,2012,-0.982720848066,0.168939373035,0.132797102817,0.0415697422189,0.0874626782856,0.250416067784,5456,407,0
1,random,16,2012,-0.91935342658,0.206883420093,0.137455773107,0.0436870350101,0.121256831473,0.292510008712,5456,407,0
1,random,17,2012,-0.86712978756,0.23904530022,0.141321793125,0.0480982348401,0.144772759933,0.333317840507,5456,407,0
1,random,18,2012,-0.88874311384,0.225646046503,0.133396010335,0.0410226143152,0.145241722445,0.306050370561,5456,407,0
1,random,19,2012,-1.03457571637,0.138664027881,0.136770557599,0.0445700490644,0.051306731715,0.226021324047,5456,407,0
1,regressed-rate,-1,2012,-0.507390751917,0.979985781925,0.0859051573647,0.0698744379172,0.843031883608,1.11693968024,5456,407,0
1,shipped,-1,2012,-0.12399590621,0.887373251392,0.0468627693077,0.0326921179235,0.823296700262,0.951449802522,5456,407,0
1,vegas-environment,-1,2012,-0.0852412697261,1.1157978907,0.0678181411543,0.0576713771105,1.00276199156,1.22883378983,5456,407,0
1,within-player,0,2012,-0.138435850081,0.874829689951,0.0484612025774,0.0327152265449,0.810707845923,0.938951533979,5456,407,0
1,within-player,1,2012,-0.131274791408,0.877218749716,0.0472605160136,0.0326398102547,0.813244721617,0.941192777815,5456,407,0
1,within-player,2,2012,-0.136804862126,0.875672482668,0.0471257254006,0.0322601956331,0.812442499228,0.938902466109,5456,407,0
1,within-player,3,2012,-0.136396841651,0.876313789571,0.0477905523666,0.03289647579,0.811836697023,0.940790882119,5456,407,0
1,within-player,4,2012,-0.131084979686,0.877750143533,0.0475208092191,0.032383844733,0.814277807856,0.941222479209,5456,407,0
1,within-player,5,2012,-0.127022123681,0.882625527714,0.0481723157283,0.0329701916883,0.818003952005,0.947247103423,5456,407,0
1,within-player,6,2012,-0.127181959134,0.879488018812,0.0476211565712,0.0323644074836,0.816053780144,0.94292225748,5456,407,0
1,within-player,7,2012,-0.12736400528,0.880293999634,0.0478273406583,0.0325918748833,0.816413924862,0.944174074405,5456,407,0
1,within-player,8,2012,-0.13404838958,0.877149942767,0.0478612392495,0.0332651263054,0.811950295208,0.942349590325,5456,407,0
1,within-player,9,2012,-0.139721320002,0.872835738201,0.0474813666747,0.032832675012,0.808483695178,0.937187781225,5456,407,0
1,within-player,10,2012,-0.131450607774,0.87775330968,0.0485539501133,0.0331902140112,0.812700490218,0.942806129142,5456,407,0
1,within-player,11,2012,-0.141521287915,0.872267702367,0.0494813053113,0.0340721959974,0.805486198212,0.939049206522,5456,407,0
1,within-player,12,2012,-0.124422776597,0.886745982397,0.0474162780972,0.0325059872992,0.82303424729,0.950457717503,5456,407,0
1,within-player,13,2012,-0.1362922091,0.873526994681,0.0485927644262,0.0337701026815,0.807337593425,0.939716395936,5456,407,0
1,within-player,14,2012,-0.134132403365,0.876903849228,0.0469719687175,0.032332375904,0.813532392456,0.940275306,5456,407,0
1,within-player,15,2012,-0.137244027314,0.879379782306,0.0485880270447,0.0335484078042,0.81362490301,0.945134661602,5456,407,0
1,within-player,16,2012,-0.130442037808,0.876594990959,0.0485814533351,0.0339266687843,0.810098720142,0.943091261777,5456,407,0
1,within-player,17,2012,-0.130381899202,0.879249426293,0.047633677793,0.0332487113268,0.814081952092,0.944416900493,5456,407,0
1,within-player,18,2012,-0.132074307531,0.875059687544,0.0477567050556,0.0326784763551,0.811009873888,0.9391095012,5456,407,0
1,within-player,19,2012,-0.130929717825,0.883004685044,0.047702562776,0.0327066430837,0.8188996646,0.947109705488,5456,407,0
1,base-rate-only,-1,2013,-0.406058582078,0.963889418407,0.072138900375,0.0595998591529,0.847073694468,1.08070514235,5559,406,0
1,current-season-rate,-1,2013,-0.609402619594,0.879563714257,0.0915902273124,0.0848345437125,0.713288008581,1.04583941993,5559,406,0
1,historical-rate,-1,2013,-0.167681855325,0.849014903411,0.0655580738185,0.0641259273971,0.723328085713,0.97470172111,2976,207,2583
1,no-vegas,-1,2013,-0.0327072639796,0.897329303514,0.0362532263969,0.0321536756659,0.834308099209,0.960350507819,5559,406,0
1,player-vegas,-1,2013,-0.444953088496,0.935886548348,0.0671098012967,0.0535657308441,0.830897715894,1.0408753808,5559,406,0
1,random,0,2013,-0.912775203865,0.163173320814,0.132843138016,0.0459940233525,0.0730250350429,0.253321606585,5559,406,0
1,random,1,2013,-0.798639482477,0.23394763674,0.116941517009,0.0377599062206,0.159938220547,0.307957052932,5559,406,0
1,random,2,2013,-0.905016770752,0.167873723786,0.132559089268,0.0464449349336,0.0768416513163,0.258905796256,5559,406,0
1,random,3,2013,-0.921899870237,0.157675216128,0.115112338604,0.0367482772794,0.0856485926605,0.229701839596,5559,406,0
1,random,4,2013,-0.928507847881,0.15371501603,0.118433538664,0.0387914294703,0.0776838142681,0.229746217792,5559,406,0
1,random,5,2013,-0.788935266295,0.240168921672,0.125824977019,0.0435531855037,0.154804678085,0.325533165259,5559,406,0
1,random,6,2013,-0.868855408666,0.189952143925,0.116199384101,0.0379700804357,0.115530786271,0.264373501579,5559,406,0
1,random,7,2013,-0.964241342564,0.132458175261,0.118075563978,0.0380655835904,0.0578496314234,0.207066719098,5559,406,0
1,random,8,2013,-0.855701347734,0.198074906686,0.120216383336,0.0399937903578,0.119687077585,0.276462735787,5559,406,0
1,random,9,2013,-0.777387202622,0.247598224277,0.13054263249,0.0488141166012,0.151922555738,0.343273892815,5559,406,0
1,random,10,2013,-0.852336164107,0.200169835851,0.120237727092,0.0386741221893,0.12436855636,0.275971115342,5559,406,0
1,random,11,2013,-0.928752316497,0.153561148842,0.119510991413,0.0404452712909,0.0742884171117,0.232833880572,5559,406,0
1,random,12,2013,-0.914935070088,0.161884036853,0.124635241472,0.0407134013922,0.0820857701245,0.241682303582,5559,406,0
1,random,13,2013,-0.747043433146,0.267337405679,0.115683548686,0.0378041726172,0.19324122735,0.341433584009,5559,406,0
1,random,14,2013,-0.862991816067,0.193564903141,0.115546328132,0.0368159312345,0.121405677922,0.265724128361,5559,406,0
1,random,15,2013,-0.910093445608,0.164802087134,0.120564834904,0.0368230834521,0.0926288435679,0.2369753307,5559,406,0
1,random,16,2013,-0.88715557911,0.178725503018,0.119030110958,0.0435495601156,0.093368365192,0.264082640845,5559,406,0
1,random,17,2013,-0.885431660239,0.179791412967,0.134584835577,0.046414617387,0.0888187628887,0.270764063046,5559,406,0
1,random,18,2013,-0.89032037894,0.176789610711,0.118432244955,0.0377842870467,0.1027324081,0.250846813323,5559,406,0
1,random,19,2013,-0.905128477954,0.167801311699,0.12432542861,0.0418876283525,0.0857015601279,0.24990106327,5559,406,0
1,regressed-rate,-1,2013,-0.431447344361,0.951090515291,0.0847703984084,0.0748340741521,0.804415729953,1.09776530063,5559,406,0
1,shipped,-1,2013,-0.0739197950231,0.875626193806,0.0323721276822,0.0284427363626,0.819878430536,0.931373957077,5559,406,0
1,vegas-environment,-1,2013,0.00147249515564,1.12273875934,0.0481197150739,0.0486957585544,1.02729507257,1.2181824461,5559,406,0
1,within-player,0,2013,-0.0794440152162,0.871328864116,0.0325002338499,0.0285359839727,0.815398335529,0.927259392702,5559,406,0
1,within-player,1,2013,-0.08106843469,0.869110894145,0.0328049859925,0.0285877819264,0.81307884157,0.925142946721,5559,406,0
1,within-player,2,2013,-0.0767406839869,0.872714749667,0.0326372233132,0.0281229601669,0.81759374774,0.927835751594,5559,406,0
1,within-player,3,2013,-0.080631291763,0.872510609828,0.0326908903958,0.0286822708437,0.816293358974,0.928727860682,5559,406,0
1,within-player,4,2013,-0.0868210051831,0.863709653113,0.0332079604572,0.0287153078074,0.807427649811,0.919991656416,5559,406,0
1,within-player,5,2013,-0.0920702340264,0.862784227027,0.0322657012446,0.0284329624213,0.807055620682,0.918512833373,5559,406,0
1,within-player,6,2013,-0.0797348527846,0.871486041331,0.0322625333838,0.0282226979403,0.816169553368,0.926802529294,5559,406,0
1,within-player,7,2013,-0.0739783637258,0.873344912536,0.0320888936372,0.0281849662273,0.818102378731,0.928587446342,5559,406,0
1,within-player,8,2013,-0.0805106739242,0.869937822714,0.0325570393046,0.0286496191184,0.813784569242,0.926091076186,5559,406,0
1,within-player,9,2013,-0.0805804400797,0.866878063836,0.0341239582775,0.029629189632,0.808804852157,0.924951275514,5559,406,0
1,within-player,10,2013,-0.0852088362005,0.869122239877,0.0326678797235,0.0285616021192,0.813141499723,0.925102980031,5559,406,0
1,within-player,11,2013,-0.0828019766433,0.866907717667,0.0329640670627,0.0283611865756,0.811319791978,0.922495643355,5559,406,0
1,within-player,12,2013,-0.0806372287649,0.868835639407,0.03238534675,0.028205183112,0.813553480508,0.924117798307,5559,406,0
1,within-player,13,2013,-0.0843664961724,0.868667598489,0.0328462548222,0.0285738262394,0.81266289906,0.924672297918,5559,406,0
1,within-player,14,2013,-0.0798290204411,0.870862709702,0.0330588068579,0.0289668969751,0.814087591631,0.927637827774,5559,406,0
1,within-player,15,2013,-0.0869344141839,0.86871470832,0.0320142915072,0.0282559181684,0.81333310871,0.92409630793,5559,406,0
1,within-player,16,2013,-0.079567788589,0.870791644797,0.0329061842177,0.0285744760336,0.814785671771,0.926797617823,5559,406,0
1,within-player,17,2013,-0.0828482909785,0.867748162116,0.0328333459267,0.0286193435723,0.811654248714,0.923842075518,5559,406,0
1,within-player,18,2013,-0.0810858330382,0.869878168704,0.0331997324121,0.0288741387846,0.813284856686,0.926471480722,5559,406,0
1,within-player,19,2013,-0.0785260679029,0.871270608068,0.0318980145151,0.0274915719714,0.817387127004,0.925154089132,5559,406,0
1,base-rate-only,-1,2014,-0.439401394964,0.971027503491,0.067116757756,0.0535913620779,0.865988433818,1.07606657316,5497,408,0
1,current-season-rate,-1,2014,-0.630337503014,0.879530166739,0.0863662182087,0.0777790175838,0.727083292274,1.0319770412,5497,408,0
1,historical-rate,-1,2014,-0.281367094594,0.988210364148,0.0574211606654,0.0568791261778,0.87672727684,1.09969345146,3241,224,2256
1,no-vegas,-1,2014,-0.116313567258,0.855860366258,0.0465770699081,0.0396621831784,0.778122487229,0.933598245288,5497,408,0
1,player-vegas,-1,2014,-0.463720487109,0.954605570866,0.0636913963527,0.0493195280988,0.857939295792,1.05127184594,5497,408,0
1,random,0,2014,-0.852575239951,0.210511806826,0.117665017704,0.0397268916064,0.132647099277,0.288376514374,5497,408,0
1,random,1,2014,-0.742812682461,0.283816752135,0.118170116135,0.0413967790999,0.202679065099,0.36495443917,5497,408,0
1,random,2,2014,-0.85196519057,0.210928068592,0.132428951776,0.0500492667865,0.11283150569,0.309024631494,5497,408,0
1,random,3,2014,-0.822149482601,0.230443367995,0.125118250024,0.0443647990674,0.143488361822,0.317398374167,5497,408,0
1,random,4,2014,-0.887681979493,0.187983952308,0.114385912693,0.0375595749127,0.114367185479,0.261600719137,5497,408,0
1,random,5,2014,-0.930413346341,0.161074478764,0.122941249004,0.0402013358379,0.0822798605212,0.239869097006,5497,408,0
1,random,6,2014,-0.926741469779,0.163360524096,0.121412665178,0.0398907224385,0.0851747081166,0.241546340075,5497,408,0
1,random,7,2014,-0.899441613843,0.180529162123,0.120519121426,0.0431438970897,0.0959671238272,0.265091200419,5497,408,0
1,random,8,2014,-0.83435003002,0.222412765641,0.123173505676,0.0431028534457,0.137931172888,0.306894358395,5497,408,0
1,random,9,2014,-0.774039463722,0.262529535556,0.120783208462,0.0429729881233,0.178302478834,0.346756592277,5497,408,0
1,random,10,2014,-0.801869355072,0.243865976122,0.113214913479,0.0370944057299,0.171160940892,0.316571011353,5497,408,0
1,random,11,2014,-0.820780312134,0.23127276565,0.121998030212,0.0434602796593,0.146090617518,0.316454913782,5497,408,0
1,random,12,2014,-0.801705993533,0.243933685591,0.114354534406,0.0395195302918,0.166475406219,0.321391964963,5497,408,0
1,random,13,2014,-0.845797964233,0.214926465929,0.120832049244,0.0420681738667,0.13247284515,0.297380086708,5497,408,0
1,random,14,2014,-0.85247583336,0.210604631683,0.115396295327,0.038176424843,0.135778838991,0.285430424375,5497,408,0
1,random,15,2014,-0.947031810664,0.150761803463,0.119939923064,0.0398146813075,0.0727250281002,0.228798578826,5497,408,0
1,random,16,2014,-0.811796742663,0.237246158377,0.12174190707,0.0429195702691,0.15312380065,0.321368516105,5497,408,0
1,random,17,2014,-0.909951152523,0.173897210787,0.118782286274,0.0405643750635,0.0943910356628,0.253403385912,5497,408,0
1,random,18,2014,-0.908107629812,0.175065633708,0.119375821174,0.0395670740816,0.0975141685079,0.252617098908,5497,408,0
1,random,19,2014,-0.882785244989,0.191108922159,0.117652747132,0.039848497873,0.113005866328,0.26921197799,5497,408,0
1,regressed-rate,-1,2014,-0.480902618308,0.960083571178,0.07761011452,0.0688208920894,0.825194622682,1.09497251967,5497,408,0
1,shipped,-1,2014,-0.14197426836,0.842866647239,0.0410811616786,0.0377980982216,0.768782374724,0.916950919753,5497,408,0
1,vegas-environment,-1,2014,-0.114139773101,1.03550274402,0.0611583586504,0.0587416138028,0.920369180962,1.15063630707,5497,408,0
1,within-player,0,2014,-0.146267015044,0.841687725216,0.0410070534703,0.0377964814881,0.767606621499,0.915768828932,5497,408,0
1,within-player,1,2014,-0.148236490806,0.839197812697,0.0408376409016,0.0379178452274,0.764878836051,0.913516789343,5497,408,0
1,within-player,2,2014,-0.14770995313,0.841178660902,0.0405364084365,0.0374759277657,0.767725842481,0.914631479323,5497,408,0
1,within-player,3,2014,-0.147146255601,0.839022773037,0.0408782329614,0.0375344949565,0.765455162923,0.912590383152,5497,408,0
1,within-player,4,2014,-0.146692504634,0.838805150616,0.0415747977008,0.0380231715616,0.764279734355,0.913330566877,5497,408,0
1,within-player,5,2014,-0.152239319906,0.837909955175,0.0410359090103,0.0379383485455,0.763550792026,0.912269118324,5497,408,0
1,within-player,6,2014,-0.149431612266,0.836548895882,0.0416865352454,0.0383554639311,0.761372186577,0.911725605187,5497,408,0
1,within-player,7,2014,-0.144790583887,0.838853397611,0.0418581575845,0.0385241220391,0.763346118414,0.914360676808,5497,408,0
1,within-player,8,2014,-0.146631284696,0.840527585901,0.0409399160749,0.037802874994,0.766433950913,0.91462122089,5497,408,0
1,within-player,9,2014,-0.147071275315,0.840178999432,0.0410531950861,0.0382277668249,0.765252576455,0.915105422409,5497,408,0
1,within-player,10,2014,-0.14236397999,0.843236101418,0.0414803652366,0.038277874221,0.768211467945,0.918260734891,5497,408,0
1,within-player,11,2014,-0.151251718223,0.837013223213,0.0410187905379,0.0372483466464,0.764006463786,0.91001998264,5497,408,0
1,within-player,12,2014,-0.146959747269,0.840368899836,0.0416678847146,0.0382049090911,0.765487278018,0.915250521655,5497,408,0
1,within-player,13,2014,-0.143800510869,0.842955650899,0.0410738549819,0.0381552949091,0.768171272877,0.917740028921,5497,408,0
1,within-player,14,2014,-0.148762399479,0.839500435814,0.0403324917251,0.0376884851515,0.765631004917,0.913369866711,5497,408,0
1,within-player,15,2014,-0.153141831724,0.836522589773,0.0412391441038,0.0378244970548,0.762386575545,0.910658604,5497,408,0
1,within-player,16,2014,-0.15020824074,0.837957262506,0.0408375830559,0.0380907093955,0.763299472091,0.912615052921,5497,408,0
1,within-player,17,2014,-0.146859099549,0.840873421624,0.0405710905559,0.0377421603057,0.766898787425,0.914848055823,5497,408,0
1,within-player,18,2014,-0.146601215014,0.836403215251,0.0404966985868,0.0372878110068,0.763319105678,0.909487324825,5497,408,0
1,within-player,19,2014,-0.148254457651,0.83869376294,0.0415190727203,0.0383278232039,0.76357122946,0.91381629642,5497,408,0
1,base-rate-only,-1,2015,-0.407927715492,0.970435604434,0.0772240097595,0.0614546040905,0.849984580416,1.09088662845,5250,404,0
1,current-season-rate,-1,2015,-0.604730302984,0.890122357808,0.0909961989696,0.0808198444774,0.731715462632,1.04852925298,5250,404,0
1,historical-rate,-1,2015,-0.236010635632,0.880493791427,0.0770967099568,0.0737024453295,0.736036998582,1.02495058427,3032,214,2218
1,no-vegas,-1,2015,-0.0496941123919,0.900458824323,0.0553773365098,0.0399657006885,0.822126050973,0.978791597672,5250,404,0
1,player-vegas,-1,2015,-0.423861775474,0.953289411802,0.0759863000115,0.0584293018373,0.838767980201,1.0678108434,5250,404,0
1,random,0,2015,-0.806511590387,0.221653522758,0.130154448475,0.0444029675581,0.134623706344,0.308683339172,5250,404,0
1,random,1,2015,-0.699350738343,0.293099057358,0.125384494064,0.0471017346574,0.200779657429,0.385418457286,5250,404,0
1,random,2,2015,-0.849055896699,0.194369959129,0.119397005093,0.0366887351532,0.122460038229,0.26627988003,5250,404,0
1,random,3,2015,-0.788080267922,0.23364290919,0.135099763473,0.0479310430379,0.139698064836,0.327587753545,5250,404,0
1,random,4,2015,-0.833561733874,0.204245345785,0.123833364668,0.0412223175597,0.123449603368,0.285041088202,5250,404,0
1,random,5,2015,-0.809701259786,0.219587409925,0.117879600497,0.0366839936212,0.147686782427,0.291488037422,5250,404,0
1,random,6,2015,-0.771079483437,0.244840495215,0.119075873294,0.0433480713479,0.159878275374,0.329802715057,5250,404,0
1,random,7,2015,-0.787774262579,0.23383116142,0.118921290653,0.0433966189352,0.148773788307,0.318888534533,5250,404,0
1,random,8,2015,-0.825441984774,0.209446119455,0.12022272717,0.0393591118051,0.132302260317,0.286589978593,5250,404,0
1,random,9,2015,-0.685069105585,0.302970661228,0.126640308971,0.046182633248,0.212452700062,0.393488622394,5250,404,0
1,random,10,2015,-0.856177234466,0.189845314208,0.132986282958,0.047719514844,0.0963150651137,0.283375563302,5250,404,0
1,random,11,2015,-0.739946402648,0.265553830923,0.123016653274,0.0424034951506,0.182442980428,0.348664681418,5250,404,0
1,random,12,2015,-0.865825186429,0.183743541253,0.121245208079,0.0405077186758,0.104348412648,0.263138669857,5250,404,0
1,random,13,2015,-0.736165670488,0.268088980997,0.115795140014,0.0354980649077,0.198512773778,0.337665188216,5250,404,0
1,random,14,2015,-0.765689352419,0.248413569683,0.1240853799,0.0405813730343,0.168874078536,0.32795306083,5250,404,0
1,random,15,2015,-0.898499300217,0.163346380346,0.126195099185,0.0420598844637,0.0809090067969,0.245783753895,5250,404,0
1,random,16,2015,-0.811443859548,0.218461249391,0.122666771513,0.0434315360958,0.133335438644,0.303587060139,5250,404,0
1,random,17,2015,-0.801239711035,0.225067785675,0.129329449382,0.0461092939475,0.134693569538,0.315442001812,5250,404,0
1,random,18,2015,-0.797780982219,0.227297549063,0.128112483703,0.0427638144369,0.143480472767,0.311114625359,5250,404,0
1,random,19,2015,-0.74205943159,0.264138286339,0.130424700001,0.0473993504749,0.171235559408,0.357041013269,5250,404,0
1,regressed-rate,-1,2015,-0.447357607791,0.941802757763,0.0895550632333,0.0780227501042,0.788878167559,1.09472734797,5250,404,0
1,shipped,-1,2015,-0.0686903436802,0.886017171166,0.0555122208791,0.0393561488388,0.808879119442,0.96315522289,5250,404,0
1,vegas-environment,-1,2015,-0.0423448327913,1.09630974785,0.0678619084874,0.0578988440628,0.982828013487,1.20979148221,5250,404,0
1,within-player,0,2015,-0.0714242880847,0.878630632827,0.0563160319837,0.0391580572939,0.801880840531,0.955380425123,5250,404,0
1,within-player,1,2015,-0.0768903172795,0.877986318001,0.0559776356256,0.0391388341,0.801274203165,0.954698432837,5250,404,0
1,within-player,2,2015,-0.0790786493657,0.872723730658,0.056234347181,0.0393027046305,0.795690429582,0.949757031734,5250,404,0
1,within-player,3,2015,-0.071490760149,0.883386846039,0.0564687482474,0.0395853195245,0.805799619771,0.960974072307,5250,404,0
1,within-player,4,2015,-0.0793274456252,0.876803671439,0.0552318652948,0.0392190628412,0.79993430827,0.953673034607,5250,404,0
1,within-player,5,2015,-0.0757979272315,0.879309429607,0.0564094970084,0.0400720944051,0.800768124573,0.957850734641,5250,404,0
1,within-player,6,2015,-0.0771898049382,0.87604450063,0.0555366328224,0.0386360480799,0.800317846393,0.951771154866,5250,404,0
1,within-player,7,2015,-0.0820771222681,0.872901646534,0.0563125924933,0.0398847902047,0.794727457733,0.951075835335,5250,404,0
1,within-player,8,2015,-0.0736625602445,0.878667313092,0.0566026117594,0.0395424715491,0.801164068856,0.956170557328,5250,404,0
1,within-player,9,2015,-0.0754677642043,0.87878223551,0.0556197987985,0.0394297490958,0.801499927282,0.956064543738,5250,404,0
1,within-player,10,2015,-0.0726017606762,0.879145595242,0.0563930620354,0.0396878515448,0.801357406214,0.95693378427,5250,404,0
1,within-player,11,2015,-0.0722988926501,0.878036906301,0.056447973703,0.039636061581,0.800350225602,0.955723587,5250,404,0
1,within-player,12,2015,-0.0739744812856,0.8801898903,0.0552635153063,0.0385793101252,0.804574442454,0.955805338145,5250,404,0
1,within-player,13,2015,-0.0792957875506,0.87326273769,0.0557311894323,0.0392087406724,0.796413605972,0.950111869408,5250,404,0
1,within-player,14,2015,-0.0777182771274,0.875032846312,0.0568952446293,0.0397880829012,0.797048203826,0.953017488799,5250,404,0
1,within-player,15,2015,-0.0737599307543,0.881213063404,0.0555714806188,0.0388307299591,0.805104832684,0.957321294124,5250,404,0
1,within-player,16,2015,-0.0803533030761,0.875009951605,0.0560480558569,0.0391983954211,0.798181096579,0.95183880663,5250,404,0
1,within-player,17,2015,-0.0728200081144,0.878744097431,0.0566279338332,0.0400757746989,0.800195579022,0.957292615841,5250,404,0
1,within-player,18,2015,-0.0751972572076,0.880382415269,0.0550849805904,0.0388912080003,0.804155647588,0.956609182949,5250,404,0
1,within-player,19,2015,-0.0797768528373,0.873333350787,0.056667964517,0.039690115337,0.795540724726,0.951125976847,5250,404,0
1,base-rate-only,-1,2016,-0.558491942338,0.941011003729,0.0715189482148,0.0555104172439,0.832210585931,1.04981142153,8155,844,0
1,current-season-rate,-1,2016,-0.804259005181,0.8353387394,0.0867324066387,0.0764345371854,0.685527046517,0.985150432284,8155,844,0
1,historical-rate,-1,2016,-0.31506496159,0.83821151571,0.0587478451442,0.0559377688357,0.728573488792,0.947849542628,4119,334,4036
1,no-vegas,-1,2016,-0.126698965699,0.869930019086,0.039822308754,0.0307352590465,0.809688911355,0.930171126817,8155,844,0
1,player-vegas,-1,2016,-0.56609277255,0.933584312004,0.0695077131475,0.0537850255747,0.828165661877,1.03900296213,8155,844,0
1,random,0,2016,-0.944603658445,0.237999554603,0.120234964438,0.0419298328776,0.155817082163,0.320182027043,8155,844,0
1,random,1,2016,-0.964717720899,0.226434141372,0.116967120735,0.0388233412322,0.150340392556,0.302527890187,8155,844,0
1,random,2,2016,-1.13009526064,0.134794971245,0.114978951086,0.0360788579799,0.0640804096045,0.205509532886,8155,844,0
1,random,3,2016,-1.12196036643,0.139164135528,0.11453520461,0.0364364044629,0.0677487827809,0.210579488275,8155,844,0
1,random,4,2016,-0.951464973493,0.234049180839,0.119591894063,0.0398859141766,0.155872789053,0.312225572626,8155,844,0
1,random,5,2016,-1.18764164915,0.104171548344,0.108793863394,0.0344385558432,0.0366719788916,0.171671117797,8155,844,0
1,random,6,2016,-0.980439966048,0.217468394331,0.108310826381,0.0343579627853,0.150126787272,0.28481000139,8155,844,0
1,random,7,2016,-1.08781135584,0.157674326343,0.112225828115,0.0356164176748,0.0878661477,0.227482504985,8155,844,0
1,random,8,2016,-0.950319550309,0.234708390906,0.122847450871,0.0425030164893,0.151402478587,0.318014303225,8155,844,0
1,random,9,2016,-0.9301192235,0.246374750389,0.10660878071,0.0325674601825,0.182542528432,0.310206972347,8155,844,0
1,random,10,2016,-1.01786282247,0.19634203173,0.115949871378,0.0373762884652,0.123084506338,0.269599557122,8155,844,0
1,random,11,2016,-1.038249441,0.184968541961,0.106221106362,0.0306110766255,0.124970831775,0.244966252147,8155,844,0
1,random,12,2016,-0.978969578971,0.218283251818,0.114016833142,0.0379020546423,0.143995224719,0.292571278917,8155,844,0
1,random,13,2016,-1.02122733626,0.194459918549,0.109534666191,0.0352898412461,0.125291829706,0.263628007391,8155,844,0
1,random,14,2016,-0.984735588863,0.215027983712,0.123378820972,0.044747082773,0.127323701477,0.302732265947,8155,844,0
1,random,15,2016,-1.0699428659,0.167465757239,0.117483884475,0.0386397348567,0.0917318769195,0.243199637558,8155,844,0
1,random,16,2016,-0.989384514122,0.212382563176,0.101490243489,0.0302165104166,0.15315820276,0.271606923593,8155,844,0
1,random,17,2016,-1.02445900502,0.192654665523,0.110845523572,0.0339452179655,0.12612203831,0.259187292735,8155,844,0
1,random,18,2016,-0.869153842644,0.282289460308,0.114841524147,0.0390923675481,0.205668419914,0.358910500702,8155,844,0
1,random,19,2016,-0.938234199422,0.24170178544,0.116423413826,0.0396517721502,0.163984312026,0.319419258854,8155,844,0
1,regressed-rate,-1,2016,-0.607285996484,0.917554159304,0.0773197942776,0.065634302355,0.788910926688,1.04619739192,8155,844,0
1,shipped,-1,2016,-0.139213466775,0.861535031795,0.0369876644536,0.0292129279157,0.80427769308,0.918792370509,8155,844,0
1,vegas-environment,-1,2016,-0.126482414338,1.06588113561,0.0491269149053,0.043352710698,0.98090982264,1.15085244858,8155,844,0
1,within-player,0,2016,-0.145439715204,0.853260536724,0.0364204416078,0.0285696205988,0.79726408035,0.909256993098,8155,844,0
1,within-player,1,2016,-0.150733330045,0.850104692281,0.0379332399059,0.0292393837781,0.792795500076,0.907413884486,8155,844,0
1,within-player,2,2016,-0.14551815261,0.855013145114,0.0366207008968,0.0286643530794,0.798831013078,0.911195277149,8155,844,0
1,within-player,3,2016,-0.150853510146,0.84914680971,0.0382929773982,0.0296021922058,0.791126512987,0.907167106434,8155,844,0
1,within-player,4,2016,-0.144621889871,0.854908958321,0.0381243339897,0.029646245271,0.79680231759,0.913015599052,8155,844,0
1,within-player,5,2016,-0.149654500946,0.850846239171,0.0380739878488,0.0294553497626,0.793113753637,0.908578724706,8155,844,0
1,within-player,6,2016,-0.147210175612,0.851784219275,0.0374250402844,0.0285403836741,0.795845067273,0.907723371276,8155,844,0
1,within-player,7,2016,-0.142190160122,0.855947268533,0.0382053258893,0.0293540255748,0.798413378406,0.913481158659,8155,844,0
1,within-player,8,2016,-0.152485650891,0.851516059335,0.0376391107194,0.0292517560452,0.794182617486,0.908849501183,8155,844,0
1,within-player,9,2016,-0.150822314075,0.852244483263,0.0374862395613,0.0291160692185,0.795176987595,0.909311978932,8155,844,0
1,within-player,10,2016,-0.141901161051,0.857593105834,0.0372079701066,0.0294678084586,0.799836201256,0.915350010413,8155,844,0
1,within-player,11,2016,-0.154226611733,0.850971384351,0.0375775630624,0.0292968695709,0.793549519992,0.90839324871,8155,844,0
1,within-player,12,2016,-0.152165025944,0.85018598833,0.0379067975923,0.0288197019581,0.793699372492,0.906672604168,8155,844,0
1,within-player,13,2016,-0.153634882513,0.848575888295,0.0372962952369,0.0285100610911,0.792696168556,0.904455608033,8155,844,0
1,within-player,14,2016,-0.146980695312,0.852129112055,0.0378358918295,0.028977514242,0.795333184141,0.908925039969,8155,844,0
1,within-player,15,2016,-0.150844217509,0.853309576356,0.0377568288263,0.0294988058632,0.795491916864,0.911127235848,8155,844,0
1,within-player,16,2016,-0.155204099022,0.849456582939,0.0377263563578,0.0293342834868,0.791961387305,0.906951778573,8155,844,0
1,within-player,17,2016,-0.148545262703,0.853080391601,0.0384887215105,0.0297326276654,0.794804441377,0.911356341825,8155,844,0
1,within-player,18,2016,-0.144038328314,0.855836829911,0.0374396610669,0.0291859064098,0.798632453347,0.913041206474,8155,844,0
1,within-player,19,2016,-0.148390999212,0.849861520481,0.0388820506162,0.0299152216898,0.791227685969,0.908495354992,8155,844,0
1,base-rate-only,-1,2017,-0.581671299463,0.958555361147,0.0736459559612,0.0573707137902,0.846108762118,1.07100196018,7926,644,0
1,current-season-rate,-1,2017,-0.826752443929,0.850123519325,0.0858426397775,0.0750083690035,0.703107116078,0.997139922572,7926,644,0
1,historical-rate,-1,2017,-0.353635038071,0.911271024129,0.0604659864483,0.0571806265468,0.799196996098,1.02334505216,4286,311,3640
1,no-vegas,-1,2017,-0.129516610316,0.911538404498,0.0387486794166,0.028296445328,0.856077371655,0.966999437341,7926,644,0
1,player-vegas,-1,2017,-0.601320919639,0.937568228368,0.0714653341899,0.0547651639952,0.830228506937,1.0449079498,7926,644,0
1,random,0,2017,-0.870350164257,0.316085162138,0.11618680078,0.042356278631,0.233066856021,0.399103468254,7926,644,0
1,random,1,2017,-0.93955847425,0.273985397309,0.113551182427,0.0389725851214,0.197599130471,0.350371664147,7926,644,0
1,random,2,2017,-1.02621897746,0.223082586765,0.111097219177,0.036333398054,0.151869126579,0.294296046951,7926,644,0
1,random,3,2017,-1.0230092467,0.224939007383,0.101310253925,0.0313649874352,0.16346363201,0.286414382756,7926,644,0
1,random,4,2017,-0.996739103361,0.240198330607,0.109913319482,0.0353598228739,0.170893077774,0.30950358344,7926,644,0
1,random,5,2017,-1.03029135286,0.220735165972,0.104493695443,0.0339372824573,0.154218092355,0.287252239588,7926,644,0
1,random,6,2017,-1.03865274314,0.215919516264,0.113386587332,0.0375252306153,0.142370064258,0.28946896827,7926,644,0
1,random,7,2017,-1.04753356268,0.210824695755,0.109348636693,0.0368377703984,0.138622665774,0.283026725736,7926,644,0
1,random,8,2017,-0.93126071555,0.278990038779,0.112222107727,0.0382318436479,0.20405562523,0.353924452329,7926,644,0
1,random,9,2017,-0.973670148954,0.253719759279,0.105951702214,0.0366451634914,0.181895238836,0.325544279722,7926,644,0
1,random,10,2017,-1.05473113883,0.206715456909,0.113515455409,0.0365870498616,0.13500483918,0.278426074638,7926,644,0
1,random,11,2017,-1.12023609977,0.169778604553,0.113949037427,0.0359644829376,0.0992882179948,0.24026899111,7926,644,0
1,random,12,2017,-0.904265965647,0.295274461278,0.108160434919,0.0363835113272,0.223962779076,0.366586143479,7926,644,0
1,random,13,2017,-1.09159831325,0.185823515977,0.116255791913,0.0405205292079,0.106403278729,0.265243753224,7926,644,0
1,random,14,2017,-0.989391840653,0.2444923687,0.114426277618,0.0395871742623,0.166901507146,0.322083230254,7926,644,0
1,random,15,2017,-1.01097911812,0.231908922138,0.111738253467,0.0371085038954,0.159176254503,0.304641589773,7926,644,0
1,random,16,2017,-0.963197578912,0.259895830461,0.113782828795,0.0394806864293,0.182513685059,0.337277975862,7926,644,0
1,random,17,2017,-0.982420462763,0.248570963045,0.107390644931,0.0342495701438,0.181441805563,0.315700120527,7926,644,0
1,random,18,2017,-0.800380177516,0.360017366795,0.102837790124,0.0366996003214,0.288086150165,0.431948583425,7926,644,0
1,random,19,2017,-0.963702855837,0.259597277882,0.113689683187,0.0395074098615,0.182162754554,0.337031801211,7926,644,0
1,regressed-rate,-1,2017,-0.637424270626,0.970588249994,0.0765712437974,0.065563996081,0.842082817676,1.09909368231,7926,644,0
1,shipped,-1,2017,-0.158341000413,0.891227065563,0.0376762694354,0.0277508741285,0.836835352271,0.945618778855,7926,644,0
1,vegas-environment,-1,2017,-0.195810740887,1.09502747171,0.0413045916713,0.035700090212,1.0250552949,1.16499964853,7926,644,0
1,within-player,0,2017,-0.167289813403,0.884373433113,0.0371157555558,0.0272552096387,0.830953222221,0.937793644005,7926,644,0
1,within-player,1,2017,-0.166635852476,0.884541928903,0.0372519675264,0.0277282647471,0.830194529999,0.938889327807,7926,644,0
1,within-player,2,2017,-0.166119315377,0.885823346307,0.0370678343189,0.0270633252765,0.832779228765,0.938867463849,7926,644,0
1,within-player,3,2017,-0.160902630294,0.88841294378,0.0376084378437,0.0274005722564,0.834707822157,0.942118065402,7926,644,0
1,within-player,4,2017,-0.170535084468,0.879439475835,0.0372627005326,0.0273461623014,0.825840997724,0.933037953945,7926,644,0
1,within-player,5,2017,-0.165242082152,0.886109984654,0.0373325306353,0.0270487991398,0.83309433834,0.939125630968,7926,644,0
1,within-player,6,2017,-0.168529149894,0.885597856274,0.0366145624317,0.0266866829039,0.833291957782,0.937903754766,7926,644,0
1,within-player,7,2017,-0.167192610207,0.884116614171,0.0375189205794,0.0273173366833,0.830574634271,0.93765859407,7926,644,0
1,within-player,8,2017,-0.16473020615,0.886295382727,0.0376339396858,0.0273356066025,0.832717593786,0.939873171668,7926,644,0
1,within-player,9,2017,-0.161958174027,0.888065533608,0.036392059168,0.0267616847808,0.835612631438,0.940518435778,7926,644,0
1,within-player,10,2017,-0.169102720851,0.881160159695,0.037462608679,0.0273462707915,0.827561468944,0.934758850447,7926,644,0
1,within-player,11,2017,-0.16796049913,0.880567842844,0.0378087881438,0.027472934304,0.826720891608,0.93441479408,7926,644,0
1,within-player,12,2017,-0.1658730465,0.882695014148,0.0368566994628,0.0272112971583,0.829360871717,0.936029156578,7926,644,0
1,within-player,13,2017,-0.167916909654,0.881604757755,0.0369838038046,0.026966724322,0.828749978083,0.934459537426,7926,644,0
1,within-player,14,2017,-0.164861769945,0.885880198166,0.0374144740011,0.0271804477588,0.832606520559,0.939153875773,7926,644,0
1,within-player,15,2017,-0.167100195081,0.882611578116,0.0378304556619,0.0273353735426,0.829034245972,0.936188910259,7926,644,0
1,within-player,16,2017,-0.159598562639,0.888953878966,0.036223935538,0.0271148098263,0.835808851706,0.942098906225,7926,644,0
1,within-player,17,2017,-0.168045543976,0.882490829031,0.0370939041443,0.0269960089779,0.829578651434,0.935403006627,7926,644,0
1,within-player,18,2017,-0.166727072715,0.885253889859,0.0370453610817,0.0270345889761,0.832266095465,0.938241684252,7926,644,0
1,within-player,19,2017,-0.17004098032,0.883953386791,0.0373233625845,0.0270724360352,0.830891412162,0.93701536142,7926,644,0
1,base-rate-only,-1,2018,-0.400834393725,0.979039129312,0.0654978378897,0.0493413722472,0.882330039708,1.07574821892,7699,652,0
1,current-season-rate,-1,2018,-0.585909405829,0.940693801117,0.0780736077833,0.0675103255583,0.808373563023,1.07301403921,7699,652,0
1,historical-rate,-1,2018,-0.32253470593,0.802218574158,0.0725319242424,0.0575927840126,0.689336717493,0.915100430823,4170,317,3529
1,no-vegas,-1,2018,-0.0620955908841,0.833075004264,0.0482858223176,0.0355850448264,0.763328316405,0.902821692124,7699,652,0
1,player-vegas,-1,2018,-0.42187613344,0.957897876852,0.0616491456624,0.0453139406217,0.869082553234,1.04671320047,7699,652,0
1,random,0,2018,-0.737928447072,0.29845304412,0.119374151536,0.0427290081093,0.214704188226,0.382201900014,7699,652,0
1,random,1,2018,-0.858439922535,0.2267538121,0.108798027376,0.0339361656158,0.160238927493,0.293268696707,7699,652,0
1,random,2,2018,-0.936077221067,0.182549789779,0.109711832528,0.0370578843235,0.109916336505,0.255183243052,7699,652,0
1,random,3,2018,-0.967555159972,0.165033186115,0.116455239383,0.0369207144142,0.0926685858631,0.237397786367,7699,652,0
1,random,4,2018,-0.833735840754,0.241123571656,0.113149478391,0.0369058470033,0.168788111529,0.313459031782,7699,652,0
1,random,5,2018,-0.844121619806,0.235064074272,0.115054566973,0.0398834801643,0.15689245315,0.313235695394,7699,652,0
1,random,6,2018,-0.89112612626,0.207974311193,0.10694541783,0.0346457341213,0.140068672315,0.275879950071,7699,652,0
1,random,7,2018,-0.897220011126,0.204509466315,0.112409716043,0.03518872818,0.135539559082,0.273479373548,7699,652,0
1,random,8,2018,-0.774269704899,0.276383740501,0.114202920815,0.037952190169,0.20199744777,0.350770033233,7699,652,0
1,random,9,2018,-0.797101237849,0.262745941423,0.113789045431,0.0389429331219,0.186417792504,0.339074090342,7699,652,0
1,random,10,2018,-0.928358425749,0.186889246686,0.119580544832,0.0380223525004,0.112365435785,0.261413057586,7699,652,0
1,random,11,2018,-0.851649178404,0.230677041976,0.105247621224,0.0324790380736,0.167018127351,0.2943359566,7699,652,0
1,random,12,2018,-0.885620670925,0.211117602854,0.117350185641,0.0393903854988,0.133912447276,0.288322758432,7699,652,0
1,random,13,2018,-0.880163206013,0.214235268425,0.106393549731,0.0346275194021,0.146365330397,0.282105206453,7699,652,0
1,random,14,2018,-0.801917813815,0.259871330234,0.108028671322,0.0344263396978,0.192395704427,0.327346956042,7699,652,0
1,random,15,2018,-0.844487441469,0.234849225433,0.113477103367,0.0360038195002,0.164281739212,0.305416711653,7699,652,0
1,random,16,2018,-0.808831004903,0.255787881292,0.110907847281,0.0397244667688,0.177927926425,0.333647836159,7699,652,0
1,random,17,2018,-0.867676598534,0.22140746534,0.109044694453,0.034161087599,0.154451733646,0.288363197034,7699,652,0
1,random,18,2018,-0.719820723973,0.309613722865,0.117979485021,0.0412968565184,0.228671884089,0.390555561641,7699,652,0
1,random,19,2018,-0.766995114348,0.280791989159,0.113795475667,0.0391310786486,0.204095075008,0.357488903311,7699,652,0
1,regressed-rate,-1,2018,-0.417642245167,0.939637606395,0.0829201734663,0.063580173625,0.81502046609,1.0642547467,7699,652,0
1,shipped,-1,2018,-0.086533000437,0.816872196869,0.042063450553,0.0332434482613,0.751715038276,0.882029355461,7699,652,0
1,vegas-environment,-1,2018,0.0129599459666,1.02071669127,0.0621332015561,0.0509407490634,0.920872823105,1.12056055943,7699,652,0
1,within-player,0,2018,-0.0911126398543,0.811954919922,0.0430313818535,0.0338722561253,0.745565297916,0.878344541927,7699,652,0
1,within-player,1,2018,-0.0921659149031,0.812038288084,0.0414886788013,0.0333000314174,0.746770226506,0.877306349662,7699,652,0
1,within-player,2,2018,-0.0912411967402,0.812288209522,0.042433014419,0.0333469208889,0.74692824458,0.877648174464,7699,652,0
1,within-player,3,2018,-0.0927574793292,0.811736057374,0.0426399017694,0.0334344937852,0.746204449555,0.877267665193,7699,652,0
1,within-player,4,2018,-0.0911910205727,0.812491337046,0.0426440658123,0.033728297912,0.746383873139,0.878598800954,7699,652,0
1,within-player,5,2018,-0.0921183582736,0.812231757743,0.0427249893163,0.0340648741248,0.745464604459,0.878998911028,7699,652,0
1,within-player,6,2018,-0.0921327064156,0.81154521073,0.0429509705082,0.0337630106023,0.745369709949,0.87772071151,7699,652,0
1,within-player,7,2018,-0.0983004957892,0.807122629509,0.0425225845055,0.033668476963,0.741132414661,0.873112844356,7699,652,0
1,within-player,8,2018,-0.100975821827,0.806575855898,0.0416398867888,0.0329199477812,0.742052758247,0.871098953549,7699,652,0
1,within-player,9,2018,-0.0959004715638,0.809038734016,0.0427187851855,0.0337907781622,0.742808808818,0.875268659214,7699,652,0
1,within-player,10,2018,-0.097438076098,0.807098886675,0.0428035350409,0.0336956885267,0.741055337163,0.873142436187,7699,652,0
1,within-player,11,2018,-0.0922252225051,0.809856959809,0.0420444413042,0.0334176652604,0.744358335899,0.87535558372,7699,652,0
1,within-player,12,2018,-0.0973052027212,0.807977169693,0.0425634361954,0.0334618340636,0.742391974929,0.873562364458,7699,652,0
1,within-player,13,2018,-0.0929712930043,0.810587634267,0.0428442477609,0.0339744017796,0.743997806779,0.877177461755,7699,652,0
1,within-player,14,2018,-0.0987464384637,0.806872290116,0.0421952525993,0.0332478997735,0.74170640656,0.872038173672,7699,652,0
1,within-player,15,2018,-0.0937900228425,0.808739736105,0.0430918905497,0.0339054939724,0.74228496792,0.875194504291,7699,652,0
1,within-player,16,2018,-0.0956756196186,0.811262772049,0.0421890026278,0.033398280375,0.745802142514,0.876723401584,7699,652,0
1,within-player,17,2018,-0.0934399565035,0.811722625149,0.0426753197877,0.0334488104481,0.74616295667,0.877282293627,7699,652,0
1,within-player,18,2018,-0.0965769239423,0.809606877832,0.0421189075573,0.0330004548815,0.744925986264,0.874287769399,7699,652,0
1,within-player,19,2018,-0.0942600792092,0.809523230831,0.0416204700122,0.0329475108423,0.74494610958,0.874100352082,7699,652,0
1,base-rate-only,-1,2019,-0.422596082269,0.985127235901,0.0576763013565,0.0456600532351,0.89563353156,1.07462094024,7118,639,0
1,current-season-rate,-1,2019,-0.628760889426,0.91349592525,0.0713752710544,0.0647166707269,0.786651250626,1.04034059987,7118,639,0
1,historical-rate,-1,2019,-0.289992425458,0.879946111515,0.0544088564013,0.0487547371952,0.784386826612,0.975505396417,4022,325,3096
1,no-vegas,-1,2019,-0.0920530181302,0.89488267624,0.0354060890273,0.0282205929429,0.839570314072,0.950195038408,7118,639,0
1,player-vegas,-1,2019,-0.445111877687,0.956173364959,0.0570571278514,0.0442095317836,0.869522682663,1.04282404725,7118,639,0
1,random,0,2019,-0.674657969895,0.35025958334,0.101061483276,0.0383123170069,0.275167442007,0.425351724674,7118,639,0
1,random,1,2019,-0.757250296372,0.29353891191,0.0995933146993,0.0353143348696,0.224322815565,0.362755008254,7118,639,0
1,random,2,2019,-0.828611017559,0.246657132941,0.10432819608,0.0368372473635,0.174456128108,0.318858137774,7118,639,0
1,random,3,2019,-0.755405483699,0.29476337767,0.101678437013,0.0350797286426,0.22600710953,0.363519645809,7118,639,0
1,random,4,2019,-0.814045584677,0.256097745612,0.107239928638,0.0385970391811,0.180447548817,0.331747942407,7118,639,0
1,random,5,2019,-0.800509642593,0.264917596273,0.106520025609,0.038879667763,0.188713447458,0.341121745088,7118,639,0
1,random,6,2019,-0.764540432742,0.288654187664,0.102554077324,0.0345526874516,0.220930920259,0.356377455069,7118,639,0
1,random,7,2019,-0.833398027131,0.24356992948,0.104841902873,0.0364974464092,0.172034934518,0.315104924442,7118,639,0
1,random,8,2019,-0.674111219013,0.350600351257,0.105065367969,0.0397641001852,0.272662714894,0.428537987619,7118,639,0
1,random,9,2019,-0.70605372559,0.328358486164,0.103497154346,0.0384013799365,0.253091781488,0.403625190839,7118,639,0
1,random,10,2019,-0.780867079397,0.277868972459,0.105368755289,0.0374121321311,0.204541193482,0.351196751436,7118,639,0
1,random,11,2019,-0.719276750022,0.319241532223,0.105284133195,0.0389729329044,0.242854583731,0.395628480716,7118,639,0
1,random,12,2019,-0.713391378335,0.323310531537,0.104502435406,0.0405803788129,0.243772989064,0.40284807401,7118,639,0
1,random,13,2019,-0.675615961043,0.349628749701,0.0988600427623,0.035942464133,0.27918152,0.420075979402,7118,639,0
1,random,14,2019,-0.698497717113,0.333606609464,0.107329739255,0.0417514736785,0.251773721054,0.415439497874,7118,639,0
1,random,15,2019,-0.754337469873,0.295518902545,0.108682746003,0.0410423144096,0.215075966302,0.375961838788,7118,639,0
1,random,16,2019,-0.790456723995,0.271514154127,0.108450511381,0.0386193162737,0.19582029423,0.347208014023,7118,639,0
1,random,17,2019,-0.70600460185,0.328410733302,0.105067658274,0.0383680776439,0.25320930112,0.403612165484,7118,639,0
1,random,18,2019,-0.625114442759,0.385728354496,0.0980541255253,0.0379803853,0.311286799308,0.460169909684,7118,639,0
1,random,19,2019,-0.799488105272,0.265586617122,0.10576563936,0.0371954671927,0.192683501424,0.338489732819,7118,639,0
1,regressed-rate,-1,2019,-0.467469526373,1.006328148,0.0629388583148,0.0527760282829,0.902887132566,1.10976916344,7118,639,0
1,shipped,-1,2019,-0.114612878715,0.875753924288,0.0345901635854,0.0276291571045,0.821600776363,0.929907072213,7118,639,0
1,vegas-environment,-1,2019,-0.160124275007,1.06694962797,0.0409007832383,0.0380670734725,0.992338163965,1.14156109198,7118,639,0
1,within-player,0,2019,-0.123596650421,0.864800705272,0.0357224728801,0.0277520984247,0.81040659236,0.919194818185,7118,639,0
1,within-player,1,2019,-0.121505484666,0.868902995467,0.0345074981219,0.0276594839908,0.814690406845,0.923115584089,7118,639,0
1,within-player,2,2019,-0.116849958719,0.86980623724,0.035597787172,0.0278236626991,0.815271858349,0.92434061613,7118,639,0
1,within-player,3,2019,-0.118793114587,0.867033553204,0.0356938805053,0.0281831109833,0.811794655677,0.922272450732,7118,639,0
1,within-player,4,2019,-0.126566447246,0.861865306586,0.036414007056,0.0278151465718,0.807347619306,0.916382993867,7118,639,0
1,within-player,5,2019,-0.123451254901,0.866298744243,0.0352980562754,0.027313426629,0.812764428051,0.919833060436,7118,639,0
1,within-player,6,2019,-0.120190065522,0.867470212307,0.0355308277581,0.0276440250221,0.813287923264,0.92165250135,7118,639,0
1,within-player,7,2019,-0.117829607218,0.869280633538,0.0358656612,0.0280629048752,0.814277339982,0.924283927093,7118,639,0
1,within-player,8,2019,-0.12724767256,0.86159425118,0.035397068667,0.0273636436429,0.80796150964,0.91522699272,7118,639,0
1,within-player,9,2019,-0.125518497542,0.862500693194,0.0360298088195,0.0280611380387,0.807500862638,0.91750052375,7118,639,0
1,within-player,10,2019,-0.124312338244,0.865701795393,0.0354172270619,0.0276680119693,0.811472491933,0.919931098853,7118,639,0
1,within-player,11,2019,-0.122028955145,0.86664165508,0.0352375315893,0.0277788615443,0.812195086453,0.921088223707,7118,639,0
1,within-player,12,2019,-0.122979076555,0.863942263677,0.0351219096603,0.0277911274718,0.809471653832,0.918412873522,7118,639,0
1,within-player,13,2019,-0.128374619543,0.861190459668,0.0359768268817,0.028199005104,0.805920409664,0.916460509672,7118,639,0
1,within-player,14,2019,-0.118661037116,0.867953016121,0.0357623580875,0.0278219314291,0.81342203052,0.922484001722,7118,639,0
1,within-player,15,2019,-0.118842384638,0.868636404516,0.0353914784278,0.0278032652092,0.814142004706,0.923130804326,7118,639,0
1,within-player,16,2019,-0.112628610104,0.87473708091,0.0350684149355,0.0275379161407,0.820762765274,0.928711396546,7118,639,0
1,within-player,17,2019,-0.122219258216,0.868650354553,0.034967683921,0.0274468029849,0.814854620703,0.922446088404,7118,639,0
1,within-player,18,2019,-0.12059544218,0.867420417956,0.0353809564844,0.0281177128308,0.812309700808,0.922531135104,7118,639,0
1,within-player,19,2019,-0.12091836737,0.869983429902,0.035582779049,0.0279067365894,0.815286226187,0.924680633617,7118,639,0
1,base-rate-only,-1,2020,-0.30547730907,1.02336539829,0.0535673548458,0.043945494261,0.937232229535,1.10949856704,7229,675,0
1,current-season-rate,-1,2020,-0.485741586433,1.00622381172,0.0648990231575,0.0614803389639,0.885722347352,1.12672527609,7229,675,0
1,historical-rate,-1,2020,-0.189840122971,0.892521583033,0.0643545358264,0.0598332503875,0.775248412273,1.00979475379,4094,330,3135
1,no-vegas,-1,2020,-0.00520089831272,0.89786081506,0.0358320061443,0.0271592553351,0.844628674603,0.951092955516,7229,675,0
1,player-vegas,-1,2020,-0.326013537506,1.00187151274,0.0512993570332,0.0413773886957,0.920771830901,1.08297119459,7229,675,0
1,random,0,2020,-0.536074347292,0.382193567339,0.103639699032,0.039344630919,0.305078090738,0.45930904394,7229,675,0
1,random,1,2020,-0.629981785011,0.315664192891,0.105353970604,0.0363962135939,0.244327614247,0.387000771535,7229,675,0
1,random,2,2020,-0.778202832586,0.218022173803,0.102633742368,0.0327916321125,0.153750574862,0.282293772743,7229,675,0
1,random,3,2020,-0.547362909492,0.373928477007,0.101194762676,0.0387822230073,0.297915319912,0.449941634101,7229,675,0
1,random,4,2020,-0.607955416227,0.330862151481,0.108184493482,0.0418943152292,0.248749293632,0.412975009331,7229,675,0
1,random,5,2020,-0.570699191215,0.357159019711,0.0966414569082,0.0347403494135,0.28906793486,0.425250104561,7229,675,0
1,random,6,2020,-0.647353782051,0.303768962966,0.098795763215,0.0341404696765,0.2368536424,0.370684283532,7229,675,0
1,random,7,2020,-0.685195010741,0.278338608536,0.103537020126,0.0359399515838,0.207896303432,0.34878091364,7229,675,0
1,random,8,2020,-0.593996984942,0.340680075691,0.106220705585,0.039073566498,0.264095885355,0.417264266028,7229,675,0
1,random,9,2020,-0.603974933202,0.333692955463,0.107066411749,0.0399181381598,0.25545340467,0.411932506256,7229,675,0
1,random,10,2020,-0.69961216799,0.268803516211,0.114637060278,0.0410364110356,0.188372150582,0.349234881841,7229,675,0
1,random,11,2020,-0.568013422489,0.359090215924,0.101174916374,0.0368198419272,0.286923325747,0.431257106101,7229,675,0
1,random,12,2020,-0.586942968079,0.345580988209,0.103910043237,0.0381302635599,0.270845671631,0.420316304786,7229,675,0
1,random,13,2020,-0.637125922847,0.310762635911,0.103918621237,0.0372129695055,0.23782521568,0.383700056142,7229,675,0
1,random,14,2020,-0.504787351062,0.40530528259,0.104081806887,0.041262932008,0.324429935854,0.486180629326,7229,675,0
1,random,15,2020,-0.648725856378,0.302856443768,0.103022572293,0.0359634363324,0.232368108556,0.373344778979,7229,675,0
1,random,16,2020,-0.705403496154,0.265005022649,0.108628036783,0.0375092539227,0.19148688496,0.338523160337,7229,675,0
1,random,17,2020,-0.577639654588,0.352168815453,0.105705661549,0.0393664556229,0.275010562432,0.429327068474,7229,675,0
1,random,18,2020,-0.529315556346,0.387129333178,0.0994537089242,0.0362497283518,0.316079865609,0.458178800748,7229,675,0
1,random,19,2020,-0.570789797063,0.357086796179,0.10186469574,0.0376728975767,0.283247916929,0.430925675429,7229,675,0
1,regressed-rate,-1,2020,-0.319579856013,1.02277780651,0.0682373738981,0.0587926055479,0.907544299638,1.13801131339,7229,675,0
1,shipped,-1,2020,-0.025455179279,0.882976666166,0.0333934739092,0.0256007499031,0.832799196356,0.933154135976,7229,675,0
1,vegas-environment,-1,2020,0.00113384669642,1.10557330433,0.04364506168,0.0372995300499,1.03246622543,1.17868038323,7229,675,0
1,within-player,0,2020,-0.0283883688571,0.880925441302,0.0349896551824,0.0264875166684,0.829009908632,0.932840973972,7229,675,0
1,within-player,1,2020,-0.0305807445966,0.87925729717,0.033966301427,0.0257524316549,0.828782531126,0.929732063213,7229,675,0
1,within-player,2,2020,-0.0358568456481,0.87557037335,0.0338417120254,0.0254183673425,0.825750373358,0.925390373341,7229,675,0
1,within-player,3,2020,-0.0354328026863,0.876366919663,0.033685229673,0.0258267212155,0.82574654608,0.926987293245,7229,675,0
1,within-player,4,2020,-0.0317843910406,0.878783242469,0.0334137443084,0.025693168607,0.828424631999,0.929141852938,7229,675,0
1,within-player,5,2020,-0.0302490477716,0.877039435379,0.0332541744403,0.0255667054689,0.82692869266,0.927150178098,7229,675,0
1,within-player,6,2020,-0.0315474282423,0.877062630645,0.0343787204969,0.0261701389848,0.825769158235,0.928356103055,7229,675,0
1,within-player,7,2020,-0.0299934995487,0.880778482984,0.0336850303529,0.0256788947257,0.830447849321,0.931109116646,7229,675,0
1,within-player,8,2020,-0.027835428184,0.880265620748,0.0341297549263,0.026346789325,0.828625913671,0.931905327825,7229,675,0
1,within-player,9,2020,-0.0265626553779,0.884412900299,0.0329281313561,0.0253006837153,0.834823560217,0.934002240381,7229,675,0
1,within-player,10,2020,-0.0304471338554,0.876576128612,0.0333216340614,0.025369270372,0.826852358683,0.926299898541,7229,675,0
1,within-player,11,2020,-0.0323874221307,0.878360026984,0.0337408394753,0.0259183679636,0.827560025775,0.929160028193,7229,675,0
1,within-player,12,2020,-0.0239026726591,0.880815152691,0.0332286622442,0.0252855018114,0.831255569141,0.930374736241,7229,675,0
1,within-player,13,2020,-0.0284884859107,0.879981992596,0.0335363834946,0.0257385927612,0.829534350784,0.930429634408,7229,675,0
1,within-player,14,2020,-0.0308735248603,0.87651025482,0.0333411386018,0.0253798734091,0.826765702938,0.926254806702,7229,675,0
1,within-player,15,2020,-0.0295200177695,0.878521026591,0.0334058893953,0.0255932995262,0.828358159519,0.928683893662,7229,675,0
1,within-player,16,2020,-0.0342685098963,0.875987877263,0.0345480529849,0.0262323094112,0.824572550818,0.927403203709,7229,675,0
1,within-player,17,2020,-0.0327824374594,0.87513084907,0.0336574199921,0.0256521097177,0.824852714024,0.925408984117,7229,675,0
1,within-player,18,2020,-0.0244499601477,0.88257033758,0.0330014776796,0.0254119587967,0.832762898339,0.932377776822,7229,675,0
1,within-player,19,2020,-0.0297757231555,0.881435798796,0.0334624535916,0.0257225680705,0.831019565378,0.931852032214,7229,675,0
1,base-rate-only,-1,2021,-0.441563082379,0.991946040173,0.0540187665322,0.044396186764,0.904929514116,1.07896256623,7611,715,0
1,current-season-rate,-1,2021,-0.617879346252,0.964657055785,0.0658754875285,0.0620417322233,0.843055260627,1.08625885094,7611,715,0
1,historical-rate,-1,2021,-0.328419140746,0.839972200407,0.0560216914226,0.0550756075784,0.732024009554,0.947920391261,4451,352,3160
1,no-vegas,-1,2021,-0.142392167463,0.872787430282,0.0385884746937,0.0276635994718,0.818566775317,0.927008085247,7611,715,0
1,player-vegas,-1,2021,-0.462680162263,0.970461534888,0.0510259062684,0.0403972719119,0.891282881941,1.04964018784,7611,715,0
1,random,0,2021,-0.629779810518,0.39215811959,0.107990549866,0.0457364646593,0.302514648858,0.481801590322,7611,715,0
1,random,1,2021,-0.66817748498,0.363548975307,0.102062320681,0.0389430141687,0.287220667537,0.439877283078,7611,715,0
1,random,2,2021,-0.764207287202,0.295212382325,0.0991743083323,0.0347918294401,0.227020396622,0.363404368027,7611,715,0
1,random,3,2021,-0.753931864851,0.302335052863,0.106687005905,0.0432558127541,0.217553659865,0.387116445861,7611,715,0
1,random,4,2021,-0.66934211997,0.362658899865,0.107800220854,0.043881790413,0.276650590656,0.448667209075,7611,715,0
1,random,5,2021,-0.788450106007,0.278584934984,0.0979597247374,0.0340060417991,0.211933093058,0.34523677691,7611,715,0
1,random,6,2021,-0.765283904862,0.294508403223,0.0969645479227,0.0312223455826,0.233312605882,0.355704200565,7611,715,0
1,random,7,2021,-0.720508958299,0.325776727964,0.0976769205003,0.0343360981562,0.258477975578,0.39307548035,7611,715,0
1,random,8,2021,-0.714040589552,0.330389946327,0.104504430715,0.0394621220569,0.253044187096,0.407735705559,7611,715,0
1,random,9,2021,-0.641293384159,0.383516603624,0.104277009141,0.0413236507813,0.302522248092,0.464510959155,7611,715,0
1,random,10,2021,-0.737970375727,0.313469409228,0.107365919,0.0394206752377,0.236204885762,0.390733932694,7611,715,0
1,random,11,2021,-0.768279618513,0.292429823703,0.105442090555,0.0377656881536,0.218409074922,0.366450572485,7611,715,0
1,random,12,2021,-0.678722583246,0.355793200996,0.097017168955,0.0357123224678,0.285797048959,0.425789353032,7611,715,0
1,random,13,2021,-0.686138733684,0.350459794233,0.104449752512,0.0404944794359,0.271090614538,0.429828973927,7611,715,0
1,random,14,2021,-0.623907115525,0.396684301647,0.102424787169,0.0424837469241,0.313416157675,0.479952445618,7611,715,0
1,random,15,2021,-0.711536950427,0.33219891317,0.0970420641657,0.0343224895636,0.264926833625,0.399470992715,7611,715,0
1,random,16,2021,-0.799690860106,0.271037274909,0.108936226862,0.0397578158932,0.193111955759,0.34896259406,7611,715,0
1,random,17,2021,-0.796806797762,0.272924819554,0.106027892609,0.0379489199758,0.198544936402,0.347304702707,7611,715,0
1,random,18,2021,-0.657225239563,0.37162506002,0.101064986796,0.0394112211216,0.294379066622,0.448871053418,7611,715,0
1,random,19,2021,-0.688977758459,0.348367612414,0.10170241398,0.0391728544758,0.271588817642,0.425146407187,7611,715,0
1,regressed-rate,-1,2021,-0.511846922573,0.986690911032,0.0610776057303,0.0565327362255,0.87588674803,1.09749507403,7611,715,0
1,shipped,-1,2021,-0.163619353128,0.858019116464,0.0338437827522,0.0254148342186,0.808206041396,0.907832191533,7611,715,0
1,vegas-environment,-1,2021,-0.212579020749,1.05065941329,0.0454823001,0.0384974058996,0.975204497729,1.12611432886,7611,715,0
1,within-player,0,2021,-0.170244012877,0.851213133861,0.0338790344774,0.0251411998872,0.801936382082,0.90048988564,7611,715,0
1,within-player,1,2021,-0.166706134844,0.854214724207,0.0340791019482,0.0253299870978,0.804567949495,0.903861498919,7611,715,0
1,within-player,2,2021,-0.169347906551,0.851871727184,0.03475939866,0.0257574142249,0.801387195303,0.902356259065,7611,715,0
1,within-player,3,2021,-0.169425687449,0.851465156761,0.0338257517639,0.0253976597892,0.801685743574,0.901244569948,7611,715,0
1,within-player,4,2021,-0.163740723633,0.853598252414,0.0341340864561,0.025694026301,0.803237960864,0.903958543964,7611,715,0
1,within-player,5,2021,-0.167959468663,0.852465203302,0.0342661575342,0.0256483405206,0.802194455881,0.902735950722,7611,715,0
1,within-player,6,2021,-0.170240608101,0.85089096539,0.0340610271684,0.0253362195455,0.801231975081,0.9005499557,7611,715,0
1,within-player,7,2021,-0.168197931173,0.85216328407,0.0343424219157,0.025425997632,0.802328328712,0.901998239429,7611,715,0
1,within-player,8,2021,-0.16993670773,0.849474643438,0.0343433031773,0.0252970356301,0.799892453603,0.899056833273,7611,715,0
1,within-player,9,2021,-0.165901232371,0.853943407689,0.0339320433769,0.0254274272412,0.804105650296,0.903781165082,7611,715,0
1,within-player,10,2021,-0.171710737802,0.849844467674,0.0347088760135,0.0255571837385,0.799752387546,0.899936547801,7611,715,0
1,within-player,11,2021,-0.167297325776,0.851865916116,0.0347865530209,0.0256784707063,0.801536113532,0.9021957187,7611,715,0
1,within-player,12,2021,-0.171397880525,0.851309600307,0.0346356180406,0.0256215467746,0.801091368629,0.901527831986,7611,715,0
1,within-player,13,2021,-0.166867606878,0.850876331712,0.0340317626916,0.0254225908293,0.801048053687,0.900704609738,7611,715,0
1,within-player,14,2021,-0.172931392562,0.848075722531,0.0342430526502,0.0250555555207,0.798966833711,0.897184611352,7611,715,0
1,within-player,15,2021,-0.170295139233,0.847283295004,0.0339191637774,0.0250314508779,0.798221651283,0.896344938725,7611,715,0
1,within-player,16,2021,-0.171128203322,0.848773310903,0.0338484253627,0.0250568555833,0.79966187396,0.897884747846,7611,715,0
1,within-player,17,2021,-0.168296672769,0.85271004649,0.0340150801673,0.0250947402029,0.803524355693,0.901895737288,7611,715,0
1,within-player,18,2021,-0.16954103935,0.848560449574,0.0347102126642,0.0254729400607,0.798633487055,0.898487412092,7611,715,0
1,within-player,19,2021,-0.16796827887,0.851341957151,0.0339368361032,0.0251098159705,0.802126717849,0.900557196453,7611,715,0
1,base-rate-only,-1,2022,-0.447082373798,0.983730472191,0.0600344544238,0.0483467821334,0.888970779209,1.07849016517,7532,664,0
1,current-season-rate,-1,2022,-0.627999200808,0.957606908519,0.07333786239,0.0668551527249,0.826570809178,1.08864300786,7532,664,0
1,historical-rate,-1,2022,-0.334551523572,0.889691449974,0.058678122805,0.0599711908674,0.772147915874,1.00723498407,4368,341,3164
1,no-vegas,-1,2022,-0.142761122228,0.889344188056,0.036885590396,0.0277702230979,0.834914550784,0.943773825328,7532,664,0
1,player-vegas,-1,2022,-0.469032548778,0.960410551355,0.056604917936,0.044083963615,0.87400598267,1.04681512004,7532,664,0
1,random,0,2022,-0.683689861365,0.391576119085,0.101318822963,0.0391009214744,0.314938312995,0.468213925175,7532,664,0
1,random,1,2022,-0.799930932099,0.311645284057,0.105866155639,0.0379339235403,0.237294793918,0.385995774196,7532,664,0
1,random,2,2022,-0.8921637227,0.251843263924,0.106240132292,0.0371805398196,0.178969405877,0.32471712197,7532,664,0
1,random,3,2022,-0.80369363828,0.309154394962,0.0992067960191,0.0356129480442,0.239353016796,0.378955773129,7532,664,0
1,random,4,2022,-0.749810917008,0.345445456756,0.108587166739,0.0413379474208,0.264423079811,0.4264678337,7532,664,0
1,random,5,2022,-0.811525824995,0.3039703642,0.102284614562,0.0368914835608,0.231663056421,0.376277671979,7532,664,0
1,random,6,2022,-0.801229931742,0.310766550703,0.0960337219863,0.03325013726,0.245596281673,0.375936819732,7532,664,0
1,random,7,2022,-0.824209353821,0.29562525162,0.10294840099,0.0373457496591,0.222427582289,0.368822920952,7532,664,0
1,random,8,2022,-0.73302284313,0.356975206821,0.110248475004,0.0427968983387,0.273093286077,0.440857127565,7532,664,0
1,random,9,2022,-0.778232676939,0.326137926424,0.110458203827,0.0429818615081,0.241893477868,0.41038237498,7532,664,0
1,random,10,2022,-0.829092027639,0.292406633374,0.111388256906,0.0413172327754,0.211424857134,0.373388409614,7532,664,0
1,random,11,2022,-0.756900301809,0.340567724754,0.107231946787,0.0402144155878,0.261747470202,0.419387979306,7532,664,0
1,random,12,2022,-0.812801291988,0.303083181433,0.10708083353,0.0390181518206,0.226607603864,0.379558759001,7532,664,0
1,random,13,2022,-0.783153748609,0.322877795246,0.106723783478,0.0387749697357,0.246878854564,0.398876735928,7532,664,0
1,random,14,2022,-0.699108464981,0.380651631843,0.105741755608,0.0423567810822,0.297632340922,0.463670922764,7532,664,0
1,random,15,2022,-0.788752459865,0.319115484204,0.110691621387,0.0409966111995,0.238762126253,0.399468842155,7532,664,0
1,random,16,2022,-0.812615775549,0.303217473022,0.112119460023,0.0424278993852,0.220058790227,0.386376155817,7532,664,0
1,random,17,2022,-0.827620306332,0.293394807737,0.106371562865,0.0377687083602,0.219368139351,0.367421476123,7532,664,0
1,random,18,2022,-0.716729841325,0.368277096369,0.103623955427,0.0400570613333,0.289765256156,0.446788936582,7532,664,0
1,random,19,2022,-0.734966945102,0.355625423168,0.107446876943,0.0421791871087,0.272954216434,0.438296629901,7532,664,0
1,regressed-rate,-1,2022,-0.499636393758,1.01487167442,0.06545537315,0.0580494346446,0.901094782514,1.12864856632,7532,664,0
1,shipped,-1,2022,-0.166168001415,0.87165030425,0.0321313098075,0.0248992659859,0.822847742918,0.920452865582,7532,664,0
1,vegas-environment,-1,2022,-0.176978484715,1.10592792108,0.0414194698786,0.0369645849612,1.03347733456,1.1783785076,7532,664,0
1,within-player,0,2022,-0.169479388215,0.865509126391,0.0334314476235,0.0251791080551,0.816158074603,0.914860178179,7532,664,0
1,within-player,1,2022,-0.171701763007,0.863590598861,0.0328788726337,0.0250603056035,0.814472399878,0.912708797843,7532,664,0
1,within-player,2,2022,-0.172056773441,0.864095990783,0.0331770121901,0.0253340349051,0.814441282369,0.913750699197,7532,664,0
1,within-player,3,2022,-0.169539747111,0.867754794207,0.0320792234855,0.0247850485799,0.81917609899,0.916333489423,7532,664,0
1,within-player,4,2022,-0.172736181372,0.866856081473,0.0325731010885,0.0250965441065,0.817666855024,0.916045307921,7532,664,0
1,within-player,5,2022,-0.168815558182,0.868271791935,0.0319602818481,0.0246975680365,0.819864558583,0.916679025287,7532,664,0
1,within-player,6,2022,-0.170062921649,0.867948059668,0.0331596147964,0.0256296307051,0.817713983486,0.91818213585,7532,664,0
1,within-player,7,2022,-0.16997803362,0.866784468098,0.0323058632503,0.0246903656826,0.81839135136,0.915177584836,7532,664,0
1,within-player,8,2022,-0.169009779134,0.866453620283,0.0326419810113,0.0248896468482,0.81766991246,0.915237328105,7532,664,0
1,within-player,9,2022,-0.170537472783,0.869119711697,0.0325368677588,0.025239152742,0.819650972323,0.918588451072,7532,664,0
1,within-player,10,2022,-0.170158365856,0.865695762935,0.0327333467238,0.0250092472239,0.816677638376,0.914713887494,7532,664,0
1,within-player,11,2022,-0.168195784402,0.867882790704,0.0330316216553,0.0250706101737,0.818744394764,0.917021186645,7532,664,0
1,within-player,12,2022,-0.165408643345,0.869131531846,0.0328099932193,0.0251336423303,0.819869592879,0.918393470814,7532,664,0
1,within-player,13,2022,-0.172321564694,0.866431342015,0.0330549996849,0.025287799024,0.816867255928,0.915995428102,7532,664,0
1,within-player,14,2022,-0.171455235038,0.864960742902,0.0327539924595,0.0249276884798,0.816102473481,0.913819012322,7532,664,0
1,within-player,15,2022,-0.166921900059,0.867018169204,0.032875199751,0.0251563812633,0.817711661928,0.91632467648,7532,664,0
1,within-player,16,2022,-0.170103304266,0.868914643141,0.0326372534769,0.0249277828565,0.820056188742,0.91777309754,7532,664,0
1,within-player,17,2022,-0.173986535186,0.868142054171,0.0323224709982,0.0247020741375,0.819725988861,0.916558119481,7532,664,0
1,within-player,18,2022,-0.169322222557,0.86561459227,0.032062047146,0.0247350343711,0.817133924902,0.914095259637,7532,664,0
1,within-player,19,2022,-0.175012021539,0.862235499877,0.0324449397772,0.0250826910454,0.813073425428,0.911397574326,7532,664,0
1,base-rate-only,-1,2023,-0.380502212935,1.00372302505,0.0615169687627,0.0458465520549,0.913863783024,1.09358226708,7507,647,0
1,current-season-rate,-1,2023,-0.539978868398,1.00037505103,0.0709662557521,0.0601786980223,0.882424802907,1.11832529915,7507,647,0
1,historical-rate,-1,2023,-0.375310488332,0.855176395352,0.0716479122746,0.0652044290494,0.727375714415,0.982977076289,4570,336,2937
1,no-vegas,-1,2023,-0.100636160506,0.874238215336,0.0460580245136,0.0302683610325,0.814912227712,0.933564202959,7507,647,0
1,player-vegas,-1,2023,-0.409519228461,0.974973114617,0.0591461761565,0.0427862729951,0.891112019546,1.05883420969,7507,647,0
1,random,0,2023,-0.674397966532,0.380955914868,0.104199844384,0.0399250195196,0.302702876609,0.459208953126,7507,647,0
1,random,1,2023,-0.756438628877,0.326563422922,0.101265398862,0.0355431161223,0.256898915322,0.396227930521,7507,647,0
1,random,2,2023,-0.85462438451,0.264689562105,0.105738206097,0.0353401096118,0.195422947266,0.333956176944,7507,647,0
1,random,3,2023,-0.787763245278,0.306509113445,0.106169611226,0.038902634523,0.23025994978,0.38275827711,7507,647,0
1,random,4,2023,-0.693326258391,0.368121237742,0.103356867598,0.039061584729,0.291560531673,0.44468194381,7507,647,0
1,random,5,2023,-0.800189655223,0.298621118195,0.108499960176,0.0406813885527,0.218885596632,0.378356639758,7507,647,0
1,random,6,2023,-0.798300141258,0.299817953043,0.102062164465,0.0351676888405,0.230889282916,0.368746623171,7507,647,0
1,random,7,2023,-0.815668878764,0.288883188263,0.098930805387,0.0341971219353,0.22185682927,0.355909547256,7507,647,0
1,random,8,2023,-0.717993131025,0.351725141161,0.10707830929,0.0398957224346,0.27352952519,0.429920757133,7507,647,0
1,random,9,2023,-0.694769688462,0.367118754511,0.108438733488,0.0408616529821,0.287029914666,0.447207594356,7507,647,0
1,random,10,2023,-0.766304040123,0.320275315717,0.110276528333,0.0394940056931,0.242867064558,0.397683566875,7507,647,0
1,random,11,2023,-0.789552827593,0.30537355592,0.109126594161,0.0390263028222,0.228882002388,0.381865109451,7507,647,0
1,random,12,2023,-0.743643986226,0.334937726803,0.103669597776,0.0376154141955,0.26121151498,0.408663938627,7507,647,0
1,random,13,2023,-0.742155376561,0.335877985756,0.102729399094,0.0355131219319,0.26627226677,0.405483704743,7507,647,0
1,random,14,2023,-0.6492141477,0.398125416883,0.101907004397,0.0391457755467,0.321399696812,0.474851136955,7507,647,0
1,random,15,2023,-0.760865290376,0.323731541478,0.106848734345,0.0387061005514,0.247867584397,0.399595498559,7507,647,0
1,random,16,2023,-0.784014246565,0.30887173267,0.104860498703,0.0364106560861,0.237506846741,0.380236618599,7507,647,0
1,random,17,2023,-0.757471849552,0.325906589726,0.108710143493,0.0385818539627,0.250286155959,0.401527023493,7507,647,0
1,random,18,2023,-0.691207821011,0.369546255354,0.101276031006,0.0375029950238,0.296040385108,0.443052125601,7507,647,0
1,random,19,2023,-0.729074198437,0.34443907894,0.110364164797,0.0413078887251,0.263475617039,0.425402540842,7507,647,0
1,regressed-rate,-1,2023,-0.459560222081,0.975614823885,0.0729563076123,0.0604738042389,0.857086167577,1.09414348019,7507,647,0
1,shipped,-1,2023,-0.127648220523,0.855726354303,0.0420802202876,0.0279573090426,0.80093002858,0.910522680027,7507,647,0
1,vegas-environment,-1,2023,-0.151160820115,1.04113964706,0.0559163707438,0.0436508818397,0.955583918658,1.12669537547,7507,647,0
1,within-player,0,2023,-0.135544630696,0.845682201631,0.042146718851,0.0277982860806,0.791197560913,0.900166842349,7507,647,0
1,within-player,1,2023,-0.133158575465,0.84741300894,0.042718761764,0.0280459844206,0.792442879476,0.902383138405,7507,647,0
1,within-player,2,2023,-0.133098979441,0.850620562646,0.041650327574,0.0276073394106,0.796510177401,0.904730947891,7507,647,0
1,within-player,3,2023,-0.135623607799,0.846968530423,0.0428199251242,0.0283188480072,0.791463588329,0.902473472517,7507,647,0
1,within-player,4,2023,-0.132807513204,0.848492004644,0.042697765556,0.0281078757021,0.793400568268,0.90358344102,7507,647,0
1,within-player,5,2023,-0.13309389966,0.848302000898,0.0424400808279,0.027947661711,0.793524583945,0.903079417852,7507,647,0
1,within-player,6,2023,-0.13244593792,0.849323893431,0.042742496258,0.0281810198675,0.79408909449,0.904558692371,7507,647,0
1,within-player,7,2023,-0.13714603985,0.847654778958,0.042369237508,0.0281905635899,0.792401274322,0.902908283594,7507,647,0
1,within-player,8,2023,-0.138121813356,0.846312783819,0.0428520250968,0.0280767189677,0.791282414642,0.901343152996,7507,647,0
1,within-player,9,2023,-0.135482100293,0.846547413997,0.0428927971994,0.0284342764457,0.790816232163,0.90227859583,7507,647,0
1,within-player,10,2023,-0.130607412619,0.848606475789,0.0424246183194,0.0282223985812,0.79329057457,0.903922377008,7507,647,0
1,within-player,11,2023,-0.138773137678,0.845128734506,0.0428036124141,0.028363796801,0.789535692776,0.900721776236,7507,647,0
1,within-player,12,2023,-0.132218298072,0.847834782967,0.043147353513,0.0282503215739,0.792464152683,0.903205413252,7507,647,0
1,within-player,13,2023,-0.136531113922,0.846895641676,0.0425901590414,0.0279917382223,0.79203183476,0.901759448592,7507,647,0
1,within-player,14,2023,-0.132498973463,0.850139204351,0.0427646903493,0.0280884419419,0.795085858145,0.905192550557,7507,647,0
1,within-player,15,2023,-0.133021993631,0.846336377845,0.0427739571675,0.0281660548011,0.791130910435,0.901541845256,7507,647,0
1,within-player,16,2023,-0.132385601528,0.845955188095,0.0429054545481,0.028263729171,0.79055827892,0.90135209727,7507,647,0
1,within-player,17,2023,-0.131964189127,0.851033249627,0.0422077736963,0.0276936113296,0.79675377142,0.905312727833,7507,647,0
1,within-player,18,2023,-0.129577388383,0.850499912167,0.0433486276919,0.02849551854,0.794648695829,0.906351128505,7507,647,0
1,within-player,19,2023,-0.135776775309,0.847279405773,0.0422213113328,0.0279574629512,0.792482778388,0.902076033157,7507,647,0
1,base-rate-only,-1,2024,-0.304150475407,1.01795057205,0.0602683483472,0.0460789511501,0.927635827795,1.1082653163,7506,651,0
1,current-season-rate,-1,2024,-0.453961448332,1.05487731523,0.0684178503994,0.0616981743641,0.933948893475,1.17580573698,7506,651,0
1,historical-rate,-1,2024,-0.324702798974,0.720291952811,0.077169820956,0.0653142310029,0.592276060045,0.848307845576,4434,330,3072
1,no-vegas,-1,2024,-0.0608412642233,0.852853698699,0.0489448839845,0.0323103077113,0.789525495585,0.916181901813,7506,651,0
1,player-vegas,-1,2024,-0.328678644682,0.992936421833,0.0579176691521,0.0436749452721,0.9073335291,1.07853931457,7506,651,0
1,random,0,2024,-0.636641762974,0.358771953045,0.108880858283,0.0414069923507,0.277614248037,0.439929658052,7506,651,0
1,random,1,2024,-0.672063308473,0.335259020985,0.103662702396,0.035988243994,0.264722062757,0.405795979214,7506,651,0
1,random,2,2024,-0.785799830833,0.26279861803,0.107034940066,0.0357484679045,0.192731620937,0.332865615123,7506,651,0
1,random,3,2024,-0.703550252042,0.314722339538,0.102765589481,0.0354902486472,0.245161452189,0.384283226886,7506,651,0
1,random,4,2024,-0.696193533697,0.31947392319,0.110486916566,0.0408183547201,0.239469947939,0.399477898442,7506,651,0
1,random,5,2024,-0.733121862922,0.295792764543,0.105069865989,0.0357170156826,0.225787413805,0.365798115281,7506,651,0
1,random,6,2024,-0.722735293422,0.302402288222,0.100715753408,0.033133911777,0.237459821139,0.367344755305,7506,651,0
1,random,7,2024,-0.727725190754,0.299243196181,0.104911579558,0.0362126435799,0.228266414765,0.370219977598,7506,651,0
1,random,8,2024,-0.692661761931,0.321833190496,0.111753389804,0.0403485197169,0.242750091851,0.400916289142,7506,651,0
1,random,9,2024,-0.698936953646,0.317753740556,0.109661168946,0.039837382055,0.239672471728,0.395835009384,7506,651,0
1,random,10,2024,-0.739752375421,0.291576823734,0.117575202203,0.0441652901351,0.205012855069,0.378140792398,7506,651,0
1,random,11,2024,-0.697780425613,0.318431135391,0.107356926603,0.0381254998687,0.243705155648,0.393157115133,7506,651,0
1,random,12,2024,-0.689155430413,0.324048101482,0.101411365962,0.0363882732961,0.252727085822,0.395369117143,7506,651,0
1,random,13,2024,-0.703032208374,0.315044228939,0.102051177833,0.0354388295866,0.245584122949,0.384504334929,7506,651,0
1,random,14,2024,-0.620272470832,0.369856908329,0.100686639049,0.0375998174472,0.296161266132,0.443552550525,7506,651,0
1,random,15,2024,-0.779346609298,0.266792156638,0.100765486814,0.0326129224378,0.20287082866,0.330713484616,7506,651,0
1,random,16,2024,-0.754075621466,0.282575859333,0.112585635035,0.0392044678721,0.205735102304,0.359416616363,7506,651,0
1,random,17,2024,-0.719515894862,0.304503340521,0.111581285251,0.039838407297,0.226420062219,0.382586618823,7506,651,0
1,random,18,2024,-0.599188752482,0.384276249067,0.100690344454,0.0368951070083,0.31196183933,0.456590658803,7506,651,0
1,random,19,2024,-0.729097354908,0.298363957659,0.104020007439,0.0366487549247,0.226532398006,0.370195517311,7506,651,0
1,regressed-rate,-1,2024,-0.368183133041,0.996455357048,0.0722926104003,0.0576764909452,0.883409434796,1.1095012793,7506,651,0
1,shipped,-1,2024,-0.0845241654656,0.836048804549,0.0444557917016,0.0308099327241,0.77566133641,0.896436272688,7506,651,0
1,vegas-environment,-1,2024,-0.0895089766087,1.05261200489,0.0598627874808,0.0506651624637,0.953308286457,1.15191572331,7506,651,0
1,within-player,0,2024,-0.0877438602477,0.83373113748,0.0454610780116,0.031192544883,0.772593749509,0.89486852545,7506,651,0
1,within-player,1,2024,-0.0870362399571,0.834059727908,0.0457299036999,0.0314912968662,0.77233678605,0.895782669766,7506,651,0
1,within-player,2,2024,-0.08500379066,0.835737401115,0.0461043148307,0.0318820951599,0.773248494602,0.898226307629,7506,651,0
1,within-player,3,2024,-0.0884842584666,0.833991241729,0.0445865485554,0.0309110202299,0.773405642078,0.89457684138,7506,651,0
1,within-player,4,2024,-0.0867012920898,0.833342022437,0.046070587044,0.0316154186288,0.771375801925,0.89530824295,7506,651,0
1,within-player,5,2024,-0.0841294873387,0.834575772726,0.0458715464432,0.0315219165656,0.772792816257,0.896358729194,7506,651,0
1,within-player,6,2024,-0.084563370905,0.834601861739,0.0455298360777,0.0316721084631,0.772524529151,0.896679194326,7506,651,0
1,within-player,7,2024,-0.0888501507985,0.830158628774,0.0457707780817,0.0316337342377,0.768156509668,0.89216074788,7506,651,0
1,within-player,8,2024,-0.0827098795072,0.837543720025,0.0455051286967,0.0315818252813,0.775643342474,0.899444097577,7506,651,0
1,within-player,9,2024,-0.0886126320453,0.833348837813,0.0452017761491,0.0312865446507,0.772027210298,0.894670465328,7506,651,0
1,within-player,10,2024,-0.0873837784762,0.834274084521,0.0450102223581,0.0314103628142,0.772709773405,0.895838395637,7506,651,0
1,within-player,11,2024,-0.0841704399367,0.834370380793,0.0461566138179,0.0317401898986,0.772159608592,0.896581152995,7506,651,0
1,within-player,12,2024,-0.088483643319,0.832435167849,0.0452803055518,0.0311478679126,0.77138534674,0.893484988957,7506,651,0
1,within-player,13,2024,-0.0864719723185,0.834537396978,0.0457543283094,0.0318262467196,0.772157953408,0.896916840549,7506,651,0
1,within-player,14,2024,-0.0887159415713,0.83230760866,0.046329959817,0.0315416523384,0.770485970076,0.894129247243,7506,651,0
1,within-player,15,2024,-0.0917959152768,0.832529019177,0.0451221035067,0.0311302447455,0.771513739476,0.893544298878,7506,651,0
1,within-player,16,2024,-0.086783001506,0.833966690338,0.0454405081113,0.0313863036752,0.772449535134,0.895483845541,7506,651,0
1,within-player,17,2024,-0.0838044413282,0.836697824418,0.0457224107209,0.0318454985361,0.774280647287,0.899115001549,7506,651,0
1,within-player,18,2024,-0.0870655103168,0.833657657857,0.0459147421181,0.0317588164115,0.77141037769,0.895904938023,7506,651,0
1,within-player,19,2024,-0.0818458255579,0.838864760981,0.0454055547027,0.0314230472518,0.777275588367,0.900453933594,7506,651,0
1,base-rate-only,-1,2025,-0.369784209012,1.00791162397,0.0548194652201,0.0435923088202,0.922470698683,1.09335254926,7514,663,0
1,current-season-rate,-1,2025,-0.535672617325,1.01959576473,0.0644488252019,0.0597194662601,0.902545610863,1.1366459186,7514,663,0
1,historical-rate,-1,2025,-0.346465083714,0.788940297889,0.0698907662197,0.0632764610537,0.664918434223,0.912962161554,4309,323,3205
1,no-vegas,-1,2025,-0.0640331415309,0.912765951742,0.0336377367056,0.0255802519276,0.862628657964,0.96290324552,7514,663,0
1,player-vegas,-1,2025,-0.393899788399,0.981009426648,0.0531359225655,0.0413993610328,0.899866679023,1.06215217427,7514,663,0
1,random,0,2025,-0.664687333369,0.354410211994,0.0969929615526,0.0359682994319,0.283912345108,0.424908078881,7514,663,0
1,random,1,2025,-0.755614957149,0.292604663015,0.096984391138,0.0335806944821,0.22678650183,0.3584228242,7514,663,0
1,random,2,2025,-0.780935678489,0.275989790174,0.0997388336726,0.035010092863,0.207370008162,0.344609572185,7514,663,0
1,random,3,2025,-0.736273863959,0.305482096117,0.103288216822,0.0390780427838,0.228889132261,0.382075059973,7514,663,0
1,random,4,2025,-0.711249686743,0.322392066195,0.102606617713,0.0391241810309,0.245708671375,0.399075461016,7514,663,0
1,random,5,2025,-0.757899519246,0.29112096115,0.10373223605,0.0384811343476,0.215697937828,0.366543984471,7514,663,0
1,random,6,2025,-0.753971843816,0.293689858034,0.102066871644,0.0372910805368,0.220599340182,0.366780375886,7514,663,0
1,random,7,2025,-0.745393227909,0.299420101774,0.0938756032717,0.0315347388449,0.237612013638,0.36122818991,7514,663,0
1,random,8,2025,-0.734771276107,0.306488266174,0.102889912466,0.0369354081873,0.234094866127,0.378881666221,7514,663,0
1,random,9,2025,-0.625270752885,0.382338207345,0.0977936639637,0.0360484720473,0.311683202132,0.452993212557,7514,663,0
1,random,10,2025,-0.767165377355,0.284970115738,0.109261779875,0.039605780835,0.207342785302,0.362597446175,7514,663,0
1,random,11,2025,-0.722247129251,0.314912594434,0.101508786617,0.0367751498254,0.242833300777,0.386991888092,7514,663,0
1,random,12,2025,-0.668024098161,0.352095374668,0.0928387875341,0.0346950844573,0.284093009132,0.420097740204,7514,663,0
1,random,13,2025,-0.729414436047,0.310063314176,0.0988084622344,0.0367044646425,0.238122563477,0.382004064876,7514,663,0
1,random,14,2025,-0.602070128206,0.399131948564,0.0955967754445,0.0378194791724,0.325005769386,0.473258127742,7514,663,0
1,random,15,2025,-0.754426939735,0.29338677367,0.0993919088693,0.0344618587234,0.225841530572,0.360932016768,7514,663,0
1,random,16,2025,-0.817503711423,0.252372544079,0.105084173461,0.036634225047,0.180569462987,0.324175625171,7514,663,0
1,random,17,2025,-0.711975028353,0.321863533173,0.101969856878,0.0362090732523,0.250893749598,0.392833316747,7514,663,0
1,random,18,2025,-0.630101956596,0.378835858621,0.0913810348528,0.0341449757291,0.311911706192,0.445760011051,7514,663,0
1,random,19,2025,-0.768119060178,0.284403336124,0.0965846204303,0.0347113910032,0.216369009758,0.352437662491,7514,663,0
1,regressed-rate,-1,2025,-0.43451207508,0.99381041348,0.0670534613727,0.0585339610447,0.879083849833,1.10853697713,7514,663,0
1,shipped,-1,2025,-0.0911541295369,0.891524141142,0.0330715626801,0.0252480491998,0.84203796471,0.941010317574,7514,663,0
1,vegas-environment,-1,2025,-0.100606588537,1.13740137961,0.0395765620869,0.0395497779657,1.0598838148,1.21491894442,7514,663,0
1,within-player,0,2025,-0.0916813145923,0.885163725567,0.0331853020941,0.0249317594183,0.836297477107,0.934029974027,7514,663,0
1,within-player,1,2025,-0.0943351384776,0.887380692538,0.033446720802,0.0248609714484,0.8386531885,0.936108196577,7514,663,0
1,within-player,2,2025,-0.0962585208795,0.884343277212,0.0337129037944,0.0249104884909,0.83551871977,0.933167834654,7514,663,0
1,within-player,3,2025,-0.0918498960427,0.890000340912,0.0333486235435,0.0251691724836,0.840668762844,0.93933191898,7514,663,0
1,within-player,4,2025,-0.0965567469906,0.882460642303,0.0338665490268,0.0250739665288,0.833315667906,0.931605616699,7514,663,0
1,within-player,5,2025,-0.0889846877975,0.890861861814,0.0332942050268,0.0249956066618,0.841870472757,0.939853250871,7514,663,0
1,within-player,6,2025,-0.0957887136397,0.885120722696,0.0337972191877,0.0251089318604,0.83590721625,0.934334229142,7514,663,0
1,within-player,7,2025,-0.09468568049,0.88785068742,0.0333113333308,0.0252072713492,0.838444435576,0.937256939264,7514,663,0
1,within-player,8,2025,-0.0976742381802,0.883717466729,0.0333327272572,0.0250417775547,0.834635582722,0.932799350736,7514,663,0
1,within-player,9,2025,-0.0970558362456,0.883885557768,0.0336231804157,0.0252306860148,0.834433413179,0.933337702357,7514,663,0
1,within-player,10,2025,-0.0903552772625,0.887000288887,0.0333762949841,0.0251242556908,0.837756747733,0.936243830041,7514,663,0
1,within-player,11,2025,-0.0906264870567,0.8876890583,0.0336226502908,0.025035408548,0.838619657546,0.936758459054,7514,663,0
1,within-player,12,2025,-0.0950953985169,0.888965174704,0.0331121936553,0.0248417997483,0.840275247197,0.937655102211,7514,663,0
1,within-player,13,2025,-0.0974286708454,0.881337537704,0.0337005761311,0.0249035532715,0.832526573292,0.930148502117,7514,663,0
1,within-player,14,2025,-0.0919437316861,0.888414989504,0.0329587900632,0.0250455074179,0.839325794965,0.937504184044,7514,663,0
1,within-player,15,2025,-0.0921346797402,0.887465117381,0.0331430306352,0.0252432510759,0.837988345272,0.93694188949,7514,663,0
1,within-player,16,2025,-0.0913797833006,0.887164881472,0.0334424555449,0.02491882253,0.838323989314,0.936005773631,7514,663,0
1,within-player,17,2025,-0.0965883826678,0.883094218374,0.0340531651614,0.0248740528927,0.834341074705,0.931847362044,7514,663,0
1,within-player,18,2025,-0.0989635395098,0.885034696717,0.0333572278661,0.0250927178559,0.83585296972,0.934216423715,7514,663,0
1,within-player,19,2025,-0.0955343734362,0.885854070626,0.0332742064923,0.0248504095775,0.837147267854,0.934560873398,7514,663,0
