schema_version,model,rank,k,mean,se,seasons,shuffle_sd,era
1,base-rate-only,rank_available,1,0.970442992011,0.0436873262013,15,0,all retrospective
1,base-rate-only,rank_available,1,0.946078431372,0.0463932271007,8,0,2011-2018 retrospective
1,base-rate-only,rank_available,1,0.99828820417,0.0801925077044,7,0,2019-2025 retrospective
1,base-rate-only,rank_available,3,0.916702977488,0.0299902885455,15,0,all retrospective
1,base-rate-only,rank_available,3,0.907679738562,0.035786871735,8,0,2011-2018 retrospective
1,base-rate-only,rank_available,3,0.927015250545,0.0525000438466,7,0,2019-2025 retrospective
1,base-rate-only,rank_available,5,0.890312273057,0.026233780754,15,0,all retrospective
1,base-rate-only,rank_available,5,0.881372549019,0.0309384355821,8,0,2011-2018 retrospective
1,base-rate-only,rank_available,5,0.900529100529,0.0461756141045,7,0,2019-2025 retrospective
1,base-rate-only,rank_available,10,0.799150326797,0.0176966466021,15,0,all retrospective
1,base-rate-only,rank_available,10,0.785784313726,0.0187770419777,8,0,2011-2018 retrospective
1,base-rate-only,rank_available,10,0.814425770308,0.0319817907389,7,0,2019-2025 retrospective
1,base-rate-only,rank_in_slot,1,1.2489469862,0.0484331516164,15,0,all retrospective
1,base-rate-only,rank_in_slot,1,1.24264705882,0.074012187284,8,0,2011-2018 retrospective
1,base-rate-only,rank_in_slot,1,1.25614690321,0.066399644293,7,0,2019-2025 retrospective
1,base-rate-only,rank_in_slot,3,1.18523359961,0.0289389086583,15,0,all retrospective
1,base-rate-only,rank_in_slot,3,1.17238562092,0.0397937763713,8,0,2011-2018 retrospective
1,base-rate-only,rank_in_slot,3,1.19991700384,0.0448166663615,7,0,2019-2025 retrospective
1,base-rate-only,rank_in_slot,5,1.1049382716,0.0281209578413,15,0,all retrospective
1,base-rate-only,rank_in_slot,5,1.07941176471,0.0386069703555,8,0,2011-2018 retrospective
1,base-rate-only,rank_in_slot,5,1.13411142235,0.0412389408593,7,0,2019-2025 retrospective
1,base-rate-only,rank_in_slot,10,1.01428467683,0.0251512604211,15,0,all retrospective
1,base-rate-only,rank_in_slot,10,0.99387254902,0.0311340670973,8,0,2011-2018 retrospective
1,base-rate-only,rank_in_slot,10,1.03761282291,0.0412362228555,7,0,2019-2025 retrospective
1,current-season-rate,rank_available,1,0.959767610748,0.0356226625835,15,0,all retrospective
1,current-season-rate,rank_available,1,0.921568627451,0.0400814790513,8,0,2011-2018 retrospective
1,current-season-rate,rank_available,1,1.00342359166,0.0600604753947,7,0,2019-2025 retrospective
1,current-season-rate,rank_available,3,0.876470588235,0.0209878338099,15,0,all retrospective
1,current-season-rate,rank_available,3,0.861111111111,0.0289081797593,8,0,2011-2018 retrospective
1,current-season-rate,rank_available,3,0.894024276377,0.0314946152705,7,0,2019-2025 retrospective
1,current-season-rate,rank_available,5,0.822294843864,0.023954469199,15,0,all retrospective
1,current-season-rate,rank_available,5,0.813235294118,0.0299203231492,8,0,2011-2018 retrospective
1,current-season-rate,rank_available,5,0.832648615002,0.0405209634179,7,0,2019-2025 retrospective
1,current-season-rate,rank_available,10,0.67630355846,0.0239319764731,15,0,all retrospective
1,current-season-rate,rank_available,10,0.663970588235,0.0327514240606,8,0,2011-2018 retrospective
1,current-season-rate,rank_available,10,0.690398381575,0.0370325164345,7,0,2019-2025 retrospective
1,current-season-rate,rank_in_slot,1,1.1776325345,0.0516806584716,15,0,all retrospective
1,current-season-rate,rank_in_slot,1,1.21323529412,0.0803714446914,8,0,2011-2018 retrospective
1,current-season-rate,rank_in_slot,1,1.13694366636,0.064994795747,7,0,2019-2025 retrospective
1,current-season-rate,rank_in_slot,3,1.11817961753,0.0281861987986,15,0,all retrospective
1,current-season-rate,rank_in_slot,3,1.10049019608,0.045566811896,8,0,2011-2018 retrospective
1,current-season-rate,rank_in_slot,3,1.13839609918,0.0328046117585,7,0,2019-2025 retrospective
1,current-season-rate,rank_in_slot,5,1.06573710966,0.0268528569131,15,0,all retrospective
1,current-season-rate,rank_in_slot,5,1.04852941177,0.040149508447,8,0,2011-2018 retrospective
1,current-season-rate,rank_in_slot,5,1.08540305011,0.0365405225465,7,0,2019-2025 retrospective
1,current-season-rate,rank_in_slot,10,0.972178649238,0.0214025004551,15,0,all retrospective
1,current-season-rate,rank_in_slot,10,0.954901960784,0.0258459339734,8,0,2011-2018 retrospective
1,current-season-rate,rank_in_slot,10,0.991923436042,0.0357466343687,7,0,2019-2025 retrospective
1,historical-rate,rank_available,1,0.73776325345,0.0623755582652,15,0,all retrospective
1,historical-rate,rank_available,1,0.740196078432,0.072400294222,8,0,2011-2018 retrospective
1,historical-rate,rank_available,1,0.734982882042,0.111633621442,7,0,2019-2025 retrospective
1,historical-rate,rank_available,3,0.726773178407,0.0290858915719,15,0,all retrospective
1,historical-rate,rank_available,3,0.775326797386,0.0350655161098,8,0,2011-2018 retrospective
1,historical-rate,rank_available,3,0.671283328146,0.0403517714745,7,0,2019-2025 retrospective
1,historical-rate,rank_available,5,0.725708061002,0.0235709404393,15,0,all retrospective
1,historical-rate,rank_available,5,0.763235294118,0.0269760588257,8,0,2011-2018 retrospective
1,historical-rate,rank_available,5,0.682819794584,0.035112043588,7,0,2019-2025 retrospective
1,historical-rate,rank_available,10,0.694800290487,0.0163120712005,15,0,all retrospective
1,historical-rate,rank_available,10,0.702941176471,0.0178443684741,8,0,2011-2018 retrospective
1,historical-rate,rank_available,10,0.68549642079,0.0296446577027,7,0,2019-2025 retrospective
1,historical-rate,rank_in_slot,1,0.953304284677,0.0667108680377,15,0,all retrospective
1,historical-rate,rank_in_slot,1,0.975490196078,0.065426552883,8,0,2011-2018 retrospective
1,historical-rate,rank_in_slot,1,0.927948957362,0.127840853658,7,0,2019-2025 retrospective
1,historical-rate,rank_in_slot,3,0.989203582668,0.0411500785646,15,0,all retrospective
1,historical-rate,rank_in_slot,3,1.00735294118,0.0490264156494,8,0,2011-2018 retrospective
1,historical-rate,rank_in_slot,3,0.968461458657,0.071605937337,7,0,2019-2025 retrospective
1,historical-rate,rank_in_slot,5,0.957443718228,0.0331176160475,15,0,all retrospective
1,historical-rate,rank_in_slot,5,0.990196078431,0.0417197717275,8,0,2011-2018 retrospective
1,historical-rate,rank_in_slot,5,0.920012449423,0.0522045937844,7,0,2019-2025 retrospective
1,historical-rate,rank_in_slot,10,0.890319535221,0.0219670695363,15,0,all retrospective
1,historical-rate,rank_in_slot,10,0.903676470588,0.0301800620967,8,0,2011-2018 retrospective
1,historical-rate,rank_in_slot,10,0.875054466231,0.0335483687231,7,0,2019-2025 retrospective
1,no-vegas,rank_available,1,0.996514161219,0.0371806592652,15,0,all retrospective
1,no-vegas,rank_available,1,0.965686274509,0.0500932836628,8,0,2011-2018 retrospective
1,no-vegas,rank_available,1,1.03174603174,0.0563766165223,7,0,2019-2025 retrospective
1,no-vegas,rank_available,3,0.966255144032,0.0249955445153,15,0,all retrospective
1,no-vegas,rank_available,3,0.954248366013,0.0394870783449,8,0,2011-2018 retrospective
1,no-vegas,rank_available,3,0.979977176055,0.0314017806379,7,0,2019-2025 retrospective
1,no-vegas,rank_available,5,0.919041394335,0.0218025234098,15,0,all retrospective
1,no-vegas,rank_available,5,0.888725490196,0.029966179834,8,0,2011-2018 retrospective
1,no-vegas,rank_available,5,0.953688141923,0.0283607144457,7,0,2019-2025 retrospective
1,no-vegas,rank_available,10,0.824836601307,0.0169215080592,15,0,all retrospective
1,no-vegas,rank_available,10,0.802941176471,0.0224544356569,8,0,2011-2018 retrospective
1,no-vegas,rank_available,10,0.849859943978,0.023743227833,7,0,2019-2025 retrospective
1,no-vegas,rank_in_slot,1,1.24045025418,0.0489283962722,15,0,all retrospective
1,no-vegas,rank_in_slot,1,1.22058823529,0.0521085579049,8,0,2011-2018 retrospective
1,no-vegas,rank_in_slot,1,1.26314970433,0.0904904253249,7,0,2019-2025 retrospective
1,no-vegas,rank_in_slot,3,1.18121520213,0.0322857731209,15,0,all retrospective
1,no-vegas,rank_in_slot,3,1.15767973856,0.0490108535595,8,0,2011-2018 retrospective
1,no-vegas,rank_in_slot,3,1.20811287478,0.042225762789,7,0,2019-2025 retrospective
1,no-vegas,rank_in_slot,5,1.13411764706,0.0241624431582,15,0,all retrospective
1,no-vegas,rank_in_slot,5,1.11617647059,0.0337341000995,8,0,2011-2018 retrospective
1,no-vegas,rank_in_slot,5,1.15462184874,0.0356429093408,7,0,2019-2025 retrospective
1,no-vegas,rank_in_slot,10,1.03068264343,0.0195410577381,15,0,all retrospective
1,no-vegas,rank_in_slot,10,1.0181372549,0.0229466523666,8,0,2011-2018 retrospective
1,no-vegas,rank_in_slot,10,1.04502023031,0.0338076921506,7,0,2019-2025 retrospective
1,player-vegas,rank_available,1,1.00399419027,0.0501504884888,15,0,all retrospective
1,player-vegas,rank_available,1,1.00735294118,0.0560672527106,8,0,2011-2018 retrospective
1,player-vegas,rank_available,1,1.0001556178,0.091538901394,7,0,2019-2025 retrospective
1,player-vegas,rank_available,3,0.906342290003,0.0306020627825,15,0,all retrospective
1,player-vegas,rank_available,3,0.907679738562,0.0237089033857,8,0,2011-2018 retrospective
1,player-vegas,rank_available,3,0.904813777363,0.0627074024609,7,0,2019-2025 retrospective
1,player-vegas,rank_available,5,0.87128540305,0.0263743525005,15,0,all retrospective
1,player-vegas,rank_available,5,0.867156862745,0.0256023979609,8,0,2011-2018 retrospective
1,player-vegas,rank_available,5,0.876003734828,0.0509617329737,7,0,2019-2025 retrospective
1,player-vegas,rank_available,10,0.771917211329,0.0217152096646,15,0,all retrospective
1,player-vegas,rank_available,10,0.760539215686,0.0288090378308,8,0,2011-2018 retrospective
1,player-vegas,rank_available,10,0.784920634921,0.0346164284585,7,0,2019-2025 retrospective
1,player-vegas,rank_in_slot,1,1.23776325345,0.0466047003276,15,0,all retrospective
1,player-vegas,rank_in_slot,1,1.22794117647,0.0826871885052,8,0,2011-2018 retrospective
1,player-vegas,rank_in_slot,1,1.24898848428,0.0412842034905,7,0,2019-2025 retrospective
1,player-vegas,rank_in_slot,3,1.1846768337,0.0322204315526,15,0,all retrospective
1,player-vegas,rank_in_slot,3,1.16094771242,0.0505508958597,8,0,2011-2018 retrospective
1,player-vegas,rank_in_slot,3,1.21179582944,0.0394178297981,7,0,2019-2025 retrospective
1,player-vegas,rank_in_slot,5,1.11952069717,0.0325033646991,15,0,all retrospective
1,player-vegas,rank_in_slot,5,1.09803921569,0.0457569691433,8,0,2011-2018 retrospective
1,player-vegas,rank_in_slot,5,1.14407096172,0.0479832751396,7,0,2019-2025 retrospective
1,player-vegas,rank_in_slot,10,1.02235294118,0.0242523118315,15,0,all retrospective
1,player-vegas,rank_in_slot,10,1.00710784314,0.0260125784982,8,0,2011-2018 retrospective
1,player-vegas,rank_in_slot,10,1.03977591036,0.0440886043957,7,0,2019-2025 retrospective
1,random,rank_available,1,0.323939724038,0.0112879171225,15,0.137823832571,all retrospective
1,random,rank_available,1,0.298774509804,0.00909885944216,8,0.130544865034,2011-2018 retrospective
1,random,rank_available,1,0.352699968876,0.0163772649211,7,0.146142652613,2019-2025 retrospective
1,random,rank_available,3,0.322805616074,0.0116278554824,15,0.0786897574602,all retrospective
1,random,rank_available,3,0.294403594771,0.0103810884328,8,0.0751632082228,2011-2018 retrospective
1,random,rank_available,3,0.355265068991,0.0142509915462,7,0.0827200994459,2019-2025 retrospective
1,random,rank_available,5,0.317618736383,0.0100547502505,15,0.0565494739195,all retrospective
1,random,rank_available,5,0.293480392157,0.00950465871958,8,0.0564060818909,2011-2018 retrospective
1,random,rank_available,5,0.3452054155,0.0121333573106,7,0.0567133505236,2019-2025 retrospective
1,random,rank_available,10,0.323755628177,0.00973779905665,15,0.0385367126343,all retrospective
1,random,rank_available,10,0.298468137255,0.00872123904047,8,0.034153878684,2011-2018 retrospective
1,random,rank_available,10,0.352655617803,0.0105691706168,7,0.0435456657204,2019-2025 retrospective
1,random,rank_in_slot,1,0.380631808279,0.0101612134705,15,0.191564585711,all retrospective
1,random,rank_in_slot,1,0.368137254902,0.00927494506293,8,0.184950527495,2011-2018 retrospective
1,random,rank_in_slot,1,0.394911297853,0.0183802033961,7,0.199123509386,2019-2025 retrospective
1,random,rank_in_slot,3,0.384373033164,0.0112954576035,15,0.0998155386926,all retrospective
1,random,rank_in_slot,3,0.359477124183,0.00972364425572,8,0.0953256820638,2011-2018 retrospective
1,random,rank_in_slot,3,0.412825500571,0.0160900273093,7,0.104946803411,2019-2025 retrospective
1,random,rank_in_slot,5,0.380909949165,0.0095489229789,15,0.070063614668,all retrospective
1,random,rank_in_slot,5,0.359093137255,0.00934661284154,8,0.0709125875953,2011-2018 retrospective
1,random,rank_in_slot,5,0.405843448491,0.0120480681381,7,0.0690933598938,2019-2025 retrospective
1,random,rank_in_slot,10,0.390852578068,0.00880923984132,15,0.0506261585202,all retrospective
1,random,rank_in_slot,10,0.370784313725,0.00817414690665,8,0.0444086686627,2011-2018 retrospective
1,random,rank_in_slot,10,0.413787737317,0.0115992629646,7,0.0577318612145,2019-2025 retrospective
1,regressed-rate,rank_available,1,0.935802469136,0.0619460410621,15,0,all retrospective
1,regressed-rate,rank_available,1,0.894607843137,0.0622196022465,8,0,2011-2018 retrospective
1,regressed-rate,rank_available,1,0.982882041705,0.115465158764,7,0,2019-2025 retrospective
1,regressed-rate,rank_available,3,0.83950617284,0.0209606176834,15,0,all retrospective
1,regressed-rate,rank_available,3,0.831699346405,0.0223614985176,8,0,2011-2018 retrospective
1,regressed-rate,rank_available,3,0.848428260193,0.0387962091195,7,0,2019-2025 retrospective
1,regressed-rate,rank_available,5,0.805315904139,0.0195963217295,15,0,all retrospective
1,regressed-rate,rank_available,5,0.800490196078,0.0217769100465,8,0,2011-2018 retrospective
1,regressed-rate,rank_available,5,0.810830999066,0.0357527942038,7,0,2019-2025 retrospective
1,regressed-rate,rank_available,10,0.705548293391,0.0177081386663,15,0,all retrospective
1,regressed-rate,rank_available,10,0.695833333333,0.016614837438,8,0,2011-2018 retrospective
1,regressed-rate,rank_available,10,0.716651104887,0.0340778199437,7,0,2019-2025 retrospective
1,regressed-rate,rank_in_slot,1,1.08721859114,0.0475828292564,15,0,all retrospective
1,regressed-rate,rank_in_slot,1,1.05392156863,0.0814164101697,8,0,2011-2018 retrospective
1,regressed-rate,rank_in_slot,1,1.12527233115,0.0450546909786,7,0,2019-2025 retrospective
1,regressed-rate,rank_in_slot,3,1.08453159041,0.0300962291274,15,0,all retrospective
1,regressed-rate,rank_in_slot,3,1.07679738562,0.049325995495,8,0,2011-2018 retrospective
1,regressed-rate,rank_in_slot,3,1.09337068161,0.0355025039103,7,0,2019-2025 retrospective
1,regressed-rate,rank_in_slot,5,1.03944807553,0.0239954110651,15,0,all retrospective
1,regressed-rate,rank_in_slot,5,1.03529411765,0.0336286146915,8,0,2011-2018 retrospective
1,regressed-rate,rank_in_slot,5,1.04419545596,0.0369325166521,7,0,2019-2025 retrospective
1,regressed-rate,rank_in_slot,10,0.943885257807,0.0202081031025,15,0,all retrospective
1,regressed-rate,rank_in_slot,10,0.930637254901,0.0276576292938,8,0,2011-2018 retrospective
1,regressed-rate,rank_in_slot,10,0.959025832556,0.0308265250577,7,0,2019-2025 retrospective
1,shipped,rank_available,1,1.03333333333,0.0439984415955,15,0,all retrospective
1,shipped,rank_available,1,0.999999999999,0.0598647346585,8,0,2011-2018 retrospective
1,shipped,rank_available,1,1.07142857143,0.0666889618601,7,0,2019-2025 retrospective
1,shipped,rank_available,3,0.977584120068,0.0269383470152,15,0,all retrospective
1,shipped,rank_available,3,0.956699346405,0.0428223499352,8,0,2011-2018 retrospective
1,shipped,rank_available,3,1.00145243283,0.0317070609959,7,0,2019-2025 retrospective
1,shipped,rank_available,5,0.930660856935,0.0212759291922,15,0,all retrospective
1,shipped,rank_available,5,0.910294117646,0.0319316213116,8,0,2011-2018 retrospective
1,shipped,rank_available,5,0.953937130407,0.0271019085208,7,0,2019-2025 retrospective
1,shipped,rank_available,10,0.835163398693,0.0181447895068,15,0,all retrospective
1,shipped,rank_available,10,0.813725490196,0.0234241342266,8,0,2011-2018 retrospective
1,shipped,rank_available,10,0.859663865546,0.0269628430459,7,0,2019-2025 retrospective
1,shipped,rank_in_slot,1,1.23347857662,0.0494616061851,15,0,all retrospective
1,shipped,rank_in_slot,1,1.2205882353,0.0682009556543,8,0,2011-2018 retrospective
1,shipped,rank_in_slot,1,1.24821039527,0.0772179028502,7,0,2019-2025 retrospective
1,shipped,rank_in_slot,3,1.20021786492,0.0350291634658,15,0,all retrospective
1,shipped,rank_in_slot,3,1.17973856209,0.0543197532386,8,0,2011-2018 retrospective
1,shipped,rank_in_slot,3,1.22362278245,0.0450538150442,7,0,2019-2025 retrospective
1,shipped,rank_in_slot,5,1.13618010167,0.0305311936765,15,0,all retrospective
1,shipped,rank_in_slot,5,1.10343137255,0.0436557677274,8,0,2011-2018 retrospective
1,shipped,rank_in_slot,5,1.17360722067,0.0410112288569,7,0,2019-2025 retrospective
1,shipped,rank_in_slot,10,1.04443718228,0.0210541115217,15,0,all retrospective
1,shipped,rank_in_slot,10,1.02867647059,0.0257045968718,8,0,2011-2018 retrospective
1,shipped,rank_in_slot,10,1.06244942421,0.0351286477223,7,0,2019-2025 retrospective
1,vegas-environment,rank_available,1,0.793972403776,0.0411003295244,15,0,all retrospective
1,vegas-environment,rank_available,1,0.799019607843,0.0666738750426,8,0,2011-2018 retrospective
1,vegas-environment,rank_available,1,0.788204170557,0.0500857294052,7,0,2019-2025 retrospective
1,vegas-environment,rank_available,3,0.8154926168,0.0251332505276,15,0,all retrospective
1,vegas-environment,rank_available,3,0.816993464052,0.0415210927999,8,0,2011-2018 retrospective
1,vegas-environment,rank_available,3,0.813777362797,0.0293055252287,7,0,2019-2025 retrospective
1,vegas-environment,rank_available,5,0.791968046478,0.0215344888719,15,0,all retrospective
1,vegas-environment,rank_available,5,0.783333333333,0.0334135630295,8,0,2011-2018 retrospective
1,vegas-environment,rank_available,5,0.801836290072,0.0282775089965,7,0,2019-2025 retrospective
1,vegas-environment,rank_available,10,0.76709513435,0.019986441474,15,0,all retrospective
1,vegas-environment,rank_available,10,0.740196078432,0.0263614307055,8,0,2011-2018 retrospective
1,vegas-environment,rank_available,10,0.797836912543,0.0278458653904,7,0,2019-2025 retrospective
1,vegas-environment,rank_in_slot,1,1.0966594045,0.0562117304939,15,0,all retrospective
1,vegas-environment,rank_in_slot,1,1.14705882353,0.0758503902749,8,0,2011-2018 retrospective
1,vegas-environment,rank_in_slot,1,1.03906006847,0.0842079263202,7,0,2019-2025 retrospective
1,vegas-environment,rank_in_slot,3,1.0394335512,0.0372626028474,15,0,all retrospective
1,vegas-environment,rank_in_slot,3,1.05637254902,0.0618568653758,8,0,2011-2018 retrospective
1,vegas-environment,rank_in_slot,3,1.02007469655,0.0415174419685,7,0,2019-2025 retrospective
1,vegas-environment,rank_in_slot,5,1.01175018155,0.0271147919538,15,0,all retrospective
1,vegas-environment,rank_in_slot,5,1.00196078431,0.0499299228804,8,0,2011-2018 retrospective
1,vegas-environment,rank_in_slot,5,1.02293806411,0.0176903426918,7,0,2019-2025 retrospective
1,vegas-environment,rank_in_slot,10,0.95033405955,0.0162698936219,15,0,all retrospective
1,vegas-environment,rank_in_slot,10,0.943872549019,0.0265972111529,8,0,2011-2018 retrospective
1,vegas-environment,rank_in_slot,10,0.957718643013,0.0190601783325,7,0,2019-2025 retrospective
1,within-player,rank_available,1,1.00042120552,0.0381585970268,15,0.0922050643052,all retrospective
1,within-player,rank_available,1,0.973284313725,0.0522643706505,8,0.0962085685805,2011-2018 retrospective
1,within-player,rank_available,1,1.03143479614,0.0577730978911,7,0.0876296308478,2019-2025 retrospective
1,within-player,rank_available,3,0.948687969014,0.0270538480418,15,0.0436641187771,all retrospective
1,within-player,rank_available,3,0.921119281045,0.0330293471143,8,0.0437473653914,2011-2018 retrospective
1,within-player,rank_available,3,0.980195040979,0.0435287537729,7,0.0435689797894,2019-2025 retrospective
1,within-player,rank_available,5,0.908427741467,0.0222624579211,15,0.0284520433635,all retrospective
1,within-player,rank_available,5,0.887279411765,0.0279984777198,8,0.0271664926027,2011-2018 retrospective
1,within-player,rank_available,5,0.932597261127,0.0353597753869,7,0.029921244233,2019-2025 retrospective
1,within-player,rank_available,10,0.827104212055,0.0177688434783,15,0.014829571602,all retrospective
1,within-player,rank_available,10,0.801899509804,0.0196385520861,8,0.0142872721085,2011-2018 retrospective
1,within-player,rank_available,10,0.855909586057,0.0283748470953,7,0.0154493424517,2019-2025 retrospective
1,within-player,rank_in_slot,1,1.1880355846,0.0387754532547,15,0.0832492770883,all retrospective
1,within-player,rank_in_slot,1,1.19632352941,0.0620192140866,8,0.0771337517133,2011-2018 retrospective
1,within-player,rank_in_slot,1,1.17856364768,0.0485914763554,7,0.0902384489454,2019-2025 retrospective
1,within-player,rank_in_slot,3,1.16549140644,0.0342214087128,15,0.0433523352492,all retrospective
1,within-player,rank_in_slot,3,1.15187908497,0.0490492343558,8,0.0441361502676,2011-2018 retrospective
1,within-player,rank_in_slot,3,1.18104834526,0.0507161067505,7,0.0424565466566,2019-2025 retrospective
1,within-player,rank_in_slot,5,1.11331299927,0.0299874120729,15,0.0292577227806,all retrospective
1,within-player,rank_in_slot,5,1.08713235294,0.0409392080174,8,0.0277998500464,2011-2018 retrospective
1,within-player,rank_in_slot,5,1.14323373794,0.0445170408959,7,0.0309238630482,2019-2025 retrospective
1,within-player,rank_in_slot,10,1.02718082789,0.0224535786652,15,0.01614997288,all retrospective
1,within-player,rank_in_slot,10,1.00493872549,0.0267647952609,8,0.01471670687,2011-2018 retrospective
1,within-player,rank_in_slot,10,1.05260037348,0.0369290407156,7,0.0177879911771,2019-2025 retrospective
