schema_version,model,seed,season,strategy,total,projected,empty_slots,unique_players,zero_picks
1,base-rate-only,-1,2011,greedy,45,52.6665257294,0,51,23
1,base-rate-only,-1,2011,optimizer,42,53.0796210292,0,51,25
1,current-season-rate,-1,2011,greedy,33,50.3857894626,0,51,32
1,current-season-rate,-1,2011,optimizer,31,50.3934706167,0,51,33
1,hindsight,-1,2011,hindsight,153,0,0,51,0
1,historical-rate,-1,2011,greedy,47,54.8885475635,0,51,20
1,historical-rate,-1,2011,optimizer,47,54.8885475635,0,51,20
1,no-vegas,-1,2011,greedy,43,56.0472339613,0,51,24
1,no-vegas,-1,2011,optimizer,50,58.5649407913,0,51,20
1,player-vegas,-1,2011,greedy,46,57.8104783383,0,51,26
1,player-vegas,-1,2011,optimizer,46,57.8104783383,0,51,26
1,random,0,2011,greedy,18,92.1584581468,0,51,39
1,random,0,2011,optimizer,18,92.1513253815,0,51,39
1,random,1,2011,greedy,19,91.7863528088,0,51,40
1,random,1,2011,optimizer,17,91.7827463084,0,51,41
1,random,2,2011,greedy,24,93.7601113417,0,51,35
1,random,2,2011,optimizer,25,93.7406984799,0,51,34
1,random,3,2011,greedy,11,91.5528154237,0,51,44
1,random,3,2011,optimizer,11,91.5528154237,0,51,44
1,random,4,2011,greedy,15,92.7126663551,0,51,40
1,random,4,2011,optimizer,15,92.5980888553,0,51,40
1,random,5,2011,greedy,14,92.4852678154,0,51,40
1,random,5,2011,optimizer,14,91.0256491061,0,51,40
1,random,6,2011,greedy,12,92.7463870897,0,51,42
1,random,6,2011,optimizer,12,92.7463870897,0,51,42
1,random,7,2011,greedy,22,93.7783352908,0,51,35
1,random,7,2011,optimizer,22,93.6687474486,0,51,35
1,random,8,2011,greedy,23,91.7647596759,0,51,38
1,random,8,2011,optimizer,19,90.9566598803,0,51,39
1,random,9,2011,greedy,13,91.6289708036,0,51,45
1,random,9,2011,optimizer,13,91.5319664835,0,51,45
1,random,10,2011,greedy,7,92.3001763117,0,51,46
1,random,10,2011,optimizer,7,92.3750279332,0,51,46
1,random,11,2011,greedy,18,92.2790770851,0,51,42
1,random,11,2011,optimizer,16,91.4825900204,0,51,42
1,random,12,2011,greedy,15,92.6091486283,0,51,39
1,random,12,2011,optimizer,15,91.2787777953,0,51,39
1,random,13,2011,greedy,17,91.7971895458,0,51,40
1,random,13,2011,optimizer,17,91.7971895458,0,51,40
1,random,14,2011,greedy,18,92.1938824315,0,51,40
1,random,14,2011,optimizer,20,91.7522634542,0,51,39
1,random,15,2011,greedy,9,91.0235432387,0,51,44
1,random,15,2011,optimizer,13,88.4393064634,0,51,41
1,random,16,2011,greedy,22,92.3056657365,0,51,37
1,random,16,2011,optimizer,24,92.4984985042,0,51,36
1,random,17,2011,greedy,21,91.6431104064,0,51,41
1,random,17,2011,optimizer,15,90.5984121878,0,51,43
1,random,18,2011,greedy,20,91.3410664503,0,51,40
1,random,18,2011,optimizer,20,91.3410664503,0,51,40
1,random,19,2011,greedy,31,92.4114485788,0,51,32
1,random,19,2011,optimizer,31,92.185565466,0,51,32
1,regressed-rate,-1,2011,greedy,44,48.93649999,0,51,25
1,regressed-rate,-1,2011,optimizer,44,48.93649999,0,51,25
1,shipped,-1,2011,greedy,45,59.8922143098,0,51,25
1,shipped,-1,2011,optimizer,55,63.1612276628,0,51,20
1,shipped,0,2011,random,61,52.119991596,0,51,18
1,shipped,1,2011,random,50,51.8674990981,0,51,20
1,shipped,2,2011,random,31,48.6629914733,0,51,31
1,shipped,3,2011,random,41,53.1754387912,0,51,29
1,shipped,4,2011,random,39,45.5918208757,0,51,25
1,shipped,5,2011,random,44,51.3667660438,0,51,25
1,shipped,6,2011,random,42,49.0703278414,0,51,23
1,shipped,7,2011,random,50,46.6933831341,0,51,21
1,shipped,8,2011,random,43,48.4362884102,0,51,26
1,shipped,9,2011,random,33,48.6726017622,0,51,28
1,shipped,10,2011,random,36,48.802609439,0,51,27
1,shipped,11,2011,random,33,45.7235166265,0,51,31
1,shipped,12,2011,random,49,49.5601427864,0,51,24
1,shipped,13,2011,random,46,48.4827833658,0,51,21
1,shipped,14,2011,random,47,47.2050602053,0,51,20
1,shipped,15,2011,random,43,48.0803127618,0,51,23
1,shipped,16,2011,random,49,46.7286121975,0,51,22
1,shipped,17,2011,random,57,49.7138052226,0,51,23
1,shipped,18,2011,random,43,47.3657342931,0,51,23
1,shipped,19,2011,random,41,45.687104801,0,51,26
1,vegas-environment,-1,2011,greedy,46,43.1686681823,0,51,21
1,vegas-environment,-1,2011,optimizer,46,43.1686681823,0,51,21
1,within-player,0,2011,greedy,55,59.3875007206,0,51,16
1,within-player,0,2011,optimizer,44,63.3042050047,0,51,26
1,within-player,1,2011,greedy,48,56.7826172994,0,51,20
1,within-player,1,2011,optimizer,52,60.0217838698,0,51,25
1,within-player,2,2011,greedy,48,58.6652556637,0,51,18
1,within-player,2,2011,optimizer,45,61.5938000359,0,51,23
1,within-player,3,2011,greedy,41,60.509897214,0,51,24
1,within-player,3,2011,optimizer,49,62.3349819168,0,51,24
1,within-player,4,2011,greedy,46,60.4811880783,0,51,21
1,within-player,4,2011,optimizer,48,62.8547887237,0,51,22
1,within-player,5,2011,greedy,46,57.6487207393,0,51,22
1,within-player,5,2011,optimizer,41,61.4350658463,0,51,28
1,within-player,6,2011,greedy,46,59.3473503235,0,51,23
1,within-player,6,2011,optimizer,44,62.4614101039,0,51,23
1,within-player,7,2011,greedy,54,58.7428963982,0,51,18
1,within-player,7,2011,optimizer,47,60.570700339,0,51,22
1,within-player,8,2011,greedy,41,59.2929624632,0,51,24
1,within-player,8,2011,optimizer,53,62.7906050923,0,51,22
1,within-player,9,2011,greedy,53,59.4188206626,0,51,19
1,within-player,9,2011,optimizer,38,64.2507823442,0,51,24
1,within-player,10,2011,greedy,56,60.1251676928,0,51,17
1,within-player,10,2011,optimizer,52,62.9726335957,0,51,18
1,within-player,11,2011,greedy,52,59.3278016942,0,51,21
1,within-player,11,2011,optimizer,52,61.9726252513,0,51,22
1,within-player,12,2011,greedy,47,59.2890857033,0,51,22
1,within-player,12,2011,optimizer,37,62.1578252521,0,51,26
1,within-player,13,2011,greedy,48,59.499522765,0,51,23
1,within-player,13,2011,optimizer,47,62.5709783548,0,51,23
1,within-player,14,2011,greedy,44,59.6715521702,0,51,23
1,within-player,14,2011,optimizer,43,62.0886927223,0,51,26
1,within-player,15,2011,greedy,51,59.0071145905,0,51,19
1,within-player,15,2011,optimizer,54,61.769270618,0,51,21
1,within-player,16,2011,greedy,46,58.9038255498,0,51,22
1,within-player,16,2011,optimizer,36,61.4905810007,0,51,26
1,within-player,17,2011,greedy,49,58.6790632867,0,51,23
1,within-player,17,2011,optimizer,45,62.1539591167,0,51,23
1,within-player,18,2011,greedy,53,57.803680777,0,51,16
1,within-player,18,2011,optimizer,60,61.2636413375,0,51,19
1,within-player,19,2011,greedy,48,58.3003963171,0,51,23
1,within-player,19,2011,optimizer,49,62.1106064052,0,51,21
1,base-rate-only,-1,2012,greedy,35,53.8698407629,0,51,29
1,base-rate-only,-1,2012,optimizer,35,53.8698407629,0,51,29
1,current-season-rate,-1,2012,greedy,55,49.4317326047,0,51,24
1,current-season-rate,-1,2012,optimizer,54,49.3741130469,0,51,25
1,hindsight,-1,2012,hindsight,150,0,0,51,0
1,historical-rate,-1,2012,greedy,34,56.9372710623,0,51,30
1,historical-rate,-1,2012,optimizer,35,57.0411172161,0,51,29
1,no-vegas,-1,2012,greedy,38,58.1771986808,0,51,28
1,no-vegas,-1,2012,optimizer,41,61.0009700309,0,51,25
1,player-vegas,-1,2012,greedy,39,57.4577742165,0,51,25
1,player-vegas,-1,2012,optimizer,37,57.516514961,0,51,27
1,random,0,2012,greedy,32,87.550100889,0,51,32
1,random,0,2012,optimizer,31,86.5925177156,0,51,33
1,random,1,2012,greedy,11,87.5251881127,0,51,43
1,random,1,2012,optimizer,13,87.3860263119,0,51,42
1,random,2,2012,greedy,20,85.9518307104,0,51,38
1,random,2,2012,optimizer,19,85.8566595657,0,51,39
1,random,3,2012,greedy,8,86.5247141519,0,51,44
1,random,3,2012,optimizer,8,86.9464704964,0,51,44
1,random,4,2012,greedy,13,87.2924686162,0,51,44
1,random,4,2012,optimizer,13,85.4362359127,0,51,44
1,random,5,2012,greedy,17,87.4092180224,0,51,41
1,random,5,2012,optimizer,16,86.5575794594,0,51,42
1,random,6,2012,greedy,10,87.5165747801,0,51,42
1,random,6,2012,optimizer,10,87.4035034903,0,51,42
1,random,7,2012,greedy,22,87.7054413212,0,51,38
1,random,7,2012,optimizer,22,87.7054413212,0,51,38
1,random,8,2012,greedy,20,83.907594775,0,51,41
1,random,8,2012,optimizer,17,83.3630056651,0,51,43
1,random,9,2012,greedy,26,86.4665377526,0,51,38
1,random,9,2012,optimizer,25,85.468768815,0,51,39
1,random,10,2012,greedy,10,83.9046966345,0,51,44
1,random,10,2012,optimizer,10,83.9046966345,0,51,44
1,random,11,2012,greedy,20,86.100928842,0,51,41
1,random,11,2012,optimizer,20,85.8924862065,0,51,41
1,random,12,2012,greedy,13,84.9068890345,0,51,42
1,random,12,2012,optimizer,15,84.2204703532,0,51,41
1,random,13,2012,greedy,22,85.4633004658,0,51,36
1,random,13,2012,optimizer,22,85.4409699444,0,51,36
1,random,14,2012,greedy,8,83.3929685789,0,51,45
1,random,14,2012,optimizer,7,83.1690583475,0,51,46
1,random,15,2012,greedy,8,86.2026511538,0,51,47
1,random,15,2012,optimizer,9,85.7103319006,0,51,46
1,random,16,2012,greedy,21,86.7592300021,0,51,38
1,random,16,2012,optimizer,21,86.7592300021,0,51,38
1,random,17,2012,greedy,21,85.3104999068,0,51,40
1,random,17,2012,optimizer,21,85.1618614939,0,51,40
1,random,18,2012,greedy,20,86.118458701,0,51,38
1,random,18,2012,optimizer,19,85.8823404508,0,51,38
1,random,19,2012,greedy,21,86.4352042552,0,51,38
1,random,19,2012,optimizer,17,85.455810555,0,51,40
1,regressed-rate,-1,2012,greedy,27,50.5356066053,0,51,33
1,regressed-rate,-1,2012,optimizer,26,50.5356066053,0,51,34
1,shipped,-1,2012,greedy,43,60.5182737185,0,51,24
1,shipped,-1,2012,optimizer,48,64.278184734,0,51,22
1,shipped,0,2012,random,29,52.7950984798,0,51,29
1,shipped,1,2012,random,46,51.5083015011,0,51,23
1,shipped,2,2012,random,47,47.0058010097,0,51,22
1,shipped,3,2012,random,49,52.2989707223,0,51,23
1,shipped,4,2012,random,33,46.3852045301,0,51,31
1,shipped,5,2012,random,35,50.831325719,0,51,26
1,shipped,6,2012,random,39,51.571839822,0,51,23
1,shipped,7,2012,random,36,47.0370498798,0,51,29
1,shipped,8,2012,random,44,49.0796433559,0,51,25
1,shipped,9,2012,random,39,48.6278859967,0,51,27
1,shipped,10,2012,random,46,49.2048322745,0,51,24
1,shipped,11,2012,random,37,48.5078520862,0,51,27
1,shipped,12,2012,random,46,51.0347969026,0,51,24
1,shipped,13,2012,random,48,48.8921720331,0,51,20
1,shipped,14,2012,random,42,49.6707516691,0,51,23
1,shipped,15,2012,random,25,46.677659954,0,51,33
1,shipped,16,2012,random,41,50.226630285,0,51,23
1,shipped,17,2012,random,53,51.1397229788,0,51,22
1,shipped,18,2012,random,52,48.8650266606,0,51,23
1,shipped,19,2012,random,33,45.4957739824,0,51,24
1,vegas-environment,-1,2012,greedy,33,41.3393088928,0,51,31
1,vegas-environment,-1,2012,optimizer,33,41.3393088928,0,51,31
1,within-player,0,2012,greedy,35,60.5924081575,0,51,27
1,within-player,0,2012,optimizer,43,60.0156059476,0,51,25
1,within-player,1,2012,greedy,33,60.6365969154,0,51,27
1,within-player,1,2012,optimizer,42,61.7102399491,0,51,24
1,within-player,2,2012,greedy,37,58.9348186853,0,51,26
1,within-player,2,2012,optimizer,48,62.600362121,0,51,24
1,within-player,3,2012,greedy,38,61.1471781406,0,51,27
1,within-player,3,2012,optimizer,44,63.2067585882,0,51,24
1,within-player,4,2012,greedy,35,59.9760349315,0,51,29
1,within-player,4,2012,optimizer,43,60.8357147328,0,51,22
1,within-player,5,2012,greedy,45,59.1665270582,0,51,25
1,within-player,5,2012,optimizer,47,60.8660142152,0,51,28
1,within-player,6,2012,greedy,39,59.4944231364,0,51,24
1,within-player,6,2012,optimizer,42,62.4344966515,0,51,25
1,within-player,7,2012,greedy,30,59.9778122383,0,51,32
1,within-player,7,2012,optimizer,35,61.539465327,0,51,29
1,within-player,8,2012,greedy,35,60.8096399081,0,51,26
1,within-player,8,2012,optimizer,46,60.9756675506,0,51,23
1,within-player,9,2012,greedy,33,61.1773294807,0,51,29
1,within-player,9,2012,optimizer,44,61.8181802276,0,51,26
1,within-player,10,2012,greedy,44,59.5633661962,0,51,23
1,within-player,10,2012,optimizer,52,61.2637250684,0,51,21
1,within-player,11,2012,greedy,33,60.6758903433,0,51,28
1,within-player,11,2012,optimizer,39,61.9394580787,0,51,24
1,within-player,12,2012,greedy,37,60.1284733686,0,51,29
1,within-player,12,2012,optimizer,47,61.12406365,0,51,23
1,within-player,13,2012,greedy,42,59.6433091829,0,51,25
1,within-player,13,2012,optimizer,45,61.1962699403,0,51,24
1,within-player,14,2012,greedy,39,58.9060856707,0,51,26
1,within-player,14,2012,optimizer,44,61.9221354065,0,51,25
1,within-player,15,2012,greedy,39,61.5667272177,0,51,26
1,within-player,15,2012,optimizer,41,61.6311175576,0,51,25
1,within-player,16,2012,greedy,38,59.1310071435,0,51,26
1,within-player,16,2012,optimizer,51,61.3803509199,0,51,24
1,within-player,17,2012,greedy,46,58.4584031058,0,51,23
1,within-player,17,2012,optimizer,41,61.638027902,0,51,27
1,within-player,18,2012,greedy,45,61.6820839787,0,51,23
1,within-player,18,2012,optimizer,36,61.3461570254,0,51,30
1,within-player,19,2012,greedy,28,60.0486197108,0,51,31
1,within-player,19,2012,optimizer,57,62.084613197,0,51,21
1,base-rate-only,-1,2013,greedy,51,55.5139701724,0,51,23
1,base-rate-only,-1,2013,optimizer,50,55.3215354536,0,51,23
1,current-season-rate,-1,2013,greedy,39,52.928347936,0,51,26
1,current-season-rate,-1,2013,optimizer,45,52.9314060435,0,51,25
1,hindsight,-1,2013,hindsight,162,0,0,51,0
1,historical-rate,-1,2013,greedy,54,55.4346306471,0,51,21
1,historical-rate,-1,2013,optimizer,52,55.4346306471,0,51,20
1,no-vegas,-1,2013,greedy,52,59.3000964329,0,51,22
1,no-vegas,-1,2013,optimizer,65,63.9909667322,0,51,18
1,player-vegas,-1,2013,greedy,46,59.4996744672,0,51,21
1,player-vegas,-1,2013,optimizer,48,58.9489712997,0,51,19
1,random,0,2013,greedy,23,99.9818561975,0,51,35
1,random,0,2013,optimizer,21,99.5392228394,0,51,36
1,random,1,2013,greedy,10,98.9624554186,0,51,45
1,random,1,2013,optimizer,10,97.3130828278,0,51,45
1,random,2,2013,greedy,27,98.4256567814,0,51,37
1,random,2,2013,optimizer,26,98.3337753759,0,51,38
1,random,3,2013,greedy,6,91.1225226894,0,51,46
1,random,3,2013,optimizer,5,91.0814836119,0,51,46
1,random,4,2013,greedy,21,94.4198911641,0,51,42
1,random,4,2013,optimizer,21,94.0469149244,0,51,42
1,random,5,2013,greedy,13,93.5478722885,0,51,42
1,random,5,2013,optimizer,13,93.4864572384,0,51,42
1,random,6,2013,greedy,12,96.5579363389,0,51,43
1,random,6,2013,optimizer,11,95.1884133272,0,51,44
1,random,7,2013,greedy,23,95.4896308763,0,51,35
1,random,7,2013,optimizer,21,94.1128746184,0,51,36
1,random,8,2013,greedy,23,95.0832760599,0,51,37
1,random,8,2013,optimizer,24,94.7020690134,0,51,36
1,random,9,2013,greedy,26,96.244480557,0,51,37
1,random,9,2013,optimizer,28,96.598103917,0,51,36
1,random,10,2013,greedy,13,96.7008648084,0,51,45
1,random,10,2013,optimizer,13,96.4193374327,0,51,45
1,random,11,2013,greedy,24,98.434839802,0,51,36
1,random,11,2013,optimizer,22,98.3481398602,0,51,38
1,random,12,2013,greedy,15,94.8322304326,0,51,41
1,random,12,2013,optimizer,12,94.619658111,0,51,43
1,random,13,2013,greedy,12,95.5502783049,0,51,42
1,random,13,2013,optimizer,13,93.9154443802,0,51,41
1,random,14,2013,greedy,8,97.0984508999,0,51,45
1,random,14,2013,optimizer,8,96.4922877117,0,51,45
1,random,15,2013,greedy,9,93.3130534891,0,51,44
1,random,15,2013,optimizer,10,92.5281864564,0,51,42
1,random,16,2013,greedy,30,96.0216660966,0,51,30
1,random,16,2013,optimizer,28,95.3383175875,0,51,31
1,random,17,2013,greedy,19,96.8077630476,0,51,43
1,random,17,2013,optimizer,19,96.7714674063,0,51,43
1,random,18,2013,greedy,24,95.1723197429,0,51,38
1,random,18,2013,optimizer,22,96.3217028859,0,51,39
1,random,19,2013,greedy,23,93.5940544653,0,51,35
1,random,19,2013,optimizer,23,93.5706257317,0,51,35
1,regressed-rate,-1,2013,greedy,50,49.9311277587,0,51,24
1,regressed-rate,-1,2013,optimizer,48,49.9311277587,0,51,24
1,shipped,-1,2013,greedy,55,63.1342669781,0,51,19
1,shipped,-1,2013,optimizer,64,67.4029352427,0,51,17
1,shipped,0,2013,random,47,55.3085604567,0,51,25
1,shipped,1,2013,random,42,50.8066299442,0,51,24
1,shipped,2,2013,random,41,50.611306283,0,51,25
1,shipped,3,2013,random,45,55.4470221293,0,51,23
1,shipped,4,2013,random,44,48.0565710731,0,51,22
1,shipped,5,2013,random,47,52.8195982988,0,51,23
1,shipped,6,2013,random,36,53.3875132698,0,51,27
1,shipped,7,2013,random,43,49.7082360821,0,51,26
1,shipped,8,2013,random,47,52.1066251424,0,51,23
1,shipped,9,2013,random,43,49.4019481898,0,51,26
1,shipped,10,2013,random,60,49.5751620263,0,51,22
1,shipped,11,2013,random,43,49.6161527015,0,51,23
1,shipped,12,2013,random,54,53.397234333,0,51,21
1,shipped,13,2013,random,45,51.6143055377,0,51,25
1,shipped,14,2013,random,52,51.8399906168,0,51,23
1,shipped,15,2013,random,39,52.0864039635,0,51,30
1,shipped,16,2013,random,51,51.064356808,0,51,25
1,shipped,17,2013,random,41,51.1892504777,0,51,31
1,shipped,18,2013,random,46,51.0237587833,0,51,22
1,shipped,19,2013,random,50,47.298183138,0,51,22
1,vegas-environment,-1,2013,greedy,49,42.6981636185,0,51,22
1,vegas-environment,-1,2013,optimizer,49,42.6981636185,0,51,22
1,within-player,0,2013,greedy,49,63.1296982003,0,51,24
1,within-player,0,2013,optimizer,60,63.1472105321,0,51,18
1,within-player,1,2013,greedy,50,64.1169010259,0,51,23
1,within-player,1,2013,optimizer,54,65.4080363013,0,51,17
1,within-player,2,2013,greedy,54,64.0046558381,0,51,21
1,within-player,2,2013,optimizer,59,65.8884583511,0,51,23
1,within-player,3,2013,greedy,52,62.696837908,0,51,20
1,within-player,3,2013,optimizer,59,68.1702759086,0,51,19
1,within-player,4,2013,greedy,45,64.8181720813,0,51,22
1,within-player,4,2013,optimizer,42,66.4598715859,0,51,26
1,within-player,5,2013,greedy,44,65.2484419516,0,51,24
1,within-player,5,2013,optimizer,43,67.5563134721,0,51,23
1,within-player,6,2013,greedy,60,61.0209808846,0,51,14
1,within-player,6,2013,optimizer,52,66.8075756753,0,51,18
1,within-player,7,2013,greedy,57,62.8960151009,0,51,18
1,within-player,7,2013,optimizer,55,65.787017063,0,51,22
1,within-player,8,2013,greedy,51,62.117811871,0,51,21
1,within-player,8,2013,optimizer,50,64.9537736471,0,51,20
1,within-player,9,2013,greedy,50,62.01625478,0,51,23
1,within-player,9,2013,optimizer,48,66.6572389624,0,51,23
1,within-player,10,2013,greedy,62,63.6962443748,0,51,20
1,within-player,10,2013,optimizer,53,67.3397386938,0,51,21
1,within-player,11,2013,greedy,49,63.3367677628,0,51,20
1,within-player,11,2013,optimizer,36,67.3677947638,0,51,29
1,within-player,12,2013,greedy,46,64.0387646729,0,51,23
1,within-player,12,2013,optimizer,52,67.9523742471,0,51,21
1,within-player,13,2013,greedy,55,62.8005562821,0,51,21
1,within-player,13,2013,optimizer,59,68.0431935354,0,51,19
1,within-player,14,2013,greedy,55,62.306229417,0,51,23
1,within-player,14,2013,optimizer,57,66.5832701381,0,51,21
1,within-player,15,2013,greedy,57,64.823841952,0,51,22
1,within-player,15,2013,optimizer,50,65.8413784432,0,51,23
1,within-player,16,2013,greedy,56,63.1064753436,0,51,19
1,within-player,16,2013,optimizer,58,67.0163671954,0,51,21
1,within-player,17,2013,greedy,47,62.9817190899,0,51,19
1,within-player,17,2013,optimizer,41,66.1489076134,0,51,24
1,within-player,18,2013,greedy,51,64.1692465026,0,51,24
1,within-player,18,2013,optimizer,52,63.3377974524,0,51,22
1,within-player,19,2013,greedy,51,61.5629530395,0,51,21
1,within-player,19,2013,optimizer,46,64.2029662204,0,51,23
1,base-rate-only,-1,2014,greedy,51,55.4846925824,0,51,24
1,base-rate-only,-1,2014,optimizer,50,55.5240253583,0,51,25
1,current-season-rate,-1,2014,greedy,49,52.9923874841,0,51,26
1,current-season-rate,-1,2014,optimizer,48,53.0673891858,0,51,26
1,hindsight,-1,2014,hindsight,155,0,0,51,0
1,historical-rate,-1,2014,greedy,41,57.3882312132,0,51,28
1,historical-rate,-1,2014,optimizer,42,57.5168026418,0,51,27
1,no-vegas,-1,2014,greedy,55,58.898979958,0,51,24
1,no-vegas,-1,2014,optimizer,62,63.0034706719,0,51,19
1,player-vegas,-1,2014,greedy,52,59.279538349,0,51,24
1,player-vegas,-1,2014,optimizer,52,59.3375414434,0,51,26
1,random,0,2014,greedy,19,94.1528023062,0,51,37
1,random,0,2014,optimizer,21,93.2630688479,0,51,36
1,random,1,2014,greedy,16,93.9447290425,0,51,41
1,random,1,2014,optimizer,16,93.5755597043,0,51,41
1,random,2,2014,greedy,19,92.0822597992,0,51,39
1,random,2,2014,optimizer,20,91.2150585268,0,51,39
1,random,3,2014,greedy,13,92.8881942046,0,51,44
1,random,3,2014,optimizer,13,90.7692317217,0,51,44
1,random,4,2014,greedy,14,93.1808977641,0,51,42
1,random,4,2014,optimizer,12,93.8661271747,0,51,43
1,random,5,2014,greedy,16,95.7475972658,0,51,42
1,random,5,2014,optimizer,16,95.6084304233,0,51,42
1,random,6,2014,greedy,11,94.5232789655,0,51,41
1,random,6,2014,optimizer,11,94.5232789655,0,51,41
1,random,7,2014,greedy,23,92.5644630373,0,51,36
1,random,7,2014,optimizer,24,92.3187537596,0,51,35
1,random,8,2014,greedy,16,92.5790348823,0,51,40
1,random,8,2014,optimizer,17,92.5420181668,0,51,39
1,random,9,2014,greedy,22,95.6090320231,0,51,38
1,random,9,2014,optimizer,22,95.6090320231,0,51,38
1,random,10,2014,greedy,13,94.3465517073,0,51,45
1,random,10,2014,optimizer,8,93.0190035115,0,51,45
1,random,11,2014,greedy,30,93.7882146709,0,51,34
1,random,11,2014,optimizer,27,93.5386307123,0,51,35
1,random,12,2014,greedy,17,94.7003759039,0,51,39
1,random,12,2014,optimizer,18,94.4723186872,0,51,38
1,random,13,2014,greedy,9,93.5385241428,0,51,44
1,random,13,2014,optimizer,9,93.5385241428,0,51,44
1,random,14,2014,greedy,12,94.9069879201,0,51,43
1,random,14,2014,optimizer,12,93.6274506746,0,51,43
1,random,15,2014,greedy,9,95.3293105184,0,51,43
1,random,15,2014,optimizer,8,95.2079540316,0,51,44
1,random,16,2014,greedy,24,91.6316141569,0,51,34
1,random,16,2014,optimizer,24,91.5017709251,0,51,34
1,random,17,2014,greedy,15,93.2476851741,0,51,40
1,random,17,2014,optimizer,15,93.2476851741,0,51,40
1,random,18,2014,greedy,34,91.9483797383,0,51,32
1,random,18,2014,optimizer,29,91.0109893464,0,51,33
1,random,19,2014,greedy,31,91.0591145278,0,51,34
1,random,19,2014,optimizer,31,91.5044497881,0,51,34
1,regressed-rate,-1,2014,greedy,51,51.9448186528,0,51,27
1,regressed-rate,-1,2014,optimizer,49,52.1559261494,0,51,25
1,shipped,-1,2014,greedy,58,62.3068601675,0,51,22
1,shipped,-1,2014,optimizer,60,67.1686589189,0,51,19
1,shipped,0,2014,random,49,56.9160769662,0,51,22
1,shipped,1,2014,random,46,53.6132805858,0,51,29
1,shipped,2,2014,random,40,52.4637194639,0,51,25
1,shipped,3,2014,random,52,54.8820595514,0,51,24
1,shipped,4,2014,random,45,48.2929697294,0,51,23
1,shipped,5,2014,random,53,55.2701819756,0,51,19
1,shipped,6,2014,random,41,52.8911391722,0,51,24
1,shipped,7,2014,random,52,51.0469697919,0,51,21
1,shipped,8,2014,random,59,52.6613825617,0,51,23
1,shipped,9,2014,random,40,49.9723630703,0,51,24
1,shipped,10,2014,random,50,53.8801617032,0,51,25
1,shipped,11,2014,random,40,49.9676849173,0,51,25
1,shipped,12,2014,random,42,53.4295767055,0,51,32
1,shipped,13,2014,random,38,52.1363980237,0,51,22
1,shipped,14,2014,random,40,52.6443330952,0,51,26
1,shipped,15,2014,random,46,52.0171405144,0,51,27
1,shipped,16,2014,random,48,50.431036828,0,51,22
1,shipped,17,2014,random,50,52.2288250829,0,51,23
1,shipped,18,2014,random,51,51.5155253626,0,51,20
1,shipped,19,2014,random,57,49.0989525114,0,51,20
1,vegas-environment,-1,2014,greedy,48,44.2907485087,0,51,22
1,vegas-environment,-1,2014,optimizer,47,44.2519784171,0,51,21
1,within-player,0,2014,greedy,46,63.8846136164,0,51,22
1,within-player,0,2014,optimizer,57,64.4163970507,0,51,22
1,within-player,1,2014,greedy,48,62.6757056214,0,51,21
1,within-player,1,2014,optimizer,59,66.7265811806,0,51,21
1,within-player,2,2014,greedy,48,62.7795532027,0,51,26
1,within-player,2,2014,optimizer,47,65.8104432343,0,51,23
1,within-player,3,2014,greedy,50,61.485149489,0,51,25
1,within-player,3,2014,optimizer,45,64.9668107414,0,51,25
1,within-player,4,2014,greedy,57,63.5880720522,0,51,21
1,within-player,4,2014,optimizer,52,66.1861805325,0,51,23
1,within-player,5,2014,greedy,50,64.0121490421,0,51,23
1,within-player,5,2014,optimizer,44,65.9397710221,0,51,25
1,within-player,6,2014,greedy,53,63.2691586485,0,51,21
1,within-player,6,2014,optimizer,45,64.9694246542,0,51,24
1,within-player,7,2014,greedy,58,63.1123394504,0,51,21
1,within-player,7,2014,optimizer,51,65.8218634218,0,51,23
1,within-player,8,2014,greedy,57,62.3297191352,0,51,21
1,within-player,8,2014,optimizer,41,65.4557054273,0,51,27
1,within-player,9,2014,greedy,56,63.4867630317,0,51,23
1,within-player,9,2014,optimizer,55,65.0673899511,0,51,23
1,within-player,10,2014,greedy,57,62.2487329694,0,51,19
1,within-player,10,2014,optimizer,52,63.1542196428,0,51,22
1,within-player,11,2014,greedy,62,62.9632209023,0,51,20
1,within-player,11,2014,optimizer,48,65.3162887219,0,51,21
1,within-player,12,2014,greedy,68,62.499389924,0,51,17
1,within-player,12,2014,optimizer,58,66.844452129,0,51,17
1,within-player,13,2014,greedy,50,61.8127227388,0,51,21
1,within-player,13,2014,optimizer,43,64.0756729942,0,51,23
1,within-player,14,2014,greedy,52,62.3665925192,0,51,23
1,within-player,14,2014,optimizer,56,66.4966848028,0,51,21
1,within-player,15,2014,greedy,58,64.4152831708,0,51,20
1,within-player,15,2014,optimizer,57,65.5583393585,0,51,21
1,within-player,16,2014,greedy,48,62.4866412932,0,51,25
1,within-player,16,2014,optimizer,46,64.0992149537,0,51,21
1,within-player,17,2014,greedy,55,61.130850085,0,51,19
1,within-player,17,2014,optimizer,39,65.3710893653,0,51,26
1,within-player,18,2014,greedy,56,60.8101130915,0,51,23
1,within-player,18,2014,optimizer,48,65.3428155915,0,51,23
1,within-player,19,2014,greedy,53,63.3587725146,0,51,26
1,within-player,19,2014,optimizer,47,63.9032763137,0,51,29
1,base-rate-only,-1,2015,greedy,54,55.6682278251,0,51,23
1,base-rate-only,-1,2015,optimizer,57,55.5157495426,0,51,21
1,current-season-rate,-1,2015,greedy,54,52.6650937119,0,51,22
1,current-season-rate,-1,2015,optimizer,54,52.6650937119,0,51,22
1,hindsight,-1,2015,hindsight,154,0,0,51,0
1,historical-rate,-1,2015,greedy,42,55.6798992674,0,51,27
1,historical-rate,-1,2015,optimizer,42,55.8298992674,0,51,26
1,no-vegas,-1,2015,greedy,61,59.499810625,0,51,17
1,no-vegas,-1,2015,optimizer,60,61.7528929776,0,51,19
1,player-vegas,-1,2015,greedy,53,58.1494390489,0,51,20
1,player-vegas,-1,2015,optimizer,52,58.5499124203,0,51,22
1,random,0,2015,greedy,16,84.8462583436,0,51,39
1,random,0,2015,optimizer,16,84.7366157369,0,51,39
1,random,1,2015,greedy,24,82.5238776834,0,51,37
1,random,1,2015,optimizer,24,81.7951932613,0,51,37
1,random,2,2015,greedy,24,84.343585108,0,51,37
1,random,2,2015,optimizer,25,83.8096681443,0,51,37
1,random,3,2015,greedy,4,83.4799798546,0,51,47
1,random,3,2015,optimizer,4,82.734138006,0,51,47
1,random,4,2015,greedy,17,82.4704292741,0,51,41
1,random,4,2015,optimizer,18,82.2723595301,0,51,40
1,random,5,2015,greedy,24,81.9899036196,0,51,38
1,random,5,2015,optimizer,21,81.1085038189,0,51,39
1,random,6,2015,greedy,13,83.1664639195,0,51,42
1,random,6,2015,optimizer,14,83.3622275884,0,51,41
1,random,7,2015,greedy,18,81.697190545,0,51,38
1,random,7,2015,optimizer,18,81.697190545,0,51,38
1,random,8,2015,greedy,23,82.9070020042,0,51,38
1,random,8,2015,optimizer,23,82.8531491121,0,51,38
1,random,9,2015,greedy,27,80.1752019025,0,51,36
1,random,9,2015,optimizer,23,81.1584972484,0,51,38
1,random,10,2015,greedy,14,83.7381135007,0,51,43
1,random,10,2015,optimizer,14,83.5663812144,0,51,43
1,random,11,2015,greedy,19,82.6116055538,0,51,39
1,random,11,2015,optimizer,19,81.4602234928,0,51,39
1,random,12,2015,greedy,21,83.8827463655,0,51,39
1,random,12,2015,optimizer,22,83.2196739015,0,51,38
1,random,13,2015,greedy,21,82.2374205978,0,51,37
1,random,13,2015,optimizer,20,82.4770803964,0,51,38
1,random,14,2015,greedy,13,82.6081352613,0,51,43
1,random,14,2015,optimizer,13,81.6732565243,0,51,43
1,random,15,2015,greedy,15,83.0177005188,0,51,39
1,random,15,2015,optimizer,16,83.1490940892,0,51,38
1,random,16,2015,greedy,21,83.1581352818,0,51,39
1,random,16,2015,optimizer,21,83.0525607304,0,51,39
1,random,17,2015,greedy,25,83.9010631341,0,51,38
1,random,17,2015,optimizer,22,82.1355079068,0,51,39
1,random,18,2015,greedy,22,80.8499749375,0,51,41
1,random,18,2015,optimizer,22,80.5523176806,0,51,41
1,random,19,2015,greedy,27,81.9385093159,0,51,33
1,random,19,2015,optimizer,25,82.0191528797,0,51,34
1,regressed-rate,-1,2015,greedy,41,51.1172013366,0,51,27
1,regressed-rate,-1,2015,optimizer,41,51.1172013366,0,51,27
1,shipped,-1,2015,greedy,61,60.3150137753,0,51,14
1,shipped,-1,2015,optimizer,64,62.6427335914,0,51,18
1,shipped,0,2015,random,46,50.4670690606,0,51,24
1,shipped,1,2015,random,43,52.4676240986,0,51,29
1,shipped,2,2015,random,47,47.5258562637,0,51,28
1,shipped,3,2015,random,55,51.1773501329,0,51,21
1,shipped,4,2015,random,37,48.3870558144,0,51,31
1,shipped,5,2015,random,51,49.9921800502,0,51,20
1,shipped,6,2015,random,35,49.7884449635,0,51,26
1,shipped,7,2015,random,42,48.6638903851,0,51,26
1,shipped,8,2015,random,39,51.1365948346,0,51,27
1,shipped,9,2015,random,48,48.2978045885,0,51,22
1,shipped,10,2015,random,36,49.7866856398,0,51,28
1,shipped,11,2015,random,40,48.9861432581,0,51,30
1,shipped,12,2015,random,39,49.1732214249,0,51,31
1,shipped,13,2015,random,44,48.1564083403,0,51,27
1,shipped,14,2015,random,35,50.6593426249,0,51,27
1,shipped,15,2015,random,44,50.2159794108,0,51,24
1,shipped,16,2015,random,42,49.7735161952,0,51,23
1,shipped,17,2015,random,51,49.6457400408,0,51,23
1,shipped,18,2015,random,36,50.6776497964,0,51,31
1,shipped,19,2015,random,44,47.9341608213,0,51,24
1,vegas-environment,-1,2015,greedy,45,43.6623335692,0,51,24
1,vegas-environment,-1,2015,optimizer,45,43.6623335692,0,51,24
1,within-player,0,2015,greedy,52,61.3645595413,0,51,24
1,within-player,0,2015,optimizer,50,60.8391491139,0,51,23
1,within-player,1,2015,greedy,53,60.7829490809,0,51,21
1,within-player,1,2015,optimizer,48,62.0868488162,0,51,26
1,within-player,2,2015,greedy,51,59.4563114014,0,51,22
1,within-player,2,2015,optimizer,55,61.6793765445,0,51,21
1,within-player,3,2015,greedy,51,60.5175858599,0,51,24
1,within-player,3,2015,optimizer,39,61.3637182859,0,51,26
1,within-player,4,2015,greedy,54,61.3914573625,0,51,23
1,within-player,4,2015,optimizer,51,61.6731697173,0,51,22
1,within-player,5,2015,greedy,53,61.1607036364,0,51,21
1,within-player,5,2015,optimizer,40,62.2748703788,0,51,28
1,within-player,6,2015,greedy,53,61.5547610947,0,51,21
1,within-player,6,2015,optimizer,45,61.3973289383,0,51,25
1,within-player,7,2015,greedy,59,62.6748533314,0,51,19
1,within-player,7,2015,optimizer,52,62.546210347,0,51,22
1,within-player,8,2015,greedy,57,60.283625913,0,51,20
1,within-player,8,2015,optimizer,54,61.2516578227,0,51,24
1,within-player,9,2015,greedy,48,60.9758572347,0,51,26
1,within-player,9,2015,optimizer,59,60.1149581848,0,51,20
1,within-player,10,2015,greedy,63,60.4709086298,0,51,18
1,within-player,10,2015,optimizer,52,62.2768661245,0,51,20
1,within-player,11,2015,greedy,51,60.749052008,0,51,25
1,within-player,11,2015,optimizer,46,61.5904775,0,51,25
1,within-player,12,2015,greedy,59,60.1963122608,0,51,20
1,within-player,12,2015,optimizer,44,61.8727174885,0,51,21
1,within-player,13,2015,greedy,56,61.3854206795,0,51,18
1,within-player,13,2015,optimizer,54,60.6309388797,0,51,22
1,within-player,14,2015,greedy,58,60.1593923336,0,51,22
1,within-player,14,2015,optimizer,49,61.9175967853,0,51,22
1,within-player,15,2015,greedy,62,61.8488380566,0,51,20
1,within-player,15,2015,optimizer,58,60.345993841,0,51,19
1,within-player,16,2015,greedy,56,60.0846445132,0,51,19
1,within-player,16,2015,optimizer,58,61.8939543063,0,51,16
1,within-player,17,2015,greedy,50,59.4379727429,0,51,23
1,within-player,17,2015,optimizer,46,60.6535581347,0,51,22
1,within-player,18,2015,greedy,56,61.8806551636,0,51,20
1,within-player,18,2015,optimizer,51,65.1737212305,0,51,25
1,within-player,19,2015,greedy,50,59.9250923365,0,51,25
1,within-player,19,2015,optimizer,46,61.8036569881,0,51,24
1,base-rate-only,-1,2016,greedy,39,58.1356640965,0,51,26
1,base-rate-only,-1,2016,optimizer,40,58.2597315368,0,51,25
1,current-season-rate,-1,2016,greedy,42,53.6289233671,0,51,24
1,current-season-rate,-1,2016,optimizer,43,53.4116614623,0,51,23
1,hindsight,-1,2016,hindsight,154,0,0,51,0
1,historical-rate,-1,2016,greedy,34,59.8624930625,0,51,33
1,historical-rate,-1,2016,optimizer,36,60.2791597292,0,51,31
1,no-vegas,-1,2016,greedy,40,63.5043612562,0,51,26
1,no-vegas,-1,2016,optimizer,44,64.9233293202,0,51,26
1,player-vegas,-1,2016,greedy,41,60.8257523581,0,51,22
1,player-vegas,-1,2016,optimizer,40,61.1039049499,0,51,23
1,random,0,2016,greedy,16,80.3370931993,0,51,42
1,random,0,2016,optimizer,16,80.957041116,0,51,42
1,random,1,2016,greedy,12,81.9547559925,0,51,43
1,random,1,2016,optimizer,12,81.9310168559,0,51,43
1,random,2,2016,greedy,10,81.6364179095,0,51,43
1,random,2,2016,optimizer,10,81.6364179095,0,51,43
1,random,3,2016,greedy,9,80.0388562293,0,51,44
1,random,3,2016,optimizer,8,79.4894200874,0,51,45
1,random,4,2016,greedy,5,80.415755981,0,51,46
1,random,4,2016,optimizer,5,80.3357157609,0,51,46
1,random,5,2016,greedy,26,81.2727922047,0,51,35
1,random,5,2016,optimizer,25,81.2158769235,0,51,36
1,random,6,2016,greedy,28,79.8061295187,0,51,30
1,random,6,2016,optimizer,27,79.6978048871,0,51,30
1,random,7,2016,greedy,38,81.1180694861,0,51,26
1,random,7,2016,optimizer,34,81.0710342806,0,51,28
1,random,8,2016,greedy,15,80.3948737818,0,51,41
1,random,8,2016,optimizer,12,79.7479448833,0,51,42
1,random,9,2016,greedy,20,80.6094448622,0,51,39
1,random,9,2016,optimizer,20,80.6094448622,0,51,39
1,random,10,2016,greedy,4,81.3079260031,0,51,48
1,random,10,2016,optimizer,4,80.7474984216,0,51,48
1,random,11,2016,greedy,10,80.4336969664,0,51,43
1,random,11,2016,optimizer,13,79.2503431889,0,51,40
1,random,12,2016,greedy,19,81.1471702935,0,51,36
1,random,12,2016,optimizer,19,80.9243922965,0,51,36
1,random,13,2016,greedy,20,80.4918523824,0,51,36
1,random,13,2016,optimizer,23,80.2592313328,0,51,36
1,random,14,2016,greedy,27,81.4177899224,0,51,37
1,random,14,2016,optimizer,27,80.1586444281,0,51,36
1,random,15,2016,greedy,19,79.8960788262,0,51,38
1,random,15,2016,optimizer,21,79.4484758068,0,51,37
1,random,16,2016,greedy,19,80.5960527313,0,51,41
1,random,16,2016,optimizer,20,80.3884703144,0,51,40
1,random,17,2016,greedy,7,80.6693781676,0,51,46
1,random,17,2016,optimizer,7,80.6693781676,0,51,46
1,random,18,2016,greedy,15,81.2598839369,0,51,41
1,random,18,2016,optimizer,18,81.3641901099,0,51,40
1,random,19,2016,greedy,23,79.7447427258,0,51,34
1,random,19,2016,optimizer,25,80.0948474105,0,51,34
1,regressed-rate,-1,2016,greedy,40,54.1634908413,0,51,30
1,regressed-rate,-1,2016,optimizer,42,54.2807722527,0,51,28
1,shipped,-1,2016,greedy,40,64.990147664,0,51,25
1,shipped,-1,2016,optimizer,44,66.1116028223,0,51,24
1,shipped,0,2016,random,56,56.4029526269,0,51,19
1,shipped,1,2016,random,55,54.2854988817,0,51,22
1,shipped,2,2016,random,42,53.5246738747,0,51,26
1,shipped,3,2016,random,55,56.9455712347,0,51,19
1,shipped,4,2016,random,47,51.9212126882,0,51,24
1,shipped,5,2016,random,41,53.9839611003,0,51,25
1,shipped,6,2016,random,61,53.7785168414,0,51,20
1,shipped,7,2016,random,47,52.3435133901,0,51,24
1,shipped,8,2016,random,49,53.2102091125,0,51,21
1,shipped,9,2016,random,55,51.0710909384,0,51,22
1,shipped,10,2016,random,47,52.9204905292,0,51,25
1,shipped,11,2016,random,39,53.1422505158,0,51,26
1,shipped,12,2016,random,44,53.1608870824,0,51,23
1,shipped,13,2016,random,52,51.583926828,0,51,22
1,shipped,14,2016,random,47,52.5931977928,0,51,25
1,shipped,15,2016,random,35,52.3377612954,0,51,27
1,shipped,16,2016,random,42,53.9011777991,0,51,27
1,shipped,17,2016,random,51,54.5299267051,0,51,23
1,shipped,18,2016,random,46,53.531604766,0,51,26
1,shipped,19,2016,random,49,52.3384901738,0,51,21
1,vegas-environment,-1,2016,greedy,35,44.7300341413,0,51,32
1,vegas-environment,-1,2016,optimizer,33,44.7267492579,0,51,32
1,within-player,0,2016,greedy,44,65.6777544094,0,51,24
1,within-player,0,2016,optimizer,57,68.1615306379,0,51,18
1,within-player,1,2016,greedy,54,66.4888307862,0,51,19
1,within-player,1,2016,optimizer,44,67.7040951347,0,51,24
1,within-player,2,2016,greedy,42,66.3330472875,0,51,26
1,within-player,2,2016,optimizer,52,66.9128406987,0,51,20
1,within-player,3,2016,greedy,42,64.6243133541,0,51,24
1,within-player,3,2016,optimizer,54,65.1704999382,0,51,24
1,within-player,4,2016,greedy,45,66.1923805426,0,51,21
1,within-player,4,2016,optimizer,51,67.4333130167,0,51,26
1,within-player,5,2016,greedy,47,66.3073687401,0,51,24
1,within-player,5,2016,optimizer,49,67.786744211,0,51,24
1,within-player,6,2016,greedy,38,66.5770317596,0,51,30
1,within-player,6,2016,optimizer,46,67.1607406395,0,51,25
1,within-player,7,2016,greedy,45,65.7982306755,0,51,25
1,within-player,7,2016,optimizer,58,66.884611262,0,51,22
1,within-player,8,2016,greedy,38,66.436134184,0,51,25
1,within-player,8,2016,optimizer,52,68.1392613575,0,51,24
1,within-player,9,2016,greedy,40,66.6649407662,0,51,29
1,within-player,9,2016,optimizer,44,66.4372744158,0,51,24
1,within-player,10,2016,greedy,47,66.1332432846,0,51,19
1,within-player,10,2016,optimizer,57,67.1110895117,0,51,15
1,within-player,11,2016,greedy,44,65.674072925,0,51,24
1,within-player,11,2016,optimizer,50,69.3987864031,0,51,21
1,within-player,12,2016,greedy,40,65.8664695362,0,51,25
1,within-player,12,2016,optimizer,54,66.2646409989,0,51,20
1,within-player,13,2016,greedy,37,67.7873903814,0,51,26
1,within-player,13,2016,optimizer,44,69.0122199074,0,51,23
1,within-player,14,2016,greedy,47,65.1364566359,0,51,25
1,within-player,14,2016,optimizer,46,67.5107163273,0,51,26
1,within-player,15,2016,greedy,40,66.8453658253,0,51,25
1,within-player,15,2016,optimizer,44,69.7154001867,0,51,26
1,within-player,16,2016,greedy,41,66.6947357279,0,51,27
1,within-player,16,2016,optimizer,45,67.7952482994,0,51,30
1,within-player,17,2016,greedy,51,64.4747788087,0,51,21
1,within-player,17,2016,optimizer,55,66.5916481051,0,51,20
1,within-player,18,2016,greedy,44,65.1885001943,0,51,25
1,within-player,18,2016,optimizer,43,66.8482758633,0,51,23
1,within-player,19,2016,greedy,52,68.1744131264,0,51,20
1,within-player,19,2016,optimizer,49,68.230872077,0,51,23
1,base-rate-only,-1,2017,greedy,45,55.0588568245,0,51,27
1,base-rate-only,-1,2017,optimizer,46,55.0138130621,0,51,27
1,current-season-rate,-1,2017,greedy,45,53.9420440821,0,51,24
1,current-season-rate,-1,2017,optimizer,45,53.9420440821,0,51,24
1,hindsight,-1,2017,hindsight,144,0,0,51,0
1,historical-rate,-1,2017,greedy,40,60.5997557998,0,51,24
1,historical-rate,-1,2017,optimizer,38,60.5997557998,0,51,26
1,no-vegas,-1,2017,greedy,48,59.2470755601,0,51,25
1,no-vegas,-1,2017,optimizer,41,60.2838419492,0,51,26
1,player-vegas,-1,2017,greedy,46,59.6332645774,0,51,24
1,player-vegas,-1,2017,optimizer,46,59.6332645774,0,51,24
1,random,0,2017,greedy,9,77.798054851,0,51,45
1,random,0,2017,optimizer,9,77.2471364411,0,51,45
1,random,1,2017,greedy,9,79.2454599483,0,51,45
1,random,1,2017,optimizer,9,78.9454115579,0,51,45
1,random,2,2017,greedy,22,77.4107959382,0,51,37
1,random,2,2017,optimizer,22,77.1313153667,0,51,37
1,random,3,2017,greedy,9,78.8661768483,0,51,44
1,random,3,2017,optimizer,12,78.452908308,0,51,42
1,random,4,2017,greedy,10,78.6798422868,0,51,44
1,random,4,2017,optimizer,11,78.4187174618,0,51,43
1,random,5,2017,greedy,18,76.487645665,0,51,36
1,random,5,2017,optimizer,18,76.487645665,0,51,36
1,random,6,2017,greedy,23,77.354662225,0,51,41
1,random,6,2017,optimizer,25,77.08394709,0,51,40
1,random,7,2017,greedy,38,79.6487493137,0,51,27
1,random,7,2017,optimizer,38,79.6487493137,0,51,27
1,random,8,2017,greedy,12,79.4480790294,0,51,43
1,random,8,2017,optimizer,18,79.2058296341,0,51,41
1,random,9,2017,greedy,23,79.0220301019,0,51,41
1,random,9,2017,optimizer,23,78.6308658338,0,51,41
1,random,10,2017,greedy,7,79.5865014181,0,51,46
1,random,10,2017,optimizer,8,79.7352600569,0,51,45
1,random,11,2017,greedy,12,79.8387601739,0,51,42
1,random,11,2017,optimizer,12,79.4590180566,0,51,42
1,random,12,2017,greedy,20,79.0467779018,0,51,37
1,random,12,2017,optimizer,22,78.6157759016,0,51,37
1,random,13,2017,greedy,11,78.0229217338,0,51,43
1,random,13,2017,optimizer,11,78.0229217338,0,51,43
1,random,14,2017,greedy,18,78.6568400913,0,51,39
1,random,14,2017,optimizer,18,78.7466453302,0,51,39
1,random,15,2017,greedy,15,79.490045945,0,51,41
1,random,15,2017,optimizer,17,79.6082712863,0,51,40
1,random,16,2017,greedy,19,79.7622163741,0,51,38
1,random,16,2017,optimizer,19,79.61826395,0,51,38
1,random,17,2017,greedy,15,76.5636339352,0,51,40
1,random,17,2017,optimizer,14,76.0535017766,0,51,41
1,random,18,2017,greedy,12,78.1492643438,0,51,42
1,random,18,2017,optimizer,12,78.1492643438,0,51,42
1,random,19,2017,greedy,32,79.16841335,0,51,31
1,random,19,2017,optimizer,32,79.16841335,0,51,31
1,regressed-rate,-1,2017,greedy,39,53.3534239222,0,51,26
1,regressed-rate,-1,2017,optimizer,39,53.3534239222,0,51,26
1,shipped,-1,2017,greedy,45,62.3009303688,0,51,27
1,shipped,-1,2017,optimizer,44,63.6045874455,0,51,24
1,shipped,0,2017,random,46,53.1474666957,0,51,25
1,shipped,1,2017,random,45,52.7280838515,0,51,25
1,shipped,2,2017,random,48,49.4114159332,0,51,23
1,shipped,3,2017,random,49,53.604602263,0,51,22
1,shipped,4,2017,random,40,50.6954853716,0,51,27
1,shipped,5,2017,random,26,53.8950373083,0,51,35
1,shipped,6,2017,random,37,50.0041704299,0,51,28
1,shipped,7,2017,random,38,49.9020491337,0,51,26
1,shipped,8,2017,random,49,51.230789898,0,51,22
1,shipped,9,2017,random,35,48.9982452022,0,51,30
1,shipped,10,2017,random,47,51.0964741651,0,51,21
1,shipped,11,2017,random,45,51.0763637462,0,51,23
1,shipped,12,2017,random,43,53.0867572138,0,51,25
1,shipped,13,2017,random,46,52.4515402207,0,51,23
1,shipped,14,2017,random,35,51.437685699,0,51,28
1,shipped,15,2017,random,45,51.7520658776,0,51,26
1,shipped,16,2017,random,45,50.9596930765,0,51,23
1,shipped,17,2017,random,38,51.9584111949,0,51,28
1,shipped,18,2017,random,47,50.9580617292,0,51,20
1,shipped,19,2017,random,35,49.6792601191,0,51,28
1,vegas-environment,-1,2017,greedy,51,46.6586525299,0,51,24
1,vegas-environment,-1,2017,optimizer,50,46.7298193719,0,51,24
1,within-player,0,2017,greedy,50,61.6089479197,0,51,24
1,within-player,0,2017,optimizer,56,62.1570425424,0,51,23
1,within-player,1,2017,greedy,44,63.3619530421,0,51,27
1,within-player,1,2017,optimizer,43,64.6366134877,0,51,22
1,within-player,2,2017,greedy,47,63.5976944585,0,51,23
1,within-player,2,2017,optimizer,55,64.2685226532,0,51,19
1,within-player,3,2017,greedy,49,62.0616936133,0,51,27
1,within-player,3,2017,optimizer,40,65.2960637287,0,51,25
1,within-player,4,2017,greedy,51,63.2776873626,0,51,21
1,within-player,4,2017,optimizer,47,65.4972697458,0,51,21
1,within-player,5,2017,greedy,47,64.3636986143,0,51,25
1,within-player,5,2017,optimizer,55,64.9507575973,0,51,21
1,within-player,6,2017,greedy,36,63.8976736599,0,51,29
1,within-player,6,2017,optimizer,43,63.5616319323,0,51,24
1,within-player,7,2017,greedy,44,63.3669422036,0,51,23
1,within-player,7,2017,optimizer,43,64.0070974003,0,51,24
1,within-player,8,2017,greedy,48,62.1713946386,0,51,22
1,within-player,8,2017,optimizer,42,64.2427822069,0,51,26
1,within-player,9,2017,greedy,48,62.3886231965,0,51,23
1,within-player,9,2017,optimizer,40,61.5772445922,0,51,25
1,within-player,10,2017,greedy,48,62.5727851866,0,51,24
1,within-player,10,2017,optimizer,47,63.1062664571,0,51,25
1,within-player,11,2017,greedy,41,62.0789228075,0,51,25
1,within-player,11,2017,optimizer,44,61.8782833028,0,51,21
1,within-player,12,2017,greedy,38,61.9747359465,0,51,27
1,within-player,12,2017,optimizer,44,63.9467328265,0,51,20
1,within-player,13,2017,greedy,49,63.6748849515,0,51,22
1,within-player,13,2017,optimizer,46,64.1155326079,0,51,25
1,within-player,14,2017,greedy,49,62.8236009811,0,51,23
1,within-player,14,2017,optimizer,43,66.4601616808,0,51,25
1,within-player,15,2017,greedy,44,61.4679647124,0,51,25
1,within-player,15,2017,optimizer,42,62.6922707571,0,51,24
1,within-player,16,2017,greedy,54,62.3042437027,0,51,20
1,within-player,16,2017,optimizer,39,63.0060221479,0,51,22
1,within-player,17,2017,greedy,46,61.9270785684,0,51,24
1,within-player,17,2017,optimizer,41,65.2307513202,0,51,26
1,within-player,18,2017,greedy,47,62.6531793445,0,51,24
1,within-player,18,2017,optimizer,52,61.5931197961,0,51,24
1,within-player,19,2017,greedy,48,64.364891042,0,51,24
1,within-player,19,2017,optimizer,48,65.0593207117,0,51,22
1,base-rate-only,-1,2018,greedy,46,58.0569773515,0,51,20
1,base-rate-only,-1,2018,optimizer,48,57.9574953734,0,51,19
1,current-season-rate,-1,2018,greedy,50,55.1989006964,0,51,24
1,current-season-rate,-1,2018,optimizer,55,55.0289143163,0,51,19
1,hindsight,-1,2018,hindsight,158,0,0,51,0
1,historical-rate,-1,2018,greedy,45,59.4171855922,0,51,24
1,historical-rate,-1,2018,optimizer,46,59.5296855922,0,51,23
1,no-vegas,-1,2018,greedy,56,61.5145978085,0,51,22
1,no-vegas,-1,2018,optimizer,66,61.9371181635,0,51,15
1,player-vegas,-1,2018,greedy,49,61.6814775381,0,51,23
1,player-vegas,-1,2018,optimizer,46,61.8322960859,0,51,23
1,random,0,2018,greedy,16,86.3116032456,0,51,41
1,random,0,2018,optimizer,16,85.8835544808,0,51,41
1,random,1,2018,greedy,6,89.682483085,0,51,46
1,random,1,2018,optimizer,6,89.2450682751,0,51,46
1,random,2,2018,greedy,18,89.025557618,0,51,38
1,random,2,2018,optimizer,18,88.8517397018,0,51,38
1,random,3,2018,greedy,12,90.3202268453,0,51,45
1,random,3,2018,optimizer,12,90.0825766164,0,51,46
1,random,4,2018,greedy,9,89.9044381145,0,51,45
1,random,4,2018,optimizer,8,88.9073459001,0,51,46
1,random,5,2018,greedy,29,87.9091400663,0,51,35
1,random,5,2018,optimizer,28,87.9077290253,0,51,36
1,random,6,2018,greedy,29,88.1906765469,0,51,33
1,random,6,2018,optimizer,30,87.9612916537,0,51,33
1,random,7,2018,greedy,44,87.9430838833,0,51,27
1,random,7,2018,optimizer,45,87.5947835938,0,51,27
1,random,8,2018,greedy,10,89.3665358686,0,51,44
1,random,8,2018,optimizer,10,89.1448184179,0,51,44
1,random,9,2018,greedy,17,88.806156131,0,51,42
1,random,9,2018,optimizer,17,88.5785819866,0,51,42
1,random,10,2018,greedy,3,88.2583347146,0,51,48
1,random,10,2018,optimizer,3,89.0574045806,0,51,48
1,random,11,2018,greedy,25,87.5936129898,0,51,36
1,random,11,2018,optimizer,25,87.3657006946,0,51,36
1,random,12,2018,greedy,23,89.2404321316,0,51,37
1,random,12,2018,optimizer,21,89.2400939807,0,51,38
1,random,13,2018,greedy,17,89.7349660197,0,51,39
1,random,13,2018,optimizer,19,89.4238056392,0,51,38
1,random,14,2018,greedy,29,87.999706511,0,51,32
1,random,14,2018,optimizer,26,87.3258371906,0,51,33
1,random,15,2018,greedy,23,88.2198238976,0,51,35
1,random,15,2018,optimizer,23,88.2198238976,0,51,35
1,random,16,2018,greedy,17,89.2288962836,0,51,40
1,random,16,2018,optimizer,16,89.1495599291,0,51,41
1,random,17,2018,greedy,29,88.0333200212,0,51,38
1,random,17,2018,optimizer,25,87.7320448152,0,51,40
1,random,18,2018,greedy,14,90.3023026372,0,51,46
1,random,18,2018,optimizer,14,90.3023026372,0,51,46
1,random,19,2018,greedy,32,87.7560053544,0,51,32
1,random,19,2018,optimizer,25,87.2515453632,0,51,34
1,regressed-rate,-1,2018,greedy,48,49.7124505684,0,51,22
1,regressed-rate,-1,2018,optimizer,48,49.7124505684,0,51,22
1,shipped,-1,2018,greedy,61,65.4583983452,0,51,16
1,shipped,-1,2018,optimizer,60,66.9073268748,0,51,16
1,shipped,0,2018,random,56,56.081766023,0,51,21
1,shipped,1,2018,random,51,54.6551723511,0,51,22
1,shipped,2,2018,random,53,52.7513413851,0,51,22
1,shipped,3,2018,random,64,55.6945935692,0,51,19
1,shipped,4,2018,random,42,52.7144035967,0,51,25
1,shipped,5,2018,random,45,55.4949936848,0,51,19
1,shipped,6,2018,random,50,53.6472919686,0,51,24
1,shipped,7,2018,random,44,51.8547348272,0,51,26
1,shipped,8,2018,random,59,54.1347537807,0,51,19
1,shipped,9,2018,random,56,52.6820738081,0,51,23
1,shipped,10,2018,random,68,54.1802690052,0,51,18
1,shipped,11,2018,random,42,53.5132119055,0,51,26
1,shipped,12,2018,random,47,54.800746916,0,51,22
1,shipped,13,2018,random,39,54.4591164992,0,51,25
1,shipped,14,2018,random,64,52.2496191579,0,51,23
1,shipped,15,2018,random,48,53.2590345418,0,51,21
1,shipped,16,2018,random,48,52.5098006446,0,51,24
1,shipped,17,2018,random,44,54.4840938128,0,51,19
1,shipped,18,2018,random,52,53.7192261377,0,51,25
1,shipped,19,2018,random,41,51.1450240707,0,51,24
1,vegas-environment,-1,2018,greedy,55,41.0788457074,0,51,20
1,vegas-environment,-1,2018,optimizer,55,41.0445167903,0,51,20
1,within-player,0,2018,greedy,46,64.8484241685,0,51,21
1,within-player,0,2018,optimizer,52,66.8189224439,0,51,22
1,within-player,1,2018,greedy,50,64.4000826714,0,51,22
1,within-player,1,2018,optimizer,56,66.6829452719,0,51,23
1,within-player,2,2018,greedy,52,63.6670531362,0,51,20
1,within-player,2,2018,optimizer,56,68.1623888427,0,51,21
1,within-player,3,2018,greedy,55,64.065511003,0,51,17
1,within-player,3,2018,optimizer,44,67.2233690643,0,51,28
1,within-player,4,2018,greedy,62,63.667679002,0,51,20
1,within-player,4,2018,optimizer,50,68.2972138121,0,51,25
1,within-player,5,2018,greedy,56,63.9043056589,0,51,19
1,within-player,5,2018,optimizer,63,65.5553966699,0,51,23
1,within-player,6,2018,greedy,44,64.1405230994,0,51,22
1,within-player,6,2018,optimizer,44,65.8306693421,0,51,23
1,within-player,7,2018,greedy,52,63.7643874543,0,51,20
1,within-player,7,2018,optimizer,54,64.7417425566,0,51,25
1,within-player,8,2018,greedy,55,62.9320987807,0,51,18
1,within-player,8,2018,optimizer,54,67.6284855785,0,51,18
1,within-player,9,2018,greedy,51,66.2290506359,0,51,21
1,within-player,9,2018,optimizer,43,67.4485661431,0,51,23
1,within-player,10,2018,greedy,50,64.4207892916,0,51,20
1,within-player,10,2018,optimizer,50,68.0256577341,0,51,24
1,within-player,11,2018,greedy,51,63.1005660241,0,51,20
1,within-player,11,2018,optimizer,63,66.0335524177,0,51,21
1,within-player,12,2018,greedy,52,64.0541402358,0,51,20
1,within-player,12,2018,optimizer,55,68.1427991094,0,51,22
1,within-player,13,2018,greedy,52,64.2361949019,0,51,21
1,within-player,13,2018,optimizer,49,66.6706815482,0,51,21
1,within-player,14,2018,greedy,49,64.4406995609,0,51,19
1,within-player,14,2018,optimizer,52,68.2496338079,0,51,19
1,within-player,15,2018,greedy,55,63.898727571,0,51,19
1,within-player,15,2018,optimizer,66,66.0968061743,0,51,18
1,within-player,16,2018,greedy,56,63.2436735614,0,51,19
1,within-player,16,2018,optimizer,58,67.3320458221,0,51,17
1,within-player,17,2018,greedy,54,64.7470182809,0,51,20
1,within-player,17,2018,optimizer,66,67.4113631578,0,51,18
1,within-player,18,2018,greedy,46,65.6326938821,0,51,20
1,within-player,18,2018,optimizer,59,66.8948985273,0,51,23
1,within-player,19,2018,greedy,65,63.0747434895,0,51,15
1,within-player,19,2018,optimizer,49,66.727987485,0,51,22
1,base-rate-only,-1,2019,greedy,42,59.4517468158,0,51,30
1,base-rate-only,-1,2019,optimizer,40,59.6500208017,0,51,32
1,current-season-rate,-1,2019,greedy,40,57.645998785,0,51,31
1,current-season-rate,-1,2019,optimizer,40,57.645998785,0,51,31
1,hindsight,-1,2019,hindsight,161,0,0,51,0
1,historical-rate,-1,2019,greedy,44,64.9220492008,0,51,26
1,historical-rate,-1,2019,optimizer,39,65.4132992008,0,51,27
1,no-vegas,-1,2019,greedy,47,66.3837631323,0,51,31
1,no-vegas,-1,2019,optimizer,46,67.5556320848,0,51,26
1,player-vegas,-1,2019,greedy,38,65.2929054349,0,51,30
1,player-vegas,-1,2019,optimizer,38,65.2929054349,0,51,30
1,random,0,2019,greedy,9,85.6652197187,0,51,43
1,random,0,2019,optimizer,10,85.5954328281,0,51,42
1,random,1,2019,greedy,14,85.9666172084,0,51,43
1,random,1,2019,optimizer,14,85.8834731961,0,51,43
1,random,2,2019,greedy,9,84.0330167341,0,51,44
1,random,2,2019,optimizer,13,84.4801146013,0,51,43
1,random,3,2019,greedy,10,84.9396904053,0,51,42
1,random,3,2019,optimizer,13,84.0018623649,0,51,41
1,random,4,2019,greedy,13,84.978974821,0,51,43
1,random,4,2019,optimizer,16,84.9857648479,0,51,41
1,random,5,2019,greedy,14,84.6441768792,0,51,39
1,random,5,2019,optimizer,11,84.795298535,0,51,40
1,random,6,2019,greedy,29,83.4402124558,0,51,33
1,random,6,2019,optimizer,30,84.0171176393,0,51,31
1,random,7,2019,greedy,28,85.020374351,0,51,33
1,random,7,2019,optimizer,28,85.020374351,0,51,33
1,random,8,2019,greedy,12,84.7401531329,0,51,44
1,random,8,2019,optimizer,12,84.687742604,0,51,44
1,random,9,2019,greedy,19,85.2931507062,0,51,39
1,random,9,2019,optimizer,21,85.1932389932,0,51,37
1,random,10,2019,greedy,15,84.7061144016,0,51,44
1,random,10,2019,optimizer,14,85.2962684978,0,51,45
1,random,11,2019,greedy,21,85.3154251279,0,51,35
1,random,11,2019,optimizer,19,84.924164939,0,51,37
1,random,12,2019,greedy,14,84.4045276224,0,51,42
1,random,12,2019,optimizer,19,83.921779154,0,51,40
1,random,13,2019,greedy,22,85.0344398258,0,51,39
1,random,13,2019,optimizer,22,84.9425175621,0,51,39
1,random,14,2019,greedy,19,84.7131592052,0,51,37
1,random,14,2019,optimizer,19,84.5064231392,0,51,37
1,random,15,2019,greedy,15,84.8351138751,0,51,40
1,random,15,2019,optimizer,14,84.8304663971,0,51,41
1,random,16,2019,greedy,23,84.9196270583,0,51,39
1,random,16,2019,optimizer,20,84.977727334,0,51,40
1,random,17,2019,greedy,27,84.3071144464,0,51,35
1,random,17,2019,optimizer,27,84.2095980608,0,51,35
1,random,18,2019,greedy,22,84.7169183194,0,51,38
1,random,18,2019,optimizer,23,84.5577840316,0,51,37
1,random,19,2019,greedy,22,83.3550618875,0,51,38
1,random,19,2019,optimizer,22,83.1857317011,0,51,38
1,regressed-rate,-1,2019,greedy,34,56.8170354631,0,51,31
1,regressed-rate,-1,2019,optimizer,34,56.9270560161,0,51,30
1,shipped,-1,2019,greedy,54,68.0182772158,0,51,25
1,shipped,-1,2019,optimizer,42,72.7388293457,0,51,26
1,shipped,0,2019,random,47,57.947723304,0,51,26
1,shipped,1,2019,random,36,58.2816038048,0,51,27
1,shipped,2,2019,random,44,55.6106596092,0,51,29
1,shipped,3,2019,random,44,58.7097567159,0,51,28
1,shipped,4,2019,random,46,54.3197902824,0,51,25
1,shipped,5,2019,random,29,57.6889172561,0,51,27
1,shipped,6,2019,random,49,55.3075826395,0,51,24
1,shipped,7,2019,random,40,56.0408360891,0,51,25
1,shipped,8,2019,random,42,57.7337753973,0,51,27
1,shipped,9,2019,random,37,54.819677138,0,51,28
1,shipped,10,2019,random,41,56.7598423159,0,51,28
1,shipped,11,2019,random,44,56.8524347294,0,51,24
1,shipped,12,2019,random,38,59.1304985368,0,51,27
1,shipped,13,2019,random,46,55.592904653,0,51,29
1,shipped,14,2019,random,44,56.4071125835,0,51,23
1,shipped,15,2019,random,39,55.0340097597,0,51,23
1,shipped,16,2019,random,60,56.8283470453,0,51,18
1,shipped,17,2019,random,32,57.3633371414,0,51,31
1,shipped,18,2019,random,44,54.5995762902,0,51,25
1,shipped,19,2019,random,33,54.8162276186,0,51,30
1,vegas-environment,-1,2019,greedy,41,50.0536701185,0,51,28
1,vegas-environment,-1,2019,optimizer,37,50.1252221438,0,51,27
1,within-player,0,2019,greedy,49,68.8442412422,0,51,26
1,within-player,0,2019,optimizer,49,68.5398998442,0,51,22
1,within-player,1,2019,greedy,44,68.2538476882,0,51,26
1,within-player,1,2019,optimizer,57,68.0609396061,0,51,15
1,within-player,2,2019,greedy,34,68.391446178,0,51,31
1,within-player,2,2019,optimizer,52,68.1089741574,0,51,20
1,within-player,3,2019,greedy,56,66.4067853536,0,51,19
1,within-player,3,2019,optimizer,43,68.5167630144,0,51,24
1,within-player,4,2019,greedy,39,69.3954897723,0,51,27
1,within-player,4,2019,optimizer,38,70.7125597217,0,51,25
1,within-player,5,2019,greedy,46,69.8695177047,0,51,25
1,within-player,5,2019,optimizer,42,72.4384760888,0,51,24
1,within-player,6,2019,greedy,39,70.1672293757,0,51,28
1,within-player,6,2019,optimizer,43,68.0490191763,0,51,26
1,within-player,7,2019,greedy,38,69.3377184994,0,51,26
1,within-player,7,2019,optimizer,54,70.5752810446,0,51,20
1,within-player,8,2019,greedy,32,68.8038530543,0,51,31
1,within-player,8,2019,optimizer,39,68.8888114166,0,51,25
1,within-player,9,2019,greedy,52,69.5765138198,0,51,23
1,within-player,9,2019,optimizer,58,70.7504753842,0,51,20
1,within-player,10,2019,greedy,38,70.4394484597,0,51,29
1,within-player,10,2019,optimizer,39,70.6034479449,0,51,27
1,within-player,11,2019,greedy,46,70.1797586632,0,51,24
1,within-player,11,2019,optimizer,45,71.00020421,0,51,21
1,within-player,12,2019,greedy,41,70.1698206459,0,51,26
1,within-player,12,2019,optimizer,57,70.5894957739,0,51,17
1,within-player,13,2019,greedy,37,69.0615977613,0,51,30
1,within-player,13,2019,optimizer,41,68.2518600668,0,51,23
1,within-player,14,2019,greedy,49,68.4330512761,0,51,24
1,within-player,14,2019,optimizer,42,70.2036721346,0,51,23
1,within-player,15,2019,greedy,42,67.2786360006,0,51,27
1,within-player,15,2019,optimizer,53,69.5095728642,0,51,18
1,within-player,16,2019,greedy,47,67.7870189922,0,51,23
1,within-player,16,2019,optimizer,56,67.5282939989,0,51,16
1,within-player,17,2019,greedy,38,70.6306507157,0,51,26
1,within-player,17,2019,optimizer,41,72.3379267398,0,51,26
1,within-player,18,2019,greedy,35,69.3440949736,0,51,31
1,within-player,18,2019,optimizer,48,68.4281866072,0,51,24
1,within-player,19,2019,greedy,42,70.263171545,0,51,30
1,within-player,19,2019,optimizer,63,69.2853096083,0,51,21
1,base-rate-only,-1,2020,greedy,56,61.5006035204,0,51,22
1,base-rate-only,-1,2020,optimizer,56,61.5006035204,0,51,22
1,current-season-rate,-1,2020,greedy,54,59.2232302428,0,51,23
1,current-season-rate,-1,2020,optimizer,53,58.9375508701,0,51,23
1,hindsight,-1,2020,hindsight,161,0,0,51,0
1,historical-rate,-1,2020,greedy,44,62.401040626,0,51,27
1,historical-rate,-1,2020,optimizer,47,62.401040626,0,51,27
1,no-vegas,-1,2020,greedy,63,68.8178901002,0,51,18
1,no-vegas,-1,2020,optimizer,50,67.6228183225,0,51,26
1,player-vegas,-1,2020,greedy,55,65.8693311954,0,51,21
1,player-vegas,-1,2020,optimizer,57,65.7933512477,0,51,19
1,random,0,2020,greedy,25,93.1585248748,0,51,36
1,random,0,2020,optimizer,25,93.1585248748,0,51,36
1,random,1,2020,greedy,12,94.2980304502,0,51,43
1,random,1,2020,optimizer,13,94.2749239459,0,51,42
1,random,2,2020,greedy,14,94.5451340733,0,51,43
1,random,2,2020,optimizer,14,94.522027569,0,51,43
1,random,3,2020,greedy,13,93.490246324,0,51,43
1,random,3,2020,optimizer,15,93.2405971722,0,51,42
1,random,4,2020,greedy,9,93.975713867,0,51,46
1,random,4,2020,optimizer,9,93.9526073628,0,51,46
1,random,5,2020,greedy,42,93.2898974502,0,51,28
1,random,5,2020,optimizer,44,93.80219712,0,51,27
1,random,6,2020,greedy,23,92.7406273426,0,51,37
1,random,6,2020,optimizer,25,92.9670693863,0,51,37
1,random,7,2020,greedy,35,93.7849939487,0,51,31
1,random,7,2020,optimizer,37,93.0836598282,0,51,30
1,random,8,2020,greedy,27,93.5004318838,0,51,36
1,random,8,2020,optimizer,31,93.0052125813,0,51,34
1,random,9,2020,greedy,29,94.142157307,0,51,35
1,random,9,2020,optimizer,30,94.0430971044,0,51,34
1,random,10,2020,greedy,8,94.3526344906,0,51,45
1,random,10,2020,optimizer,7,91.9749180518,0,51,46
1,random,11,2020,greedy,24,92.3303447258,0,51,35
1,random,11,2020,optimizer,26,91.1818487054,0,51,34
1,random,12,2020,greedy,35,91.9566792541,0,51,28
1,random,12,2020,optimizer,33,90.6656750078,0,51,29
1,random,13,2020,greedy,18,93.8954435952,0,51,39
1,random,13,2020,optimizer,21,92.9008684807,0,51,38
1,random,14,2020,greedy,35,90.7330484902,0,51,34
1,random,14,2020,optimizer,33,89.5041223529,0,51,35
1,random,15,2020,greedy,23,92.9480931604,0,51,34
1,random,15,2020,optimizer,22,92.663204833,0,51,34
1,random,16,2020,greedy,11,93.4140179747,0,51,44
1,random,16,2020,optimizer,9,92.896132744,0,51,45
1,random,17,2020,greedy,17,92.235498774,0,51,39
1,random,17,2020,optimizer,11,91.183055517,0,51,42
1,random,18,2020,greedy,23,93.5309462767,0,51,40
1,random,18,2020,optimizer,23,93.5309462767,0,51,40
1,random,19,2020,greedy,36,91.9269554089,0,51,33
1,random,19,2020,optimizer,36,91.9269554089,0,51,33
1,regressed-rate,-1,2020,greedy,59,53.2483649249,0,51,19
1,regressed-rate,-1,2020,optimizer,57,53.367310188,0,51,21
1,shipped,-1,2020,greedy,65,70.7372545363,0,51,16
1,shipped,-1,2020,optimizer,55,72.2619069552,0,51,23
1,shipped,0,2020,random,49,60.0745396313,0,51,22
1,shipped,1,2020,random,61,58.5764452327,0,51,22
1,shipped,2,2020,random,45,56.7740959356,0,51,27
1,shipped,3,2020,random,63,60.1541801055,0,51,21
1,shipped,4,2020,random,58,56.1387818163,0,51,16
1,shipped,5,2020,random,65,58.611564093,0,51,14
1,shipped,6,2020,random,48,57.3365977059,0,51,29
1,shipped,7,2020,random,73,56.1240780017,0,51,15
1,shipped,8,2020,random,57,56.9371183698,0,51,21
1,shipped,9,2020,random,56,55.9391703561,0,51,22
1,shipped,10,2020,random,44,57.6315752066,0,51,24
1,shipped,11,2020,random,50,57.6360119472,0,51,23
1,shipped,12,2020,random,47,57.7265624745,0,51,28
1,shipped,13,2020,random,54,56.3412794743,0,51,23
1,shipped,14,2020,random,48,57.5854541107,0,51,24
1,shipped,15,2020,random,49,56.1765787452,0,51,27
1,shipped,16,2020,random,52,58.0141063465,0,51,20
1,shipped,17,2020,random,57,61.0662794381,0,51,22
1,shipped,18,2020,random,64,54.7936765348,0,51,17
1,shipped,19,2020,random,45,55.4839923081,0,51,29
1,vegas-environment,-1,2020,greedy,48,47.9653290792,0,51,25
1,vegas-environment,-1,2020,optimizer,48,47.9653290792,0,51,25
1,within-player,0,2020,greedy,57,72.4815693714,0,51,17
1,within-player,0,2020,optimizer,54,70.6918439592,0,51,23
1,within-player,1,2020,greedy,63,72.0171515628,0,51,21
1,within-player,1,2020,optimizer,56,77.0557793278,0,51,15
1,within-player,2,2020,greedy,48,71.2466876217,0,51,24
1,within-player,2,2020,optimizer,57,73.2927976934,0,51,21
1,within-player,3,2020,greedy,63,71.1355653323,0,51,17
1,within-player,3,2020,optimizer,54,72.6592720666,0,51,26
1,within-player,4,2020,greedy,65,71.7156580338,0,51,17
1,within-player,4,2020,optimizer,63,74.5086315887,0,51,18
1,within-player,5,2020,greedy,60,71.6092841448,0,51,19
1,within-player,5,2020,optimizer,52,72.7047711859,0,51,21
1,within-player,6,2020,greedy,60,69.9589133219,0,51,20
1,within-player,6,2020,optimizer,58,74.4346102171,0,51,19
1,within-player,7,2020,greedy,66,70.9817652791,0,51,17
1,within-player,7,2020,optimizer,72,72.2566351635,0,51,17
1,within-player,8,2020,greedy,58,70.243649194,0,51,19
1,within-player,8,2020,optimizer,48,74.5911458698,0,51,24
1,within-player,9,2020,greedy,67,69.1141427346,0,51,19
1,within-player,9,2020,optimizer,65,72.4012772316,0,51,21
1,within-player,10,2020,greedy,60,70.0281690823,0,51,13
1,within-player,10,2020,optimizer,66,75.416393814,0,51,17
1,within-player,11,2020,greedy,57,71.40587666,0,51,18
1,within-player,11,2020,optimizer,63,72.0931349179,0,51,19
1,within-player,12,2020,greedy,61,70.6668760709,0,51,19
1,within-player,12,2020,optimizer,57,75.9863675408,0,51,20
1,within-player,13,2020,greedy,65,69.5030405684,0,51,18
1,within-player,13,2020,optimizer,64,69.4506836255,0,51,21
1,within-player,14,2020,greedy,51,69.6774221762,0,51,20
1,within-player,14,2020,optimizer,57,73.4037547508,0,51,16
1,within-player,15,2020,greedy,65,70.7620378435,0,51,14
1,within-player,15,2020,optimizer,56,71.68972378,0,51,19
1,within-player,16,2020,greedy,59,73.0895555165,0,51,19
1,within-player,16,2020,optimizer,60,76.2340018047,0,51,19
1,within-player,17,2020,greedy,71,70.9975140036,0,51,14
1,within-player,17,2020,optimizer,61,74.5458963683,0,51,18
1,within-player,18,2020,greedy,58,69.8452329073,0,51,21
1,within-player,18,2020,optimizer,46,73.0025132843,0,51,23
1,within-player,19,2020,greedy,64,72.6537153537,0,51,18
1,within-player,19,2020,optimizer,52,72.8844583194,0,51,22
1,base-rate-only,-1,2021,greedy,42,65.9861218026,0,54,31
1,base-rate-only,-1,2021,optimizer,41,65.9316095947,0,54,32
1,current-season-rate,-1,2021,greedy,54,61.3385465878,0,54,22
1,current-season-rate,-1,2021,optimizer,49,61.1904881669,0,54,23
1,hindsight,-1,2021,hindsight,161,0,0,54,0
1,historical-rate,-1,2021,greedy,44,72.4572403291,0,54,31
1,historical-rate,-1,2021,optimizer,42,72.8041153291,0,54,31
1,no-vegas,-1,2021,greedy,43,72.9929015764,0,54,27
1,no-vegas,-1,2021,optimizer,60,74.4506699519,0,54,20
1,player-vegas,-1,2021,greedy,52,71.6950031046,0,54,26
1,player-vegas,-1,2021,optimizer,51,71.7888944222,0,54,27
1,random,0,2021,greedy,16,100.152405236,0,54,42
1,random,0,2021,optimizer,17,100.717287051,0,54,41
1,random,1,2021,greedy,11,101.053997488,0,54,45
1,random,1,2021,optimizer,11,100.674200456,0,54,45
1,random,2,2021,greedy,18,99.6536490001,0,54,44
1,random,2,2021,optimizer,18,100.51523424,0,54,45
1,random,3,2021,greedy,8,99.9712877519,0,54,50
1,random,3,2021,optimizer,8,99.5537139004,0,54,50
1,random,4,2021,greedy,12,102.405700133,0,54,45
1,random,4,2021,optimizer,12,102.356297794,0,54,45
1,random,5,2021,greedy,26,100.037709977,0,54,37
1,random,5,2021,optimizer,26,99.9450142276,0,54,37
1,random,6,2021,greedy,28,100.837149325,0,54,38
1,random,6,2021,optimizer,26,100.088667685,0,54,39
1,random,7,2021,greedy,38,98.0244861585,0,54,33
1,random,7,2021,optimizer,38,97.9869168522,0,54,33
1,random,8,2021,greedy,18,101.228335652,0,54,44
1,random,8,2021,optimizer,18,101.720949463,0,54,44
1,random,9,2021,greedy,29,100.017001189,0,54,37
1,random,9,2021,optimizer,29,99.9067193958,0,54,37
1,random,10,2021,greedy,6,100.538458813,0,54,51
1,random,10,2021,optimizer,6,99.1669530126,0,54,51
1,random,11,2021,greedy,21,99.0174762251,0,54,43
1,random,11,2021,optimizer,24,99.1083076088,0,54,40
1,random,12,2021,greedy,19,98.4130903603,0,54,40
1,random,12,2021,optimizer,17,98.7477689877,0,54,41
1,random,13,2021,greedy,31,101.475597834,0,54,35
1,random,13,2021,optimizer,32,101.332273475,0,54,34
1,random,14,2021,greedy,27,99.769632713,0,54,38
1,random,14,2021,optimizer,31,99.1387948449,0,54,36
1,random,15,2021,greedy,30,99.7324509407,0,54,34
1,random,15,2021,optimizer,32,98.424595763,0,54,32
1,random,16,2021,greedy,15,101.142082468,0,54,45
1,random,16,2021,optimizer,11,100.560846512,0,54,46
1,random,17,2021,greedy,20,101.624638822,0,54,41
1,random,17,2021,optimizer,20,101.606229593,0,54,41
1,random,18,2021,greedy,19,99.6247132917,0,54,45
1,random,18,2021,optimizer,25,99.4307035424,0,54,44
1,random,19,2021,greedy,42,99.7247330083,0,54,35
1,random,19,2021,optimizer,39,99.2727198909,0,54,37
1,regressed-rate,-1,2021,greedy,39,63.5828030172,0,54,30
1,regressed-rate,-1,2021,optimizer,38,63.5828030172,0,54,31
1,shipped,-1,2021,greedy,51,76.5497190622,0,54,23
1,shipped,-1,2021,optimizer,65,79.0402881656,0,54,17
1,shipped,0,2021,random,61,65.9112922948,0,54,16
1,shipped,1,2021,random,54,64.4690029647,0,54,23
1,shipped,2,2021,random,60,60.4872178754,0,54,23
1,shipped,3,2021,random,60,65.7930324756,0,54,19
1,shipped,4,2021,random,38,61.7280106861,0,54,33
1,shipped,5,2021,random,52,64.0224552729,0,54,25
1,shipped,6,2021,random,41,63.0111073987,0,54,28
1,shipped,7,2021,random,58,60.6516855147,0,54,25
1,shipped,8,2021,random,71,63.9748722361,0,54,21
1,shipped,9,2021,random,51,58.2726642851,0,54,27
1,shipped,10,2021,random,58,62.9480875633,0,54,24
1,shipped,11,2021,random,47,61.6231735562,0,54,27
1,shipped,12,2021,random,49,62.2766709905,0,54,24
1,shipped,13,2021,random,51,62.4630345567,0,54,24
1,shipped,14,2021,random,47,63.9023699223,0,54,27
1,shipped,15,2021,random,49,62.1522490651,0,54,20
1,shipped,16,2021,random,59,64.0007465859,0,54,22
1,shipped,17,2021,random,61,64.2066674232,0,54,22
1,shipped,18,2021,random,57,62.219802418,0,54,21
1,shipped,19,2021,random,52,58.5906422377,0,54,28
1,vegas-environment,-1,2021,greedy,65,54.7213306541,0,54,19
1,vegas-environment,-1,2021,optimizer,65,54.7213306541,0,54,19
1,within-player,0,2021,greedy,54,76.8706081369,0,54,27
1,within-player,0,2021,optimizer,55,81.626256121,0,54,25
1,within-player,1,2021,greedy,59,76.2187333945,0,54,23
1,within-player,1,2021,optimizer,53,75.1104528879,0,54,24
1,within-player,2,2021,greedy,54,77.1024221267,0,54,25
1,within-player,2,2021,optimizer,52,81.3803704555,0,54,23
1,within-player,3,2021,greedy,53,77.2317253047,0,54,22
1,within-player,3,2021,optimizer,60,79.2973149422,0,54,20
1,within-player,4,2021,greedy,56,76.0380631668,0,54,20
1,within-player,4,2021,optimizer,63,78.1404546144,0,54,18
1,within-player,5,2021,greedy,52,74.8288749081,0,54,22
1,within-player,5,2021,optimizer,55,75.9568816985,0,54,23
1,within-player,6,2021,greedy,48,75.458928083,0,54,23
1,within-player,6,2021,optimizer,47,78.9967706242,0,54,21
1,within-player,7,2021,greedy,52,78.4872902483,0,54,21
1,within-player,7,2021,optimizer,58,79.114100124,0,54,21
1,within-player,8,2021,greedy,53,78.0284286859,0,54,23
1,within-player,8,2021,optimizer,66,80.6066926995,0,54,17
1,within-player,9,2021,greedy,61,74.3223747357,0,54,15
1,within-player,9,2021,optimizer,62,75.7378200042,0,54,15
1,within-player,10,2021,greedy,57,75.5676541694,0,54,21
1,within-player,10,2021,optimizer,54,78.7513254044,0,54,23
1,within-player,11,2021,greedy,53,76.8037387455,0,54,26
1,within-player,11,2021,optimizer,52,79.6127864142,0,54,23
1,within-player,12,2021,greedy,55,78.7074120616,0,54,21
1,within-player,12,2021,optimizer,56,81.0667930247,0,54,17
1,within-player,13,2021,greedy,50,77.7152998663,0,54,24
1,within-player,13,2021,optimizer,52,78.8718602131,0,54,21
1,within-player,14,2021,greedy,53,77.2758218465,0,54,24
1,within-player,14,2021,optimizer,61,77.2154324172,0,54,24
1,within-player,15,2021,greedy,54,76.923157288,0,54,22
1,within-player,15,2021,optimizer,54,77.4771001363,0,54,23
1,within-player,16,2021,greedy,47,77.3809991453,0,54,26
1,within-player,16,2021,optimizer,56,78.1476904126,0,54,22
1,within-player,17,2021,greedy,57,75.4371658446,0,54,20
1,within-player,17,2021,optimizer,59,78.1461983441,0,54,18
1,within-player,18,2021,greedy,58,76.0089399521,0,54,22
1,within-player,18,2021,optimizer,51,78.4165306304,0,54,27
1,within-player,19,2021,greedy,58,74.9852525251,0,54,19
1,within-player,19,2021,optimizer,46,79.2787497465,0,54,26
1,base-rate-only,-1,2022,greedy,40,60.7324409887,0,54,30
1,base-rate-only,-1,2022,optimizer,42,61.1855715275,0,54,28
1,current-season-rate,-1,2022,greedy,40,56.2388173341,0,54,28
1,current-season-rate,-1,2022,optimizer,40,56.2388173341,0,54,28
1,hindsight,-1,2022,hindsight,163,0,0,54,0
1,historical-rate,-1,2022,greedy,34,66.5176149831,0,54,30
1,historical-rate,-1,2022,optimizer,34,66.623497336,0,54,29
1,no-vegas,-1,2022,greedy,49,65.2259901714,0,54,28
1,no-vegas,-1,2022,optimizer,50,67.6159735251,0,54,25
1,player-vegas,-1,2022,greedy,42,65.3486906319,0,54,28
1,player-vegas,-1,2022,optimizer,42,65.3486906319,0,54,28
1,random,0,2022,greedy,16,94.988597935,0,54,41
1,random,0,2022,optimizer,18,93.8482486473,0,54,40
1,random,1,2022,greedy,8,94.4032833989,0,54,48
1,random,1,2022,optimizer,7,93.4070545706,0,54,49
1,random,2,2022,greedy,8,94.8740657315,0,54,49
1,random,2,2022,optimizer,10,93.8867765893,0,54,49
1,random,3,2022,greedy,10,94.5378180159,0,54,45
1,random,3,2022,optimizer,10,94.3394299125,0,54,45
1,random,4,2022,greedy,6,95.1923906795,0,54,49
1,random,4,2022,optimizer,7,94.3149126938,0,54,48
1,random,5,2022,greedy,21,92.0812646555,0,54,39
1,random,5,2022,optimizer,21,92.698166378,0,54,39
1,random,6,2022,greedy,20,92.2143467642,0,54,38
1,random,6,2022,optimizer,25,91.8988564609,0,54,36
1,random,7,2022,greedy,34,93.2452885336,0,54,31
1,random,7,2022,optimizer,34,93.2452885336,0,54,31
1,random,8,2022,greedy,19,93.7611112548,0,54,44
1,random,8,2022,optimizer,20,93.6532446006,0,54,43
1,random,9,2022,greedy,18,92.5923403274,0,54,42
1,random,9,2022,optimizer,17,92.5424817444,0,54,43
1,random,10,2022,greedy,11,94.7230027117,0,54,48
1,random,10,2022,optimizer,11,94.248127954,0,54,48
1,random,11,2022,greedy,10,95.6203729623,0,54,46
1,random,11,2022,optimizer,10,95.5084117756,0,54,46
1,random,12,2022,greedy,21,93.8857245938,0,54,37
1,random,12,2022,optimizer,19,93.5054363729,0,54,38
1,random,13,2022,greedy,17,94.8769094967,0,54,41
1,random,13,2022,optimizer,17,94.8769094967,0,54,41
1,random,14,2022,greedy,22,95.0830792958,0,54,41
1,random,14,2022,optimizer,20,94.839318412,0,54,41
1,random,15,2022,greedy,17,94.981313963,0,54,42
1,random,15,2022,optimizer,17,94.8114904253,0,54,42
1,random,16,2022,greedy,13,94.2322829879,0,54,44
1,random,16,2022,optimizer,14,93.9886205095,0,54,43
1,random,17,2022,greedy,18,93.3892096988,0,54,38
1,random,17,2022,optimizer,18,93.3892096988,0,54,38
1,random,18,2022,greedy,15,94.5349267951,0,54,44
1,random,18,2022,optimizer,15,94.5349267951,0,54,44
1,random,19,2022,greedy,38,90.7937201514,0,54,33
1,random,19,2022,optimizer,37,90.2715091163,0,54,33
1,regressed-rate,-1,2022,greedy,43,58.4897606529,0,54,26
1,regressed-rate,-1,2022,optimizer,43,58.4897606529,0,54,26
1,shipped,-1,2022,greedy,48,67.310915145,0,54,28
1,shipped,-1,2022,optimizer,52,70.5496667431,0,54,25
1,shipped,0,2022,random,48,60.8873425142,0,54,27
1,shipped,1,2022,random,50,58.1657842092,0,54,22
1,shipped,2,2022,random,47,56.7427156778,0,54,25
1,shipped,3,2022,random,55,60.1792280899,0,54,24
1,shipped,4,2022,random,39,53.7760375621,0,54,25
1,shipped,5,2022,random,40,58.9347790063,0,54,27
1,shipped,6,2022,random,46,56.8088558157,0,54,27
1,shipped,7,2022,random,49,55.9780498772,0,54,24
1,shipped,8,2022,random,53,57.2575706043,0,54,21
1,shipped,9,2022,random,55,54.474884381,0,54,21
1,shipped,10,2022,random,39,57.3129314349,0,54,31
1,shipped,11,2022,random,48,56.0508960481,0,54,24
1,shipped,12,2022,random,42,56.4126782499,0,54,30
1,shipped,13,2022,random,46,56.5417281855,0,54,27
1,shipped,14,2022,random,46,59.7085535871,0,54,26
1,shipped,15,2022,random,35,54.8921231656,0,54,34
1,shipped,16,2022,random,44,57.628633336,0,54,27
1,shipped,17,2022,random,48,58.5323468932,0,54,26
1,shipped,18,2022,random,50,56.3679278367,0,54,25
1,shipped,19,2022,random,35,54.5760690363,0,54,28
1,vegas-environment,-1,2022,greedy,42,49.3293202339,0,54,30
1,vegas-environment,-1,2022,optimizer,42,49.3542137228,0,54,28
1,within-player,0,2022,greedy,44,67.8203248641,0,54,25
1,within-player,0,2022,optimizer,41,69.4256417495,0,54,28
1,within-player,1,2022,greedy,42,70.9807596013,0,54,27
1,within-player,1,2022,optimizer,44,70.244169298,0,54,25
1,within-player,2,2022,greedy,58,66.5409131182,0,54,24
1,within-player,2,2022,optimizer,46,70.5472148098,0,54,25
1,within-player,3,2022,greedy,57,70.0971543434,0,54,20
1,within-player,3,2022,optimizer,57,69.7842097128,0,54,21
1,within-player,4,2022,greedy,47,69.6336962442,0,54,25
1,within-player,4,2022,optimizer,39,71.2809647046,0,54,29
1,within-player,5,2022,greedy,46,70.6401257459,0,54,25
1,within-player,5,2022,optimizer,44,70.2956519855,0,54,28
1,within-player,6,2022,greedy,51,68.2486714396,0,54,21
1,within-player,6,2022,optimizer,46,69.8991439124,0,54,23
1,within-player,7,2022,greedy,48,69.704829267,0,54,25
1,within-player,7,2022,optimizer,44,72.8341008559,0,54,26
1,within-player,8,2022,greedy,42,68.8111591396,0,54,27
1,within-player,8,2022,optimizer,40,67.2963154797,0,54,27
1,within-player,9,2022,greedy,46,67.2681053814,0,54,27
1,within-player,9,2022,optimizer,53,70.3018979032,0,54,24
1,within-player,10,2022,greedy,43,68.7374972108,0,54,27
1,within-player,10,2022,optimizer,54,70.1466024446,0,54,25
1,within-player,11,2022,greedy,44,68.5125800657,0,54,24
1,within-player,11,2022,optimizer,44,69.76526245,0,54,20
1,within-player,12,2022,greedy,45,69.9460164159,0,54,25
1,within-player,12,2022,optimizer,49,71.0712649429,0,54,22
1,within-player,13,2022,greedy,49,69.3408396288,0,54,23
1,within-player,13,2022,optimizer,45,71.4092956736,0,54,26
1,within-player,14,2022,greedy,56,68.7611272656,0,54,18
1,within-player,14,2022,optimizer,49,68.4623531974,0,54,25
1,within-player,15,2022,greedy,50,67.1488259086,0,54,25
1,within-player,15,2022,optimizer,45,69.5326516671,0,54,25
1,within-player,16,2022,greedy,54,68.9101494702,0,54,22
1,within-player,16,2022,optimizer,49,69.6720328698,0,54,27
1,within-player,17,2022,greedy,46,69.446186523,0,54,24
1,within-player,17,2022,optimizer,48,70.9224767974,0,54,22
1,within-player,18,2022,greedy,53,68.6255175021,0,54,23
1,within-player,18,2022,optimizer,52,71.0854187017,0,54,19
1,within-player,19,2022,greedy,44,66.8944635027,0,54,28
1,within-player,19,2022,optimizer,46,70.29662236,0,54,27
1,base-rate-only,-1,2023,greedy,56,56.582832157,0,54,21
1,base-rate-only,-1,2023,optimizer,56,56.582832157,0,54,21
1,current-season-rate,-1,2023,greedy,45,55.1420378853,0,54,23
1,current-season-rate,-1,2023,optimizer,47,55.2819871157,0,54,22
1,hindsight,-1,2023,hindsight,158,0,0,54,0
1,historical-rate,-1,2023,greedy,31,61.0866070204,0,54,33
1,historical-rate,-1,2023,optimizer,33,61.2366070204,0,54,32
1,no-vegas,-1,2023,greedy,65,62.6301381121,0,54,15
1,no-vegas,-1,2023,optimizer,62,64.2798453505,0,54,17
1,player-vegas,-1,2023,greedy,56,60.0106553913,0,54,21
1,player-vegas,-1,2023,optimizer,56,60.0106553913,0,54,21
1,random,0,2023,greedy,24,93.3391859315,0,54,35
1,random,0,2023,optimizer,27,92.5728544535,0,54,35
1,random,1,2023,greedy,17,91.9141690769,0,54,41
1,random,1,2023,optimizer,14,91.4627182425,0,54,42
1,random,2,2023,greedy,16,91.1952483575,0,54,44
1,random,2,2023,optimizer,18,91.0935321777,0,54,42
1,random,3,2023,greedy,6,91.6730072716,0,54,50
1,random,3,2023,optimizer,8,91.6100476731,0,54,49
1,random,4,2023,greedy,16,92.9109848145,0,54,43
1,random,4,2023,optimizer,16,92.9042640533,0,54,43
1,random,5,2023,greedy,22,91.4102336023,0,54,39
1,random,5,2023,optimizer,22,90.8626607779,0,54,39
1,random,6,2023,greedy,21,91.0060237851,0,54,41
1,random,6,2023,optimizer,19,90.8345701894,0,54,40
1,random,7,2023,greedy,38,92.5842283707,0,54,31
1,random,7,2023,optimizer,36,92.0754815303,0,54,30
1,random,8,2023,greedy,24,92.8410365703,0,54,38
1,random,8,2023,optimizer,22,92.2576317004,0,54,39
1,random,9,2023,greedy,22,92.6460568435,0,54,41
1,random,9,2023,optimizer,23,92.0438718154,0,54,40
1,random,10,2023,greedy,11,91.7122963863,0,54,48
1,random,10,2023,optimizer,9,91.3380204784,0,54,49
1,random,11,2023,greedy,16,92.5859710821,0,54,42
1,random,11,2023,optimizer,13,91.9484032252,0,54,44
1,random,12,2023,greedy,26,91.5051500986,0,54,38
1,random,12,2023,optimizer,26,91.4415655606,0,54,39
1,random,13,2023,greedy,11,94.2424761801,0,54,45
1,random,13,2023,optimizer,11,93.5290505508,0,54,45
1,random,14,2023,greedy,28,93.123251445,0,54,38
1,random,14,2023,optimizer,26,92.844357443,0,54,39
1,random,15,2023,greedy,30,90.3675256668,0,54,39
1,random,15,2023,optimizer,31,90.314256861,0,54,38
1,random,16,2023,greedy,20,93.9409621417,0,54,40
1,random,16,2023,optimizer,21,93.2460147296,0,54,39
1,random,17,2023,greedy,19,91.5249302864,0,54,41
1,random,17,2023,optimizer,20,91.1390187548,0,54,40
1,random,18,2023,greedy,20,91.071468902,0,54,41
1,random,18,2023,optimizer,20,90.9732316527,0,54,41
1,random,19,2023,greedy,31,91.1843804724,0,54,37
1,random,19,2023,optimizer,30,91.2842801589,0,54,37
1,regressed-rate,-1,2023,greedy,39,53.5176605928,0,54,33
1,regressed-rate,-1,2023,optimizer,39,53.5176605928,0,54,33
1,shipped,-1,2023,greedy,61,66.7085773714,0,54,17
1,shipped,-1,2023,optimizer,69,68.6689469659,0,54,17
1,shipped,0,2023,random,52,55.4284952255,0,54,29
1,shipped,1,2023,random,55,56.652913211,0,54,23
1,shipped,2,2023,random,41,52.7693945014,0,54,29
1,shipped,3,2023,random,64,56.2750450824,0,54,21
1,shipped,4,2023,random,42,52.1105969514,0,54,30
1,shipped,5,2023,random,53,53.3116351623,0,54,24
1,shipped,6,2023,random,53,55.1245057412,0,54,26
1,shipped,7,2023,random,45,52.5796059438,0,54,25
1,shipped,8,2023,random,55,54.755499166,0,54,23
1,shipped,9,2023,random,46,51.1874932095,0,54,26
1,shipped,10,2023,random,34,52.6051416107,0,54,33
1,shipped,11,2023,random,42,54.6933788686,0,54,28
1,shipped,12,2023,random,39,53.9949185214,0,54,29
1,shipped,13,2023,random,47,52.2747703809,0,54,29
1,shipped,14,2023,random,44,53.9067602954,0,54,23
1,shipped,15,2023,random,38,50.8934846543,0,54,27
1,shipped,16,2023,random,47,55.6990368322,0,54,27
1,shipped,17,2023,random,37,55.397021799,0,54,31
1,shipped,18,2023,random,40,53.2249273668,0,54,31
1,shipped,19,2023,random,46,52.4868198537,0,54,25
1,vegas-environment,-1,2023,greedy,39,47.5352245219,0,54,31
1,vegas-environment,-1,2023,optimizer,38,47.5394155486,0,54,30
1,within-player,0,2023,greedy,62,64.4079169291,0,54,17
1,within-player,0,2023,optimizer,60,65.8083656877,0,54,23
1,within-player,1,2023,greedy,46,66.322432272,0,54,22
1,within-player,1,2023,optimizer,42,69.7359875006,0,54,27
1,within-player,2,2023,greedy,58,63.5964334974,0,54,20
1,within-player,2,2023,optimizer,50,67.3679846317,0,54,24
1,within-player,3,2023,greedy,59,65.4380891171,0,54,16
1,within-player,3,2023,optimizer,45,69.5850717556,0,54,26
1,within-player,4,2023,greedy,57,65.7078640368,0,54,19
1,within-player,4,2023,optimizer,44,67.8076026058,0,54,23
1,within-player,5,2023,greedy,43,65.944127554,0,54,25
1,within-player,5,2023,optimizer,39,68.4676831544,0,54,30
1,within-player,6,2023,greedy,50,64.7542966473,0,54,21
1,within-player,6,2023,optimizer,50,65.1873511273,0,54,23
1,within-player,7,2023,greedy,42,67.3153684381,0,54,25
1,within-player,7,2023,optimizer,47,67.2671297712,0,54,29
1,within-player,8,2023,greedy,48,64.3831933959,0,54,25
1,within-player,8,2023,optimizer,49,68.3435862998,0,54,21
1,within-player,9,2023,greedy,47,66.9300415462,0,54,26
1,within-player,9,2023,optimizer,43,68.8677791631,0,54,29
1,within-player,10,2023,greedy,56,64.6846730229,0,54,18
1,within-player,10,2023,optimizer,59,67.6434330096,0,54,20
1,within-player,11,2023,greedy,52,66.532628271,0,54,19
1,within-player,11,2023,optimizer,53,66.8783431121,0,54,22
1,within-player,12,2023,greedy,56,63.5443006812,0,54,20
1,within-player,12,2023,optimizer,58,67.7482885547,0,54,20
1,within-player,13,2023,greedy,60,65.0253992481,0,54,17
1,within-player,13,2023,optimizer,59,66.8556300344,0,54,24
1,within-player,14,2023,greedy,55,66.0047269976,0,54,20
1,within-player,14,2023,optimizer,42,66.8395402972,0,54,28
1,within-player,15,2023,greedy,54,65.6833923965,0,54,22
1,within-player,15,2023,optimizer,57,67.5734020867,0,54,16
1,within-player,16,2023,greedy,51,65.4725516103,0,54,18
1,within-player,16,2023,optimizer,57,66.4825214621,0,54,23
1,within-player,17,2023,greedy,50,65.6488210562,0,54,21
1,within-player,17,2023,optimizer,50,65.1128585449,0,54,23
1,within-player,18,2023,greedy,46,66.0965739927,0,54,25
1,within-player,18,2023,optimizer,48,68.2950798024,0,54,25
1,within-player,19,2023,greedy,47,66.0234360172,0,54,26
1,within-player,19,2023,optimizer,40,63.9106625623,0,54,29
1,base-rate-only,-1,2024,greedy,62,59.4829320533,0,54,22
1,base-rate-only,-1,2024,optimizer,60,59.6245380878,0,54,22
1,current-season-rate,-1,2024,greedy,41,55.7019730824,0,54,26
1,current-season-rate,-1,2024,optimizer,41,55.7019730824,0,54,26
1,hindsight,-1,2024,hindsight,165,0,0,54,0
1,historical-rate,-1,2024,greedy,45,64.5860238005,0,54,28
1,historical-rate,-1,2024,optimizer,41,64.7828988005,0,54,30
1,no-vegas,-1,2024,greedy,50,67.7331725465,0,54,25
1,no-vegas,-1,2024,optimizer,57,68.018147108,0,54,22
1,player-vegas,-1,2024,greedy,53,63.7765615732,0,54,29
1,player-vegas,-1,2024,optimizer,56,64.1340978245,0,54,28
1,random,0,2024,greedy,28,88.2587043212,0,54,36
1,random,0,2024,optimizer,27,87.805393879,0,54,37
1,random,1,2024,greedy,15,88.9840119067,0,54,44
1,random,1,2024,optimizer,17,88.7418060896,0,54,43
1,random,2,2024,greedy,26,87.7438695612,0,54,38
1,random,2,2024,optimizer,25,87.643628807,0,54,38
1,random,3,2024,greedy,17,88.2819777414,0,54,43
1,random,3,2024,optimizer,17,88.3940250244,0,54,43
1,random,4,2024,greedy,6,87.5973135195,0,54,50
1,random,4,2024,optimizer,6,87.5973135195,0,54,50
1,random,5,2024,greedy,28,85.8320073796,0,54,37
1,random,5,2024,optimizer,28,86.0637114619,0,54,37
1,random,6,2024,greedy,22,86.3733480537,0,54,38
1,random,6,2024,optimizer,22,86.3467100414,0,54,38
1,random,7,2024,greedy,44,87.3249234091,0,54,31
1,random,7,2024,optimizer,45,87.3626547076,0,54,30
1,random,8,2024,greedy,29,88.026702331,0,54,39
1,random,8,2024,optimizer,26,87.4520846398,0,54,41
1,random,9,2024,greedy,24,86.2837197689,0,54,39
1,random,9,2024,optimizer,24,86.2770128571,0,54,39
1,random,10,2024,greedy,6,88.7265000569,0,54,50
1,random,10,2024,optimizer,6,88.624905966,0,54,50
1,random,11,2024,greedy,20,87.4612485816,0,54,39
1,random,11,2024,optimizer,26,87.6919975865,0,54,36
1,random,12,2024,greedy,23,87.0625024732,0,54,39
1,random,12,2024,optimizer,23,86.9488187894,0,54,39
1,random,13,2024,greedy,26,85.8859055656,0,54,36
1,random,13,2024,optimizer,26,85.8859055656,0,54,36
1,random,14,2024,greedy,20,87.5452172473,0,54,40
1,random,14,2024,optimizer,20,87.4546442623,0,54,40
1,random,15,2024,greedy,31,86.9272777959,0,54,36
1,random,15,2024,optimizer,26,86.168804393,0,54,39
1,random,16,2024,greedy,12,88.6216077263,0,54,47
1,random,16,2024,optimizer,11,87.8167981962,0,54,47
1,random,17,2024,greedy,24,88.6160180486,0,54,39
1,random,17,2024,optimizer,24,88.5144239577,0,54,39
1,random,18,2024,greedy,15,88.4615572403,0,54,44
1,random,18,2024,optimizer,17,88.171998895,0,54,42
1,random,19,2024,greedy,35,86.4726819495,0,54,36
1,random,19,2024,optimizer,33,86.8926909457,0,54,37
1,regressed-rate,-1,2024,greedy,49,55.5039656509,0,54,23
1,regressed-rate,-1,2024,optimizer,46,55.6673325705,0,54,24
1,shipped,-1,2024,greedy,48,69.859564789,0,54,24
1,shipped,-1,2024,optimizer,55,72.1865944485,0,54,21
1,shipped,0,2024,random,57,57.7465410866,0,54,20
1,shipped,1,2024,random,61,55.8909855223,0,54,20
1,shipped,2,2024,random,45,54.3803990517,0,54,25
1,shipped,3,2024,random,71,57.8799199575,0,54,17
1,shipped,4,2024,random,57,54.6324851401,0,54,22
1,shipped,5,2024,random,46,56.2229358272,0,54,27
1,shipped,6,2024,random,41,55.7999626806,0,54,29
1,shipped,7,2024,random,46,54.2092329924,0,54,26
1,shipped,8,2024,random,45,56.9206012029,0,54,23
1,shipped,9,2024,random,38,54.0913488976,0,54,31
1,shipped,10,2024,random,48,54.5797198837,0,54,26
1,shipped,11,2024,random,61,55.0943039716,0,54,22
1,shipped,12,2024,random,44,57.0703798765,0,54,29
1,shipped,13,2024,random,44,54.2747350528,0,54,28
1,shipped,14,2024,random,49,58.3508985994,0,54,25
1,shipped,15,2024,random,53,53.6650204273,0,54,23
1,shipped,16,2024,random,40,57.1050675539,0,54,29
1,shipped,17,2024,random,55,57.9737723521,0,54,25
1,shipped,18,2024,random,43,56.719479207,0,54,27
1,shipped,19,2024,random,54,53.45426675,0,54,23
1,vegas-environment,-1,2024,greedy,45,46.9314705258,0,54,30
1,vegas-environment,-1,2024,optimizer,43,46.9183826825,0,54,30
1,within-player,0,2024,greedy,47,68.4991156894,0,54,21
1,within-player,0,2024,optimizer,50,69.2466116569,0,54,23
1,within-player,1,2024,greedy,51,69.1134978072,0,54,22
1,within-player,1,2024,optimizer,44,70.2340153969,0,54,26
1,within-player,2,2024,greedy,54,67.3586010613,0,54,21
1,within-player,2,2024,optimizer,40,68.8658215811,0,54,28
1,within-player,3,2024,greedy,56,71.5345760112,0,54,27
1,within-player,3,2024,optimizer,49,73.3632982384,0,54,28
1,within-player,4,2024,greedy,61,69.5266560783,0,54,24
1,within-player,4,2024,optimizer,48,70.6619708545,0,54,27
1,within-player,5,2024,greedy,51,69.6500981286,0,54,23
1,within-player,5,2024,optimizer,53,66.1941312238,0,54,22
1,within-player,6,2024,greedy,48,68.8062572904,0,54,26
1,within-player,6,2024,optimizer,52,68.0098181274,0,54,27
1,within-player,7,2024,greedy,59,68.5865973347,0,54,21
1,within-player,7,2024,optimizer,52,68.6862161735,0,54,21
1,within-player,8,2024,greedy,54,68.5109767796,0,54,23
1,within-player,8,2024,optimizer,55,69.0529475141,0,54,24
1,within-player,9,2024,greedy,48,71.0983083835,0,54,27
1,within-player,9,2024,optimizer,54,69.3581401352,0,54,22
1,within-player,10,2024,greedy,57,69.4664478752,0,54,25
1,within-player,10,2024,optimizer,58,70.3444570724,0,54,23
1,within-player,11,2024,greedy,47,67.6777979049,0,54,26
1,within-player,11,2024,optimizer,55,71.5969816119,0,54,23
1,within-player,12,2024,greedy,48,68.9311681578,0,54,25
1,within-player,12,2024,optimizer,54,68.8094691117,0,54,20
1,within-player,13,2024,greedy,42,69.2437121512,0,54,23
1,within-player,13,2024,optimizer,42,69.6643037457,0,54,29
1,within-player,14,2024,greedy,55,69.8370541211,0,54,20
1,within-player,14,2024,optimizer,48,70.0478081276,0,54,27
1,within-player,15,2024,greedy,43,72.5007512004,0,54,29
1,within-player,15,2024,optimizer,44,70.9306580884,0,54,28
1,within-player,16,2024,greedy,58,68.0726622572,0,54,20
1,within-player,16,2024,optimizer,48,68.174594198,0,54,25
1,within-player,17,2024,greedy,45,69.8935819407,0,54,26
1,within-player,17,2024,optimizer,55,70.6859013226,0,54,20
1,within-player,18,2024,greedy,51,67.2288890213,0,54,23
1,within-player,18,2024,optimizer,49,67.4630919606,0,54,21
1,within-player,19,2024,greedy,46,68.8884461284,0,54,23
1,within-player,19,2024,optimizer,61,69.2337444578,0,54,18
1,base-rate-only,-1,2025,greedy,46,61.1535587768,0,54,26
1,base-rate-only,-1,2025,optimizer,43,61.4667981885,0,54,28
1,current-season-rate,-1,2025,greedy,48,56.6519436572,0,54,25
1,current-season-rate,-1,2025,optimizer,54,56.4275369888,0,54,23
1,hindsight,-1,2025,hindsight,168,0,0,54,0
1,historical-rate,-1,2025,greedy,37,66.6404999412,0,54,32
1,historical-rate,-1,2025,optimizer,40,66.7583570841,0,54,33
1,no-vegas,-1,2025,greedy,55,66.3407609664,0,54,24
1,no-vegas,-1,2025,optimizer,61,69.0764022377,0,54,20
1,player-vegas,-1,2025,greedy,50,64.968821244,0,54,25
1,player-vegas,-1,2025,optimizer,51,65.3379828863,0,54,25
1,random,0,2025,greedy,15,93.5255211464,0,54,44
1,random,0,2025,optimizer,15,93.467886645,0,54,44
1,random,1,2025,greedy,12,92.6157176014,0,54,45
1,random,1,2025,optimizer,11,92.1838225397,0,54,46
1,random,2,2025,greedy,16,94.5224815282,0,54,43
1,random,2,2025,optimizer,15,93.6487721382,0,54,44
1,random,3,2025,greedy,22,92.9920391319,0,54,41
1,random,3,2025,optimizer,24,92.7286240258,0,54,41
1,random,4,2025,greedy,12,94.3956857688,0,54,47
1,random,4,2025,optimizer,12,93.6426980638,0,54,47
1,random,5,2025,greedy,30,91.8256723839,0,54,40
1,random,5,2025,optimizer,27,91.2410187411,0,54,41
1,random,6,2025,greedy,20,93.1938071241,0,54,42
1,random,6,2025,optimizer,23,92.2345853096,0,54,39
1,random,7,2025,greedy,40,91.4160779587,0,54,33
1,random,7,2025,optimizer,41,91.3651100272,0,54,32
1,random,8,2025,greedy,25,93.5946713936,0,54,44
1,random,8,2025,optimizer,25,93.7535223503,0,54,44
1,random,9,2025,greedy,24,94.2225361836,0,54,41
1,random,9,2025,optimizer,24,94.1650807781,0,54,41
1,random,10,2025,greedy,5,92.6035912788,0,54,50
1,random,10,2025,optimizer,4,91.8560972949,0,54,51
1,random,11,2025,greedy,25,92.5357189805,0,54,43
1,random,11,2025,optimizer,21,92.1079069702,0,54,44
1,random,12,2025,greedy,27,93.9825011055,0,54,37
1,random,12,2025,optimizer,27,93.4678530065,0,54,37
1,random,13,2025,greedy,19,93.968361944,0,54,39
1,random,13,2025,optimizer,17,93.7043607422,0,54,41
1,random,14,2025,greedy,33,93.3371545599,0,54,38
1,random,14,2025,optimizer,34,92.9481754526,0,54,38
1,random,15,2025,greedy,19,91.4993737904,0,54,40
1,random,15,2025,optimizer,19,91.5633505122,0,54,40
1,random,16,2025,greedy,22,93.4807414881,0,54,39
1,random,16,2025,optimizer,21,93.5222331248,0,54,40
1,random,17,2025,greedy,27,93.3234500738,0,54,38
1,random,17,2025,optimizer,27,93.3234500738,0,54,38
1,random,18,2025,greedy,22,93.3102451096,0,54,42
1,random,18,2025,optimizer,16,92.6265617392,0,54,43
1,random,19,2025,greedy,36,91.7060729804,0,54,32
1,random,19,2025,optimizer,35,92.3032124209,0,54,33
1,regressed-rate,-1,2025,greedy,43,57.6663403072,0,54,30
1,regressed-rate,-1,2025,optimizer,47,57.7665486936,0,54,27
1,shipped,-1,2025,greedy,71,70.0614052821,0,54,15
1,shipped,-1,2025,optimizer,72,72.1645500393,0,54,20
1,shipped,0,2025,random,55,60.2871935873,0,54,26
1,shipped,1,2025,random,41,59.6025302866,0,54,27
1,shipped,2,2025,random,49,58.4160507732,0,54,26
1,shipped,3,2025,random,39,60.6482574062,0,54,28
1,shipped,4,2025,random,49,57.2997994929,0,54,23
1,shipped,5,2025,random,58,59.5420120541,0,54,22
1,shipped,6,2025,random,47,56.3461938032,0,54,26
1,shipped,7,2025,random,56,55.3107745587,0,54,21
1,shipped,8,2025,random,58,58.14461623,0,54,24
1,shipped,9,2025,random,42,57.3834807597,0,54,26
1,shipped,10,2025,random,54,58.9788376316,0,54,23
1,shipped,11,2025,random,49,56.6146027181,0,54,27
1,shipped,12,2025,random,38,57.9745196547,0,54,29
1,shipped,13,2025,random,55,58.0725054692,0,54,21
1,shipped,14,2025,random,47,58.6824977507,0,54,25
1,shipped,15,2025,random,44,54.7562277751,0,54,26
1,shipped,16,2025,random,54,58.5555235814,0,54,22
1,shipped,17,2025,random,44,58.7975856639,0,54,23
1,shipped,18,2025,random,50,56.4574092706,0,54,25
1,shipped,19,2025,random,46,55.7248817725,0,54,26
1,vegas-environment,-1,2025,greedy,57,49.7116151743,0,54,21
1,vegas-environment,-1,2025,optimizer,57,49.7116151743,0,54,21
1,within-player,0,2025,greedy,64,69.2340545305,0,54,19
1,within-player,0,2025,optimizer,55,72.9556274563,0,54,22
1,within-player,1,2025,greedy,57,68.1549963067,0,54,22
1,within-player,1,2025,optimizer,48,71.3719682262,0,54,29
1,within-player,2,2025,greedy,56,69.4685723977,0,54,23
1,within-player,2,2025,optimizer,45,71.6907168938,0,54,22
1,within-player,3,2025,greedy,51,69.489174429,0,54,23
1,within-player,3,2025,optimizer,50,72.6487322033,0,54,26
1,within-player,4,2025,greedy,57,67.8410979705,0,54,20
1,within-player,4,2025,optimizer,62,70.8741722542,0,54,22
1,within-player,5,2025,greedy,69,68.1619673768,0,54,17
1,within-player,5,2025,optimizer,66,68.5510914923,0,54,21
1,within-player,6,2025,greedy,55,69.0488941112,0,54,21
1,within-player,6,2025,optimizer,45,70.2204043113,0,54,21
1,within-player,7,2025,greedy,63,69.8216829253,0,54,21
1,within-player,7,2025,optimizer,56,73.8386052031,0,54,24
1,within-player,8,2025,greedy,56,69.7858407585,0,54,22
1,within-player,8,2025,optimizer,51,71.7094724943,0,54,24
1,within-player,9,2025,greedy,55,70.2720637046,0,54,23
1,within-player,9,2025,optimizer,59,70.1806409314,0,54,26
1,within-player,10,2025,greedy,49,68.4066958888,0,54,23
1,within-player,10,2025,optimizer,40,71.3897211065,0,54,26
1,within-player,11,2025,greedy,52,67.7346623372,0,54,21
1,within-player,11,2025,optimizer,54,70.5744598747,0,54,19
1,within-player,12,2025,greedy,62,69.9304227486,0,54,20
1,within-player,12,2025,optimizer,50,72.4655430277,0,54,25
1,within-player,13,2025,greedy,69,70.7085523997,0,54,17
1,within-player,13,2025,optimizer,65,71.8228772505,0,54,18
1,within-player,14,2025,greedy,56,68.4981335621,0,54,25
1,within-player,14,2025,optimizer,49,70.1220604813,0,54,26
1,within-player,15,2025,greedy,48,69.2059155764,0,54,25
1,within-player,15,2025,optimizer,47,71.4399206983,0,54,25
1,within-player,16,2025,greedy,53,67.904005312,0,54,26
1,within-player,16,2025,optimizer,54,71.4135916559,0,54,22
1,within-player,17,2025,greedy,56,69.5997496191,0,54,21
1,within-player,17,2025,optimizer,52,71.7991020605,0,54,20
1,within-player,18,2025,greedy,57,70.3005317726,0,54,23
1,within-player,18,2025,optimizer,56,72.012864035,0,54,23
1,within-player,19,2025,greedy,66,67.9358323545,0,54,19
1,within-player,19,2025,optimizer,52,69.0348796529,0,54,26
